job_id,title,salary_raw,salary_low,salary_high,salary_mid,is_daily_wage,city,district,company,industry,comp_type,comp_size,degree,exp_level,welfare,welfare_n,skill_text,job_url,token_str
1,2027应届-船体结构审图工程师,1.2-1.5万,1200.0,15000.0,8100.0,False,上海,,劳氏船级社（中国）有限公司,船舶/航空/航天,未标明,500-1000人,不限,无经验友好,船体|审图|船舶|五险一金|定期体检|带薪年假|专业培训|通讯补贴|餐饮补贴|补充医疗保险|交通补贴|节日福利|员工旅游|项目奖金|带薪病假|周末双休|培训,17,2027应届 船体结构审图工程师 船体 审图 船舶 五险一金 定期体检 带薪年假 专业培训 通讯补贴 餐饮补贴 补充医疗保险 交通补贴 节日福利 员工旅游 项目奖金 带薪病假 周末双休 培训 船舶 航空 航天 外资 欧美 500 1000人 2027应届 船体结构审图工程师 1.2 1.5万 上海 船体 审图 船舶 五险一金 定期体检 带薪年假 专业培训 通讯补贴 餐饮补贴 补充医疗保险 交通补贴 节日福利 员工旅游 项目奖金 带薪病假 周末双休 培训 劳氏船级社 中国 有限公司 船舶 航空 航天外资 欧美 500 1000人 去聊聊 投递,,应届 船体 结构 审图 工程师 船体 审图 船舶 一金 定期 体检 专业培训 通讯 补贴 餐饮 补贴 补充 医疗保险 交通 补贴 节日 员工 旅游 项目 奖金 病假 周末 双休 培训 船舶 航空 航天 外资 欧美 应届 船体 结构 审图 工程师 上海 船体 审图 船舶 一金 定期 体检 专业培训 通讯 补贴 餐饮 补贴 补充 医疗保险 交通 补贴 节日 员工 旅游 项目 奖金 病假 周末 双休 培训 劳氏 船级社 中国 有限公司 船舶 航空 航天 外资 欧美 聊聊 投递
2,机械员实习生,200元/天,200.0,200.0,4350.0,True,上海,,上海普惠飞机发动机维修有限公司,船舶/航空/航天,合资,150-500人,不限,未标明,英语|焊接|机加工|机械工程|cet_4|英文技术资料|航空行业|喷涂|定期体检|专业培训|做五休二|免费班车,12,机械员实习生 英语 焊接 机加工 机械工程 cet 4 英文技术资料 航空行业 喷涂 定期体检 专业培训 做五休二 免费班车 船舶 航空 航天 合资 150 500人 机械员实习生 200元 天 上海 本周处理简历1次 英语 焊接 机加工 机械工程 cet 4 英文技术资料 航空行业 喷涂 定期体检 专业培训 做五休二 免费班车 上海普惠飞机发动机维修有限公司 船舶 航空 航天合资150 500人 去聊聊 投递,,机械 实习生 英语 焊接 机加工 机械工程 cet 英文 技术 资料 航空 行业 喷涂 定期 体检 专业培训 做五休 免费 班车 船舶 航空 航天 合资 机械 实习生 上海 本周 处理 简历 英语 焊接 机加工 机械工程 cet 英文 技术 资料 航空 行业 喷涂 定期 体检 专业培训 做五休 免费 班车 上海 普惠 飞机 发动机 维修 有限公司 船舶 航空 航天 合资 聊聊 投递
3,ENGEL上海技术培训生,6.5-8千·13薪,6500.0,8000.0,7250.0,False,上海,,恩格尔机械（上海）有限公司,机械/设备/重工,未标明,150-500人,本科,无经验友好,技术培训生|机械设计|电气工程|CAD|应届本科|轮岗,6,ENGEL上海技术培训生 技术培训生 机械设计 电气工程 CAD 应届本科 轮岗 机械 设备 重工 外资 欧美 150 500人 ENGEL上海技术培训生 6.5 8千 13薪 上海 技术培训生 机械设计 电气工程 CAD 应届本科 轮岗 恩格尔机械 上海 有限公司 机械 设备 重工外资 欧美 150 500人 投递,,ENGEL 上海 技术 培训生 技术 培训生 机械设计 电气工程 CAD 应届 本科 轮岗 机械 设备 重工 外资 欧美 ENGEL 上海 技术 培训生 上海 技术 培训生 机械设计 电气工程 CAD 应届 本科 轮岗 恩格尔 机械 上海 有限公司 机械 设备 重工 外资 欧美 投递
4,阀门管培生,6-8千,6000.0,8000.0,7000.0,False,上海,浦东新区,上海浦东汉威阀门有限公司,机械/设备/重工,民营,150-500人,不限,未标明,销售|采购|物流|市场调研|机械制图|售后|生产|材料|技能培训|工艺|技能培训|系统培训|五险一金|专业培训|带薪年假|周末双休|工作餐,17,阀门管培生 销售 采购 物流 市场调研 机械制图 售后 生产 材料 技能培训 工艺 技能培训 系统培训 五险一金 专业培训 带薪年假 周末双休 工作餐 机械 设备 重工 民营 150 500人 阀门管培生 6 8千 上海 浦东新区 销售 采购 物流 市场调研 机械制图 售后 生产 材料 技能培训 工艺 技能培训 系统培训 五险一金 专业培训 带薪年假 周末双休 工作餐 上海浦东汉威阀门有限公司 机械 设备 重工民营150 500人 去聊聊 投递,,阀门 管培生 销售 采购 物流 市场调研 机械制图 售后 生产 材料 技能 培训 工艺 技能 培训 系统 培训 一金 专业培训 周末 双休 工作餐 机械 设备 重工 民营 阀门 管培生 上海 浦东新区 销售 采购 物流 市场调研 机械制图 售后 生产 材料 技能 培训 工艺 技能 培训 系统 培训 一金 专业培训 周末 双休 工作餐 上海浦东 汉威 阀门 有限公司 机械 设备 重工 民营 聊聊 投递
5,大学生,5-8千,5000.0,8000.0,6500.0,False,上海,奉贤区,上海舟乐智慧新能装备有限公司,机械/设备/重工,民营,150-500人,不限,未标明,包吃|包住宿|五险|免费班车,4,大学生 包吃 包住宿 五险 免费班车 机械 设备 重工 民营 150 500人 大学生 5 8千 上海 奉贤区 今日回复10+次 包吃 包住宿 五险 免费班车 上海舟乐智慧新能装备有限公司 机械 设备 重工民营150 500人 去聊聊 投递,,大学生 包吃 住宿 免费 班车 机械 设备 重工 民营 大学生 上海 奉贤区 今日 回复 + 包吃 住宿 免费 班车 上海 舟乐 智慧 新能 装备 有限公司 机械 设备 重工 民营 聊聊 投递
6,大学生储备,5千-1万,5000.0,10000.0,7500.0,False,上海,嘉定区,上海天永智能装备股份有限公司,汽车研发/制造,未标明,500-1000人,不限,未标明,五险一金|免费班车|交通补贴|餐饮补贴|通讯补贴|绩效奖金|年终奖金,7,大学生储备 五险一金 免费班车 交通补贴 餐饮补贴 通讯补贴 绩效奖金 年终奖金 汽车研发 制造 已上市 500 1000人 大学生储备 5千 1万 上海 嘉定区 五险一金 免费班车 交通补贴 餐饮补贴 通讯补贴 绩效奖金 年终奖金 上海天永智能装备股份有限公司 汽车研发 制造已上市500 1000人 去聊聊 投递,,大学生 储备 一金 免费 班车 交通 补贴 餐饮 补贴 通讯 补贴 绩效奖金 年终奖金 汽车 研发 制造 上市 大学生 储备 上海 嘉定区 一金 免费 班车 交通 补贴 餐饮 补贴 通讯 补贴 绩效奖金 年终奖金 上海 天永 智能 装备 股份 有限公司 汽车 研发 制造 上市 聊聊 投递
7,本科应届生,8千-1.2万,8000.0,12000.0,10000.0,False,上海,闵行区,上海维科精密模塑股份有限公司,汽车零部件,未标明,1000-5000人,本科,无经验友好,应届生|校招|模具设计|质量|物流|工作餐|定期体检|季度花红|免费班车,9,本科应届生 应届生 校招 模具设计 质量 物流 工作餐 定期体检 季度花红 免费班车 汽车零部件 已上市 1000 5000人 本科应届生 8千 1.2万 上海 闵行区 今日操作面试1次 应届生 校招 模具设计 质量 物流 工作餐 定期体检 季度花红 免费班车 上海维科精密模塑股份有限公司 汽车零部件已上市1000 5000人 去聊聊 投递,,本科 应届生 应届生 校招 模具设计 质量 物流 工作餐 定期 体检 季度 花红 免费 班车 汽车 零部件 上市 本科 应届生 上海 闵行区 今日 操作 面试 应届生 校招 模具设计 质量 物流 工作餐 定期 体检 季度 花红 免费 班车 上海 维科 精密 模塑 股份 有限公司 汽车 零部件 上市 聊聊 投递
8,大专应往届生可投（毕业三年内）,5.5-9千,5500.0,9000.0,7250.0,False,湖州,吴兴区,温州静音轴承有限公司,机械/设备/重工丨汽车零部件丨船舶/航空/航天,民营,10000人以上,大专,未标明,年终奖|公司旅游|免费培训|高温补贴|五险一金|年终奖金|专业培训|福利体检|食堂|节假日|假日福利|宿舍|培训|公司福利|晋升,15,大专应往届生可投 毕业三年内 年终奖 公司旅游 免费培训 高温补贴 五险一金 年终奖金 专业培训 福利体检 食堂 节假日 假日福利 宿舍 培训 公司福利 晋升 机械 设备 重工丨汽车零部件丨船舶 航空 航天 民营 10000人以上 大专应往届生可投 毕业三年内 5.5 9千 湖州 吴兴区 年终奖 公司旅游 免费培训 高温补贴 五险一金 年终奖金 专业培训 福利体检 食堂 节假日 假日福利 宿舍 培训 公司福利 晋升 温州静音轴承有限公司 机械 设备 重工丨汽车零部件丨船舶 航空 航天民营10000人以上 去聊聊 投递,,大专 往届 生可 毕业 三年 年终奖 旅游 免费 培训 高温 补贴 一金 年终奖金 专业培训 体检 食堂 节假日 假日 宿舍 培训 晋升 机械 设备 重工 汽车 零部件 船舶 航空 航天 民营 大专 往届 生可 毕业 三年 湖州 吴兴区 年终奖 旅游 免费 培训 高温 补贴 一金 年终奖金 专业培训 体检 食堂 节假日 假日 宿舍 培训 晋升 温州 静音 轴承 有限公司 机械 设备 重工 汽车 零部件 船舶 航空 航天 民营 聊聊 投递
9,机械设计机器人自动化类经理助理,5.5-8千,5500.0,8000.0,6750.0,False,上海,浦东新区,西艾斯西石油设备（上海）有限责任公司,石油/化工/矿产/地质,民营,少于50人,不限,未标明,机械设计|机电一体化|过程装备|海洋工程|石油工程|培训|五险一金,7,机械设计机器人自动化类经理助理 机械设计 机电一体化 过程装备 海洋工程 石油工程 培训 五险一金 石油 化工 矿产 地质 民营 少于50人 机械设计机器人自动化类经理助理 5.5 8千 上海 浦东新区 今日回复10+次 机械设计 机电一体化 过程装备 海洋工程 石油工程 培训 五险一金 西艾斯西石油设备 上海 有限责任公司 石油 化工 矿产 地质民营少于50人 去聊聊 投递,,机械设计 机器人 自动化 经理助理 机械设计 机电 一体化 过程 装备 海洋工程 石油 工程 培训 一金 石油 化工 矿产 地质 民营 少于 机械设计 机器人 自动化 经理助理 上海 浦东新区 今日 回复 + 机械设计 机电 一体化 过程 装备 海洋工程 石油 工程 培训 一金 西艾斯西 石油设备 上海 有限责任 石油 化工 矿产 地质 民营 少于 聊聊 投递
10,焊装设计助理工程师,6千-1万,6000.0,10000.0,8000.0,False,上海,,上海荣成汽车装备科技有限公司,机械/设备/重工丨仪器仪表/工业自动化,民营,50-150人,不限,未标明,周末双休|带薪年假|五险一金|定期体检|绩效奖金|员工旅游|专业培训|年终奖金|做五休二|节假日福利|出国机会,11,焊装设计助理工程师 周末双休 带薪年假 五险一金 定期体检 绩效奖金 员工旅游 专业培训 年终奖金 做五休二 节假日福利 出国机会 机械 设备 重工丨仪器仪表 工业自动化 民营 50 150人 焊装设计助理工程师 6千 1万 上海 今日回复10+次 周末双休 带薪年假 五险一金 定期体检 绩效奖金 员工旅游 专业培训 年终奖金 做五休二 节假日福利 出国机会 上海荣成汽车装备科技有限公司 机械 设备 重工丨仪器仪表 工业自动化民营50 150人 去聊聊 投递,,焊装 设计 助理工程师 周末 双休 一金 定期 体检 绩效奖金 员工 旅游 专业培训 年终奖金 做五休 节假日 出国 机会 机械 设备 重工 仪器仪表 工业 自动化 民营 焊装 设计 助理工程师 上海 今日 回复 + 周末 双休 一金 定期 体检 绩效奖金 员工 旅游 专业培训 年终奖金 做五休 节假日 出国 机会 上海 荣成 汽车 装备 科技 有限公司 机械 设备 重工 仪器仪表 工业 自动化 民营 聊聊 投递
11,服务工程师（应届生）,5-6千,5000.0,6000.0,5500.0,False,上海,宝山区,新一深视（上海）智能科技有限公司,人工智能,民营,50-150人,不限,无经验友好,五险一金|绩效奖金|年终奖金|定期体检|员工旅游|餐饮补贴|通讯补贴|交通补贴|节日福利,9,服务工程师 应届生 五险一金 绩效奖金 年终奖金 定期体检 员工旅游 餐饮补贴 通讯补贴 交通补贴 节日福利 人工智能 民营 50 150人 服务工程师 应届生 5 6千 上海 宝山区 五险一金 绩效奖金 年终奖金 定期体检 员工旅游 餐饮补贴 通讯补贴 交通补贴 节日福利 新一深视 上海 智能科技有限公司 人工智能民营50 150人 去聊聊 投递,,服务 工程师 应届生 一金 绩效奖金 年终奖金 定期 体检 员工 旅游 餐饮 补贴 通讯 补贴 交通 补贴 节日 人工智能 民营 服务 工程师 应届生 上海 宝山区 一金 绩效奖金 年终奖金 定期 体检 员工 旅游 餐饮 补贴 通讯 补贴 交通 补贴 节日 新一 深视 上海 智能 科技 有限公司 人工智能 民营 聊聊 投递
12,机械设计工程师（应届生）,6-8千,6000.0,8000.0,7000.0,False,上海,松江区,海克力斯（上海）自动化设备有限公司,机械/设备/重工,未标明,50-150人,不限,无经验友好,调试|自动化|机械设计|solidworks|装配|ug|三维设计软件|图纸加工|catia|autocad|五险一金|年终奖金|专业培训,13,机械设计工程师 应届生 调试 自动化 机械设计 solidworks 装配 ug 三维设计软件 图纸加工 catia autocad 五险一金 年终奖金 专业培训 机械 设备 重工 外资 非欧美 50 150人 机械设计工程师 应届生 6 8千 上海 松江区 调试 自动化 机械设计 solidworks 装配 ug 三维设计软件 图纸加工 catia autocad 五险一金 年终奖金 专业培训 海克力斯 上海 自动化设备有限公司 机械 设备 重工外资 非欧美 50 150人 去聊聊 投递,,机械设计 工程师 应届生 调试 自动化 机械设计 solidworks 装配 ug 三维 设计 软件 图纸 加工 catia autocad 一金 年终奖金 专业培训 机械 设备 重工 外资 欧美 机械设计 工程师 应届生 上海 松江区 调试 自动化 机械设计 solidworks 装配 ug 三维 设计 软件 图纸 加工 catia autocad 一金 年终奖金 专业培训 海克 力斯 上海 自动化 设备 有限公司 机械 设备 重工 外资 欧美 聊聊 投递
13,招聘专员,1-1.5万·13薪,1000.0,15000.0,8000.0,False,上海,黄浦区,前锦网络信息技术（上海）有限公司,人力资源服务,未标明,5000-10000人,不限,未标明,五险一金|带薪年假|带薪病假|定期体检|通讯补贴,5,招聘专员 五险一金 带薪年假 带薪病假 定期体检 通讯补贴 人力资源服务 已上市 5000 10000人 招聘专员 1 1.5万 13薪 上海 黄浦区 五险一金 带薪年假 带薪病假 定期体检 通讯补贴 前锦网络信息技术 上海 有限公司 人力资源服务已上市5000 10000人 去聊聊 投递,,专员 一金 病假 定期 体检 通讯 补贴 人力资源 服务 上市 专员 上海 黄浦区 一金 病假 定期 体检 通讯 补贴 前锦 网络 信息技术 上海 有限公司 人力资源 服务 上市 聊聊 投递
14,前端开发,1.5-2万·13薪,1500.0,20000.0,10750.0,False,上海,浦东新区,集思迪（大连）软件科技有限责任公司,计算机软件,未标明,50-150人,不限,未标明,javascript|前端|html5|web|react|webpack|vue.js|angular|sass|页面布局|五险一金|年终奖金|绩效奖金|带薪年假|做五休二|员工旅游|双休|交通补贴|通讯补贴|周末双休|弹性工作|出国机会|节假日福利,23,前端开发 javascript 前端 html5 web react webpack vue.js angular sass 页面布局 五险一金 年终奖金 绩效奖金 带薪年假 做五休二 员工旅游 双休 交通补贴 通讯补贴 周末双休 弹性工作 出国机会 节假日福利 计算机软件 外资 非欧美 50 150人 前端开发 1.5 2万 13薪 上海 浦东新区 今日处理简历1次 javascript 前端 html5 web react webpack vue.js angular sass 页面布局 五险一金 年终奖金 绩效奖金 带薪年假 做五休二 员工旅游 双休 交通补贴 通讯补贴 周末双休 弹性工作 出国机会 节假日福利 集思迪 大连 软件科技有限责任公司 计算机软件外资 非欧美 50 150人 去聊聊 投递,,前端开发 javascript 前端 html5 web react webpack vue js angular sass 页面 布局 一金 年终奖金 绩效奖金 做五休 员工 旅游 双休 交通 补贴 通讯 补贴 周末 双休 弹性 出国 机会 节假日 计算机软件 外资 欧美 前端开发 上海 浦东新区 今日 处理 简历 javascript 前端 html5 web react webpack vue js angular sass 页面 布局 一金 年终奖金 绩效奖金 做五休 员工 旅游 双休 交通 补贴 通讯 补贴 周末 双休 弹性 出国 机会 节假日 集思迪 大连 软件 科技 有限责任 计算机软件 外资 欧美 聊聊 投递
15,数据开发,1.5-3万·13薪,1500.0,30000.0,15750.0,False,上海,浦东新区,集思迪（大连）软件科技有限责任公司,计算机软件,未标明,50-150人,不限,未标明,计算机|java|mysql|oracle|数据库|大数据|hadoop|数据仓库|spark|postgresql|五险一金|年终奖金|绩效奖金|员工旅游|交通补贴|带薪年假|弹性工作|周末双休|节日福利|出国机会|团队氛围好|晋升空间大,22,数据开发 计算机 java mysql oracle 数据库 大数据 hadoop 数据仓库 spark postgresql 五险一金 年终奖金 绩效奖金 员工旅游 交通补贴 带薪年假 弹性工作 周末双休 节日福利 出国机会 团队氛围好 晋升空间大 计算机软件 外资 非欧美 50 150人 数据开发 1.5 3万 13薪 上海 浦东新区 本周处理简历1次 计算机 java mysql oracle 数据库 大数据 hadoop 数据仓库 spark postgresql 五险一金 年终奖金 绩效奖金 员工旅游 交通补贴 带薪年假 弹性工作 周末双休 节日福利 出国机会 团队氛围好 晋升空间大 集思迪 大连 软件科技有限责任公司 计算机软件外资 非欧美 50 150人 去聊聊 投递,,数据 开发 计算机 java mysql oracle 数据库 大数据 hadoop 数据仓库 spark postgresql 一金 年终奖金 绩效奖金 员工 旅游 交通 补贴 弹性 周末 双休 节日 出国 机会 团队 氛围 晋升 空间 计算机软件 外资 欧美 数据 开发 上海 浦东新区 本周 处理 简历 计算机 java mysql oracle 数据库 大数据 hadoop 数据仓库 spark postgresql 一金 年终奖金 绩效奖金 员工 旅游 交通 补贴 弹性 周末 双休 节日 出国 机会 团队 氛围 晋升 空间 集思迪 大连 软件 科技 有限责任 计算机软件 外资 欧美 聊聊 投递
16,IT高级项目经理,2.5-3万,2500.0,30000.0,16250.0,False,上海,浦东新区,集思迪（大连）软件科技有限责任公司,计算机软件,未标明,50-150人,不限,未标明,项目管理|金融|方案设计|互联网|jira|医疗|pmp|应急预案|项目规划|计算机科学|五险一金|年终奖金|绩效奖金|员工旅游|交通补贴|节日福利|弹性工作|周末双休|出国机会|做五休二|通讯补贴,21,IT高级项目经理 项目管理 金融 方案设计 互联网 jira 医疗 pmp 应急预案 项目规划 计算机科学 五险一金 年终奖金 绩效奖金 员工旅游 交通补贴 节日福利 弹性工作 周末双休 出国机会 做五休二 通讯补贴 计算机软件 外资 非欧美 50 150人 IT高级项目经理 2.5 3万 上海 浦东新区 本周处理简历1次 项目管理 金融 方案设计 互联网 jira 医疗 pmp 应急预案 项目规划 计算机科学 五险一金 年终奖金 绩效奖金 员工旅游 交通补贴 节日福利 弹性工作 周末双休 出国机会 做五休二 通讯补贴 集思迪 大连 软件科技有限责任公司 计算机软件外资 非欧美 50 150人 去聊聊 投递,,IT 高级 项目经理 项目管理 金融 方案设计 互联网 jira 医疗 pmp 应急 预案 项目 规划 计算机科学 一金 年终奖金 绩效奖金 员工 旅游 交通 补贴 节日 弹性 周末 双休 出国 机会 做五休 通讯 补贴 计算机软件 外资 欧美 IT 高级 项目经理 上海 浦东新区 本周 处理 简历 项目管理 金融 方案设计 互联网 jira 医疗 pmp 应急 预案 项目 规划 计算机科学 一金 年终奖金 绩效奖金 员工 旅游 交通 补贴 节日 弹性 周末 双休 出国 机会 做五休 通讯 补贴 集思迪 大连 软件 科技 有限责任 计算机软件 外资 欧美 聊聊 投递
17,管理培训生,5-8千·13薪,5000.0,8000.0,6500.0,False,上海,普陀区,上海克万机械设备技术服务有限公司,汽车研发/制造,民营,少于50人,不限,未标明,汽车|五险一金|年终奖金|绩效奖金|专业培训|餐饮补贴|通讯补贴|管理培训,8,管理培训生 汽车 五险一金 年终奖金 绩效奖金 专业培训 餐饮补贴 通讯补贴 管理培训 汽车研发 制造 民营 少于50人 管理培训生 5 8千 13薪 上海 普陀区 今日回复10+次 汽车 五险一金 年终奖金 绩效奖金 专业培训 餐饮补贴 通讯补贴 管理培训 上海克万机械设备技术服务有限公司 汽车研发 制造民营少于50人 去聊聊 投递,,管理 培训生 汽车 一金 年终奖金 绩效奖金 专业培训 餐饮 补贴 通讯 补贴 管理 培训 汽车 研发 制造 民营 少于 管理 培训生 上海 普陀区 今日 回复 + 汽车 一金 年终奖金 绩效奖金 专业培训 餐饮 补贴 通讯 补贴 管理 培训 上海 克万 机械设备 技术 服务 有限公司 汽车 研发 制造 民营 少于 聊聊 投递
18,2026届管理培训生,6.5-9千,6500.0,9000.0,7750.0,False,上海,徐汇区,上海安吉斯鸿汽车销售服务有限公司,汽车,国企,50-150人,不限,未标明,管理培训,1,2026届管理培训生 管理培训 汽车 国企 50 150人 2026届管理培训生 6.5 9千 上海 徐汇区 管理培训 上海安吉斯鸿汽车销售服务有限公司 汽车国企50 150人 去聊聊 投递,,管理 培训生 管理 培训 汽车 国企 管理 培训生 上海 徐汇区 管理 培训 上海 安吉斯 汽车 销售 服务 有限公司 汽车 国企 聊聊 投递
19,焊接工艺技术员,5-7千·13薪,5000.0,7000.0,6000.0,False,上海,浦东新区,上海恒伸祥汽车部件有限公司,汽车零部件,民营,50-150人,不限,未标明,焊接工艺|汽车配件|五险一金|年终奖金|绩效奖金|专业培训|定期体检|带薪年假|交通补贴|节日福利|工作餐|提供宿舍|免费工作餐,13,焊接工艺技术员 焊接工艺 汽车配件 五险一金 年终奖金 绩效奖金 专业培训 定期体检 带薪年假 交通补贴 节日福利 工作餐 提供宿舍 免费工作餐 汽车零部件 民营 50 150人 焊接工艺技术员 5 7千 13薪 上海 浦东新区 本周操作面试1次 焊接工艺 汽车配件 五险一金 年终奖金 绩效奖金 专业培训 定期体检 带薪年假 交通补贴 节日福利 工作餐 提供宿舍 免费工作餐 上海恒伸祥汽车部件有限公司 汽车零部件民营50 150人 去聊聊 投递,,焊接 工艺 技术员 焊接 工艺 汽车配件 一金 年终奖金 绩效奖金 专业培训 定期 体检 交通 补贴 节日 工作餐 宿舍 免费 工作餐 汽车 零部件 民营 焊接 工艺 技术员 上海 浦东新区 本周 操作 面试 焊接 工艺 汽车配件 一金 年终奖金 绩效奖金 专业培训 定期 体检 交通 补贴 节日 工作餐 宿舍 免费 工作餐 上海 伸祥 汽车部件 有限公司 汽车 零部件 民营 聊聊 投递
20,机械产品工程师（接受应届）,5千-1万,5000.0,10000.0,7500.0,False,上海,松江区,威琰机械科技（上海）有限公司,汽车零部件丨机械/设备/重工丨仪器仪表/工业自动化,民营,50-150人,不限,无经验友好,五险一金|餐饮补贴|专业培训|年终奖金,4,机械产品工程师 接受应届 五险一金 餐饮补贴 专业培训 年终奖金 汽车零部件丨机械 设备 重工丨仪器仪表 工业自动化 民营 50 150人 机械产品工程师 接受应届 5千 1万 上海 松江区 五险一金 餐饮补贴 专业培训 年终奖金 威琰机械科技 上海 有限公司 汽车零部件丨机械 设备 重工丨仪器仪表 工业自动化民营50 150人 去聊聊 投递,,机械 产品 工程师 接受 应届 一金 餐饮 补贴 专业培训 年终奖金 汽车 零部件 机械 设备 重工 仪器仪表 工业 自动化 民营 机械 产品 工程师 接受 应届 上海 松江区 一金 餐饮 补贴 专业培训 年终奖金 威琰 机械 科技 上海 有限公司 汽车 零部件 机械 设备 重工 仪器仪表 工业 自动化 民营 聊聊 投递
21,工业润滑技术销售培养生,7-9千,7000.0,9000.0,8000.0,False,远程办公,,上海森帝润滑技术有限公司,化工丨机械/设备/重工丨矿产/地质,民营,50-150人,不限,未标明,晋升通道|销售奖金|专业培训|带薪休假|年终奖金|足额五险一金|定期体检,7,工业润滑技术销售培养生 晋升通道 销售奖金 专业培训 带薪休假 年终奖金 足额五险一金 定期体检 化工丨机械 设备 重工丨矿产 地质 民营 50 150人 工业润滑技术销售培养生 7 9千 远程办公 本周查看简历7次 晋升通道 销售奖金 专业培训 带薪休假 年终奖金 足额五险一金 定期体检 上海森帝润滑技术有限公司 化工丨机械 设备 重工丨矿产 地质民营50 150人 去聊聊 投递,,工业 润滑 技术 销售 培养 晋升 通道 销售 奖金 专业培训 带薪休假 年终奖金 足额 一金 定期 体检 化工 机械 设备 重工 矿产 地质 民营 工业 润滑 技术 销售 培养 远程 办公 本周 查看 简历 晋升 通道 销售 奖金 专业培训 带薪休假 年终奖金 足额 一金 定期 体检 上海 森帝 润滑 技术 有限公司 化工 机械 设备 重工 矿产 地质 民营 聊聊 投递
22,应届管培生,5-8千·13薪,5000.0,8000.0,6500.0,False,上海,松江区,微铁克（中国）投资有限公司,电子/半导体/集成电路,未标明,150-500人,不限,无经验友好,,0,应届管培生 电子 半导体 集成电路 外资 非欧美 150 500人 应届管培生 5 8千 13薪 上海 松江区 微铁克 中国 投资有限公司 电子 半导体 集成电路外资 非欧美 150 500人 去聊聊 投递,,应届 管培生 电子 半导体 集成电路 外资 欧美 应届 管培生 上海 松江区 微铁克 中国 投资 有限公司 电子 半导体 集成电路 外资 欧美 聊聊 投递
23,机械管培生,4.5-8千·13薪,4500.0,8000.0,6250.0,False,上海,,上海合纵重工机械有限公司,机械/设备/重工,民营,50-150人,不限,未标明,做五休二|带薪年假|五险一金|包吃|包住宿|绩效奖金|全勤奖|加班补贴|住房补贴|高温补贴,10,机械管培生 做五休二 带薪年假 五险一金 包吃 包住宿 绩效奖金 全勤奖 加班补贴 住房补贴 高温补贴 机械 设备 重工 民营 50 150人 机械管培生 4.5 8千 13薪 上海 做五休二 带薪年假 五险一金 包吃 包住宿 绩效奖金 全勤奖 加班补贴 住房补贴 高温补贴 上海合纵重工机械有限公司 机械 设备 重工民营50 150人 去聊聊 投递,,机械 管培生 做五休 一金 包吃 住宿 绩效奖金 全勤奖 加班 补贴 住房补贴 高温 补贴 机械 设备 重工 民营 机械 管培生 上海 做五休 一金 包吃 住宿 绩效奖金 全勤奖 加班 补贴 住房补贴 高温 补贴 上海 合纵 重工 机械 有限公司 机械 设备 重工 民营 聊聊 投递
24,管理培训生（技术方向）,5-7千,5000.0,7000.0,6000.0,False,上海,闵行区,上海动亦科技有限公司,原材料和加工,未标明,50-150人,不限,未标明,自动化|团队管理|项目实施|方案设计|理工科|学生干部|机械工程|电气工程|工业自动化|技术|管理培训,11,管理培训生 技术方向 自动化 团队管理 项目实施 方案设计 理工科 学生干部 机械工程 电气工程 工业自动化 技术 管理培训 原材料和加工 外资 非欧美 50 150人 管理培训生 技术方向 5 7千 上海 闵行区 自动化 团队管理 项目实施 方案设计 理工科 学生干部 机械工程 电气工程 工业自动化 技术 管理培训 上海动亦科技有限公司 原材料和加工外资 非欧美 50 150人 去聊聊 投递,,管理 培训生 技术 方向 自动化 团队 管理 项目 实施 方案设计 理工科 学生干部 机械工程 电气工程 工业 自动化 技术 管理 培训 原材料 加工 外资 欧美 管理 培训生 技术 方向 上海 闵行区 自动化 团队 管理 项目 实施 方案设计 理工科 学生干部 机械工程 电气工程 工业 自动化 技术 管理 培训 上海 科技 有限公司 原材料 加工 外资 欧美 聊聊 投递
25,管培生-2026届应届生,6千-1万,6000.0,10000.0,8000.0,False,上海,松江区,上海正宜机器工程技术制造有限公司,机械/设备/重工,未标明,50-150人,不限,无经验友好,计算机|采购|机械|财务|营销|自动化|研发|数学|软件|测试工程师|绩效奖金|年终奖金|定期体检|员工旅游|五险一金|餐饮补贴|专业培训|带薪年假|项目奖金|出国机会|包吃,21,管培生 2026届应届生 计算机 采购 机械 财务 营销 自动化 研发 数学 软件 测试工程师 绩效奖金 年终奖金 定期体检 员工旅游 五险一金 餐饮补贴 专业培训 带薪年假 项目奖金 出国机会 包吃 机械 设备 重工 外资 非欧美 50 150人 管培生 2026届应届生 6千 1万 上海 松江区 本周查看简历17次 计算机 采购 机械 财务 营销 自动化 研发 数学 软件 测试工程师 绩效奖金 年终奖金 定期体检 员工旅游 五险一金 餐饮补贴 专业培训 带薪年假 项目奖金 出国机会 包吃 上海正宜机器工程技术制造有限公司 机械 设备 重工外资 非欧美 50 150人 去聊聊 投递,,管培生 应届生 计算机 采购 机械 财务 营销 自动化 研发 数学 软件 测试 工程师 绩效奖金 年终奖金 定期 体检 员工 旅游 一金 餐饮 补贴 专业培训 项目 奖金 出国 机会 包吃 机械 设备 重工 外资 欧美 管培生 应届生 上海 松江区 本周 查看 简历 计算机 采购 机械 财务 营销 自动化 研发 数学 软件 测试 工程师 绩效奖金 年终奖金 定期 体检 员工 旅游 一金 餐饮 补贴 专业培训 项目 奖金 出国 机会 包吃 上海 正宜 机器 工程技术 制造 有限公司 机械 设备 重工 外资 欧美 聊聊 投递
26,销售工程师（应届生）,8千-1万,8000.0,10000.0,9000.0,False,上海,闵行区,山崎马扎克（中国）有限公司,机械/设备/重工,未标明,1000-5000人,不限,无经验友好,绩效奖金|节日福利|带薪年假|定期体检|五险一金|医疗保险|销售|机械|电气|机电一体化,10,销售工程师 应届生 绩效奖金 节日福利 带薪年假 定期体检 五险一金 医疗保险 销售 机械 电气 机电一体化 机械 设备 重工 外资 非欧美 1000 5000人 销售工程师 应届生 8千 1万 上海 闵行区 今日回复7次 绩效奖金 节日福利 带薪年假 定期体检 五险一金 医疗保险 销售 机械 电气 机电一体化 山崎马扎克 中国 有限公司 机械 设备 重工外资 非欧美 1000 5000人 去聊聊 投递,,销售 工程师 应届生 绩效奖金 节日 定期 体检 一金 医疗保险 销售 机械 电气 机电 一体化 机械 设备 重工 外资 欧美 销售 工程师 应届生 上海 闵行区 今日 回复 绩效奖金 节日 定期 体检 一金 医疗保险 销售 机械 电气 机电 一体化 山崎 马扎 中国 有限公司 机械 设备 重工 外资 欧美 聊聊 投递
27,机械工程师助理（应届/实习）,5-9千,5000.0,9000.0,7000.0,False,上海,嘉定区,占朗智能科技（上海）有限公司,汽车研发/制造丨汽车零部件丨机械/设备/重工,民营,少于50人,不限,无经验友好,设计工程师|五险一金|年终奖金|定期体检,4,机械工程师助理 应届 实习 设计工程师 五险一金 年终奖金 定期体检 汽车研发 制造丨汽车零部件丨机械 设备 重工 民营 少于50人 机械工程师助理 应届 实习 5 9千 上海 嘉定区 今日回复8次 设计工程师 五险一金 年终奖金 定期体检 占朗智能科技 上海 有限公司 汽车研发 制造丨汽车零部件丨机械 设备 重工民营少于50人 去聊聊 投递,,机械 工程师 助理 应届 实习 设计 工程师 一金 年终奖金 定期 体检 汽车 研发 制造 汽车 零部件 机械 设备 重工 民营 少于 机械 工程师 助理 应届 实习 上海 嘉定区 今日 回复 设计 工程师 一金 年终奖金 定期 体检 占朗 智能 科技 上海 有限公司 汽车 研发 制造 汽车 零部件 机械 设备 重工 民营 少于 聊聊 投递
28,实习生,3-6千,3000.0,6000.0,4500.0,False,上海,青浦区,上海永茂泰汽车零部件有限公司,汽车零部件,未标明,500-1000人,不限,未标明,五险一金|节日福利|包住宿|包吃|专业培训|高温补贴|包工作餐|住宿,8,实习生 五险一金 节日福利 包住宿 包吃 专业培训 高温补贴 包工作餐 住宿 汽车零部件 已上市 500 1000人 实习生 3 6千 上海 青浦区 今日回复10+次 五险一金 节日福利 包住宿 包吃 专业培训 高温补贴 包工作餐 住宿 上海永茂泰汽车零部件有限公司 汽车零部件已上市500 1000人 去聊聊 投递,,实习生 一金 节日 住宿 包吃 专业培训 高温 补贴 工作餐 住宿 汽车 零部件 上市 实习生 上海 青浦区 今日 回复 + 一金 节日 住宿 包吃 专业培训 高温 补贴 工作餐 住宿 上海 永茂泰 汽车 零部件 有限公司 汽车 零部件 上市 聊聊 投递
29,应届生,5-8千·13薪,5000.0,8000.0,6500.0,False,上海,浦东新区,上海盛韬半导体科技有限公司,电子/半导体/集成电路,民营,150-500人,不限,无经验友好,办公软件|sop|word|报表|现场6s管理|特气|巡回检查|异常报警|危化品操作证|五险一金|补充医疗保险|带薪年假|员工旅游|定期体检|包吃|免费工作餐|出差补贴|定期团建,18,应届生 办公软件 sop word 报表 现场6s管理 特气 巡回检查 异常报警 危化品操作证 五险一金 补充医疗保险 带薪年假 员工旅游 定期体检 包吃 免费工作餐 出差补贴 定期团建 电子 半导体 集成电路 民营 150 500人 应届生 5 8千 13薪 上海 浦东新区 今日回复4次 办公软件 sop word 报表 现场6s管理 特气 巡回检查 异常报警 危化品操作证 五险一金 补充医疗保险 带薪年假 员工旅游 定期体检 包吃 免费工作餐 出差补贴 定期团建 上海盛韬半导体科技有限公司 电子 半导体 集成电路民营150 500人 去聊聊 投递,,应届生 办公软件 sop word 报表 现场 6s 管理 特气 巡回检查 异常 报警 危化品 操作证 一金 补充 医疗保险 员工 旅游 定期 体检 包吃 免费 工作餐 出差 补贴 定期 团建 电子 半导体 集成电路 民营 应届生 上海 浦东新区 今日 回复 办公软件 sop word 报表 现场 6s 管理 特气 巡回检查 异常 报警 危化品 操作证 一金 补充 医疗保险 员工 旅游 定期 体检 包吃 免费 工作餐 出差 补贴 定期 团建 上海 盛韬 半导体 科技 有限公司 电子 半导体 集成电路 民营 聊聊 投递
30,一线储备干部/管培生,8千-1万,8000.0,10000.0,9000.0,False,上海,浦东新区,上海中集洋山物流装备有限公司,货运/物流/仓储丨机械/设备/重工,合资,1000-5000人,不限,未标明,数据分析|erp|现场管理|生产管理|分析报告|质量管控|数据支持|机械自动化|iso质量体系|物料需求分析|五险一金|员工旅游|年终奖金|绩效奖金|项目奖金|专业培训|定期体检|有餐补|定期团建|包住,20,一线储备干部 管培生 数据分析 erp 现场管理 生产管理 分析报告 质量管控 数据支持 机械自动化 iso质量体系 物料需求分析 五险一金 员工旅游 年终奖金 绩效奖金 项目奖金 专业培训 定期体检 有餐补 定期团建 包住 货运 物流 仓储丨机械 设备 重工 合资 1000 5000人 一线储备干部 管培生 8千 1万 上海 浦东新区 数据分析 erp 现场管理 生产管理 分析报告 质量管控 数据支持 机械自动化 iso质量体系 物料需求分析 五险一金 员工旅游 年终奖金 绩效奖金 项目奖金 专业培训 定期体检 有餐补 定期团建 包住 上海中集洋山物流装备有限公司 货运 物流 仓储丨机械 设备 重工合资1000 5000人 去聊聊 投递,,一线 储备干部 管培生 数据分析 erp 现场 管理 生产 管理 分析 报告 质量 管控 数据 支持 机械 自动化 iso 质量体系 物料 需求 分析 一金 员工 旅游 年终奖金 绩效奖金 项目 奖金 专业培训 定期 体检 有餐 定期 团建 包住 货运 物流 仓储 机械 设备 重工 合资 一线 储备干部 管培生 上海 浦东新区 数据分析 erp 现场 管理 生产 管理 分析 报告 质量 管控 数据 支持 机械 自动化 iso 质量体系 物料 需求 分析 一金 员工 旅游 年终奖金 绩效奖金 项目 奖金 专业培训 定期 体检 有餐 定期 团建 包住 上海 中集洋山 物流 装备 有限公司 货运 物流 仓储 机械 设备 重工 合资 聊聊 投递
31,机械工程师（助理）实习生 (MJ000268),3-5千,3000.0,5000.0,4000.0,False,上海,奉贤区,星德科泰事达制药技术（上海）有限公司,医疗设备/器械,未标明,50-150人,不限,未标明,员工旅游|带薪年假|五险一金|年终奖金|绩效奖金|专业培训|定期体检|有餐补|免费班车|通讯补贴|机械部件|机械设计|冻干机,13,机械工程师 助理 实习生 MJ000268 员工旅游 带薪年假 五险一金 年终奖金 绩效奖金 专业培训 定期体检 有餐补 免费班车 通讯补贴 机械部件 机械设计 冻干机 医疗设备 器械 外资 欧美 50 150人 机械工程师 助理 实习生 MJ000268 3 5千 上海 奉贤区 本周查看简历23次 员工旅游 带薪年假 五险一金 年终奖金 绩效奖金 专业培训 定期体检 有餐补 免费班车 通讯补贴 机械部件 机械设计 冻干机 星德科泰事达制药技术 上海 有限公司 医疗设备 器械外资 欧美 50 150人 去聊聊 投递,,机械 工程师 助理 实习生 MJ000268 员工 旅游 一金 年终奖金 绩效奖金 专业培训 定期 体检 有餐 免费 班车 通讯 补贴 机械 部件 机械设计 冻干机 医疗 设备 器械 外资 欧美 机械 工程师 助理 实习生 MJ000268 上海 奉贤区 本周 查看 简历 员工 旅游 一金 年终奖金 绩效奖金 专业培训 定期 体检 有餐 免费 班车 通讯 补贴 机械 部件 机械设计 冻干机 星德 科泰 事达 制药 技术 上海 有限公司 医疗 设备 器械 外资 欧美 聊聊 投递
32,大学生优先,8千-1.3万,8000.0,13000.0,10500.0,False,上海,,上海太平洋房屋服务有限公司,地产经纪/中介,未标明,5000-10000人,不限,未标明,带薪假期|提供住宿|报销车票,3,大学生优先 带薪假期 提供住宿 报销车票 地产经纪 中介 外资 非欧美 5000 10000人 大学生优先 8千 1.3万 上海 在线 带薪假期 提供住宿 报销车票 上海太平洋房屋服务有限公司 地产经纪 中介外资 非欧美 5000 10000人 去聊聊 投递,,大学生 假期 住宿 报销 车票 地产 经纪 中介 外资 欧美 大学生 上海 在线 假期 住宿 报销 车票 上海 太平洋 房屋 服务 有限公司 地产 经纪 中介 外资 欧美 聊聊 投递
33,应届毕业生-管培生,5-8千,5000.0,8000.0,6500.0,False,上海,,上海华迎汽车零部件有限公司,汽车零部件,民营,150-500人,不限,无经验友好,工艺|车辆工程|材料工程|机械一体化|助理工程师|五险一金|年终奖金|专业培训|带薪年假|员工旅游|周末双休|免费工作餐,12,应届毕业生 管培生 工艺 车辆工程 材料工程 机械一体化 助理工程师 五险一金 年终奖金 专业培训 带薪年假 员工旅游 周末双休 免费工作餐 汽车零部件 民营 150 500人 应届毕业生 管培生 5 8千 上海 工艺 车辆工程 材料工程 机械一体化 助理工程师 五险一金 年终奖金 专业培训 带薪年假 员工旅游 周末双休 免费工作餐 上海华迎汽车零部件有限公司 汽车零部件民营150 500人 去聊聊 投递,,应届毕业生 管培生 工艺 车辆 工程 材料 工程 机械 一体化 助理工程师 一金 年终奖金 专业培训 员工 旅游 周末 双休 免费 工作餐 汽车 零部件 民营 应届毕业生 管培生 上海 工艺 车辆 工程 材料 工程 机械 一体化 助理工程师 一金 年终奖金 专业培训 员工 旅游 周末 双休 免费 工作餐 上海 华迎 汽车 零部件 有限公司 汽车 零部件 民营 聊聊 投递
34,车间管培生（上海）,6-8千,6000.0,8000.0,7000.0,False,上海,闵行区,思源电气股份有限公司,电气/电力/水利丨新能源丨汽车研发/制造,未标明,5000-10000人,不限,未标明,管理|自动化|成本控制|团队建设|日常管理|机械制造|维护保养|技能培训|精益生产|员工考勤|技能培训|五险一金|定期体检|餐饮补贴|弹性工作|团队建设,16,车间管培生 上海 管理 自动化 成本控制 团队建设 日常管理 机械制造 维护保养 技能培训 精益生产 员工考勤 技能培训 五险一金 定期体检 餐饮补贴 弹性工作 团队建设 电气 电力 水利丨新能源丨汽车研发 制造 已上市 5000 10000人 车间管培生 上海 6 8千 上海 闵行区 管理 自动化 成本控制 团队建设 日常管理 机械制造 维护保养 技能培训 精益生产 员工考勤 技能培训 五险一金 定期体检 餐饮补贴 弹性工作 团队建设 思源电气股份有限公司 电气 电力 水利丨新能源丨汽车研发 制造已上市5000 10000人 去聊聊 投递,,车间 管培生 上海 管理 自动化 成本 控制 团队 建设 日常 管理 机械制造 维护 保养 技能 培训 精益 生产 员工 考勤 技能 培训 一金 定期 体检 餐饮 补贴 弹性 团队 建设 电气 电力 水利 新能源 汽车 研发 制造 上市 车间 管培生 上海 上海 闵行区 管理 自动化 成本 控制 团队 建设 日常 管理 机械制造 维护 保养 技能 培训 精益 生产 员工 考勤 技能 培训 一金 定期 体检 餐饮 补贴 弹性 团队 建设 思源 电气 股份 有限公司 电气 电力 水利 新能源 汽车 研发 制造 上市 聊聊 投递
35,焊接工艺技术员（接受实习生）,6-8千,6000.0,8000.0,7000.0,False,上海,嘉定区,上海本希机电科技有限公司,机械/设备/重工,民营,少于50人,不限,未标明,焊接|研发|现场调试|开车|技术文档|金属材料|激光焊接|焊接设备|问题排查|研发工程师|五险一金|节日福利|工作餐|缴纳五险|带薪年假|专业培训|绩效奖金|年终奖金,18,焊接工艺技术员 接受实习生 焊接 研发 现场调试 开车 技术文档 金属材料 激光焊接 焊接设备 问题排查 研发工程师 五险一金 节日福利 工作餐 缴纳五险 带薪年假 专业培训 绩效奖金 年终奖金 机械 设备 重工 民营 少于50人 焊接工艺技术员 接受实习生 6 8千 上海 嘉定区 焊接 研发 现场调试 开车 技术文档 金属材料 激光焊接 焊接设备 问题排查 研发工程师 五险一金 节日福利 工作餐 缴纳五险 带薪年假 专业培训 绩效奖金 年终奖金 上海本希机电科技有限公司 机械 设备 重工民营少于50人 去聊聊 投递,,焊接 工艺 技术员 接受 实习生 焊接 研发 现场 调试 开车 技术 文档 金属材料 激光 焊接 焊接设备 问题 排查 研发 工程师 一金 节日 工作餐 专业培训 绩效奖金 年终奖金 机械 设备 重工 民营 少于 焊接 工艺 技术员 接受 实习生 上海 嘉定区 焊接 研发 现场 调试 开车 技术 文档 金属材料 激光 焊接 焊接设备 问题 排查 研发 工程师 一金 节日 工作餐 专业培训 绩效奖金 年终奖金 上海 本希 机电 科技 有限公司 机械 设备 重工 民营 少于 聊聊 投递
36,外派销售,8千-1.3万,8000.0,13000.0,10500.0,False,上海,嘉定区,上海扬诺锅炉制造有限公司,机械/设备/重工,民营,50-150人,不限,未标明,办公软件|驾照|拜访客户|理工科|回访|产品介绍|约见客户|外勤|客户拜访计划|客户信息梳理,10,外派销售 办公软件 驾照 拜访客户 理工科 回访 产品介绍 约见客户 外勤 客户拜访计划 客户信息梳理 机械 设备 重工 民营 50 150人 外派销售 8千 1.3万 上海 嘉定区 办公软件 驾照 拜访客户 理工科 回访 产品介绍 约见客户 外勤 客户拜访计划 客户信息梳理 上海扬诺锅炉制造有限公司 机械 设备 重工民营50 150人 去聊聊 投递,,外派 销售 办公软件 驾照 拜访 客户 理工科 回访 产品 介绍 约见 客户 外勤 客户 拜访 计划 客户 信息 梳理 机械 设备 重工 民营 外派 销售 上海 嘉定区 办公软件 驾照 拜访 客户 理工科 回访 产品 介绍 约见 客户 外勤 客户 拜访 计划 客户 信息 梳理 上海 扬诺 锅炉 制造 有限公司 机械 设备 重工 民营 聊聊 投递
37,应届管培生,7-9千,7000.0,9000.0,8000.0,False,上海,松江区,上海呼享环保科技有限公司,原材料和加工,民营,50-150人,不限,无经验友好,五险一金|年终奖金|定期体检|带薪年假|晋升通道|零食下午茶|定期团建|免费工作餐,8,应届管培生 五险一金 年终奖金 定期体检 带薪年假 晋升通道 零食下午茶 定期团建 免费工作餐 原材料和加工 民营 50 150人 应届管培生 7 9千 上海 松江区 今日回复10+次 五险一金 年终奖金 定期体检 带薪年假 晋升通道 零食下午茶 定期团建 免费工作餐 上海呼享环保科技有限公司 原材料和加工民营50 150人 去聊聊 投递,,应届 管培生 一金 年终奖金 定期 体检 晋升 通道 零食 下午茶 定期 团建 免费 工作餐 原材料 加工 民营 应届 管培生 上海 松江区 今日 回复 + 一金 年终奖金 定期 体检 晋升 通道 零食 下午茶 定期 团建 免费 工作餐 上海 呼享 环保 科技 有限公司 原材料 加工 民营 聊聊 投递
38,应届生,5-7千·13薪,5000.0,7000.0,6000.0,False,上海,,精基科技有限公司,机械/设备/重工,民营,150-500人,不限,无经验友好,培训,1,应届生 培训 机械 设备 重工 民营 150 500人 应届生 5 7千 13薪 上海 今日回复10+次 培训 精基科技有限公司 机械 设备 重工民营150 500人 去聊聊 投递,,应届生 培训 机械 设备 重工 民营 应届生 上海 今日 回复 + 培训 精基 科技 有限公司 机械 设备 重工 民营 聊聊 投递
39,实习生(应届生)-机械设计,4-6千,4000.0,6000.0,5000.0,False,上海,,特乐斯特机械（上海）有限公司,机械/设备/重工,未标明,50-150人,不限,无经验友好,设计|机械|结构设计师|机械工程师|工程师|交通补贴|专业培训|定期体检|餐饮补贴,9,实习生 应届生 机械设计 设计 机械 结构设计师 机械工程师 工程师 交通补贴 专业培训 定期体检 餐饮补贴 机械 设备 重工 外资 欧美 50 150人 实习生 应届生 机械设计 4 6千 上海 设计 机械 结构设计师 机械工程师 工程师 交通补贴 专业培训 定期体检 餐饮补贴 特乐斯特机械 上海 有限公司 机械 设备 重工外资 欧美 50 150人 去聊聊 投递,,实习生 应届生 机械设计 设计 机械 结构 设计师 机械 工程师 工程师 交通 补贴 专业培训 定期 体检 餐饮 补贴 机械 设备 重工 外资 欧美 实习生 应届生 机械设计 上海 设计 机械 结构 设计师 机械 工程师 工程师 交通 补贴 专业培训 定期 体检 餐饮 补贴 特乐 斯特 机械 上海 有限公司 机械 设备 重工 外资 欧美 聊聊 投递
40,机器人调试工程师-应届,4-6千,4000.0,6000.0,5000.0,False,上海,嘉定区,上海翌鲲汽车装备有限公司,汽车,民营,少于50人,不限,无经验友好,五险一金|员工旅游|餐饮补贴|专业培训|年终奖金|定期体检|出差补贴|加班调休,8,机器人调试工程师 应届 五险一金 员工旅游 餐饮补贴 专业培训 年终奖金 定期体检 出差补贴 加班调休 汽车 民营 少于50人 机器人调试工程师 应届 4 6千 上海 嘉定区 五险一金 员工旅游 餐饮补贴 专业培训 年终奖金 定期体检 出差补贴 加班调休 上海翌鲲汽车装备有限公司 汽车民营少于50人 去聊聊 投递,,机器人 调试 工程师 应届 一金 员工 旅游 餐饮 补贴 专业培训 年终奖金 定期 体检 出差 补贴 加班 调休 汽车 民营 少于 机器人 调试 工程师 应届 上海 嘉定区 一金 员工 旅游 餐饮 补贴 专业培训 年终奖金 定期 体检 出差 补贴 加班 调休 上海 翌鲲 汽车 装备 有限公司 汽车 民营 少于 聊聊 投递
41,工艺设计人员（校招岗位）,6-8千,6000.0,8000.0,7000.0,False,上海,普陀区,上海纺织建筑设计研究院有限公司,其他专业服务,国企,150-500人,不限,未标明,cad|纺织|化纤|工厂设计|餐补|交通补贴|五险一金|餐饮补贴|高温补贴,9,工艺设计人员 校招岗位 cad 纺织 化纤 工厂设计 餐补 交通补贴 五险一金 餐饮补贴 高温补贴 其他专业服务 国企 150 500人 工艺设计人员 校招岗位 6 8千 上海 普陀区 cad 纺织 化纤 工厂设计 餐补 交通补贴 五险一金 餐饮补贴 高温补贴 上海纺织建筑设计研究院有限公司 其他专业服务国企150 500人 去聊聊 投递,,工艺 设计 人员 校招 cad 纺织 化纤 工厂 设计 餐补 交通 补贴 一金 餐饮 补贴 高温 补贴 其他 专业 服务 国企 工艺 设计 人员 校招 上海 普陀区 cad 纺织 化纤 工厂 设计 餐补 交通 补贴 一金 餐饮 补贴 高温 补贴 上海 纺织 建筑设计 研究院 有限公司 其他 专业 服务 国企 聊聊 投递
42,机械设计实习生,4-6千,4000.0,6000.0,5000.0,False,上海,金山区,上海蜀马技术有限公司,机械/设备/重工,民营,少于50人,不限,未标明,五险一金|年终奖金|餐饮补贴|交通补贴,4,机械设计实习生 五险一金 年终奖金 餐饮补贴 交通补贴 机械 设备 重工 民营 少于50人 机械设计实习生 4 6千 上海 金山区 本周查看简历2次 五险一金 年终奖金 餐饮补贴 交通补贴 上海蜀马技术有限公司 机械 设备 重工民营少于50人 去聊聊 投递,,机械设计 实习生 一金 年终奖金 餐饮 补贴 交通 补贴 机械 设备 重工 民营 少于 机械设计 实习生 上海 金山区 本周 查看 简历 一金 年终奖金 餐饮 补贴 交通 补贴 上海 技术 有限公司 机械 设备 重工 民营 少于 聊聊 投递
43,销售工程师（欢迎应届生加入）,6千-1.2万,6000.0,12000.0,9000.0,False,上海,浦东新区,上海滤威过滤系统有限公司,机械/设备/重工,民营,50-150人,不限,无经验友好,节日福利|加班补贴|绩效奖金|专业培训|通讯补贴|交通补贴|餐饮补贴|大客户销售|销售代表|客户代表|销售工程师|大客户管主管|区域销售经理|业务拓展经理|客户经理|业务专员,16,销售工程师 欢迎应届生加入 节日福利 加班补贴 绩效奖金 专业培训 通讯补贴 交通补贴 餐饮补贴 大客户销售 销售代表 客户代表 销售工程师 大客户管主管 区域销售经理 业务拓展经理 客户经理 业务专员 机械 设备 重工 民营 50 150人 销售工程师 欢迎应届生加入 6千 1.2万 上海 浦东新区 1分钟前回复 节日福利 加班补贴 绩效奖金 专业培训 通讯补贴 交通补贴 餐饮补贴 大客户销售 销售代表 客户代表 销售工程师 大客户管主管 区域销售经理 业务拓展经理 客户经理 业务专员 上海滤威过滤系统有限公司 机械 设备 重工民营50 150人 去聊聊 投递,,销售 工程师 欢迎 应届生 加入 节日 加班 补贴 绩效奖金 专业培训 通讯 补贴 交通 补贴 餐饮 补贴 客户 销售 销售 代表 客户 代表 销售 工程师 客户 主管 区域 销售 经理 业务 拓展 经理 客户经理 业务 专员 机械 设备 重工 民营 销售 工程师 欢迎 应届生 加入 上海 浦东新区 分钟 回复 节日 加班 补贴 绩效奖金 专业培训 通讯 补贴 交通 补贴 餐饮 补贴 客户 销售 销售 代表 客户 代表 销售 工程师 客户 主管 区域 销售 经理 业务 拓展 经理 客户经理 业务 专员 上海 滤威 过滤 系统 有限公司 机械 设备 重工 民营 聊聊 投递
44,机械助理工程师（接受应届生）,4-8千,4000.0,8000.0,6000.0,False,上海,,上海智机工业设备有限公司,汽车研发/制造丨汽车零部件丨机械/设备/重工,民营,50-150人,不限,无经验友好,培训,1,机械助理工程师 接受应届生 培训 汽车研发 制造丨汽车零部件丨机械 设备 重工 民营 50 150人 机械助理工程师 接受应届生 4 8千 上海 24分钟前回复 培训 上海智机工业设备有限公司 汽车研发 制造丨汽车零部件丨机械 设备 重工民营50 150人 去聊聊 投递,,机械 助理工程师 接受 应届生 培训 汽车 研发 制造 汽车 零部件 机械 设备 重工 民营 机械 助理工程师 接受 应届生 上海 分钟 回复 培训 上海 智机 工业 设备 有限公司 汽车 研发 制造 汽车 零部件 机械 设备 重工 民营 聊聊 投递
45,销售工程师（面向应届毕业生）,7千-1万,7000.0,10000.0,8500.0,False,上海,黄浦区,上海兴源东安电气设备制造有限公司,仪器仪表/工业自动化,民营,500-1000人,不限,无经验友好,专业培训|带薪年假|五险一金|绩效提成|机械|销售计划|合同签订|电气自动化|询盘|报价|商务处理,11,销售工程师 面向应届毕业生 专业培训 带薪年假 五险一金 绩效提成 机械 销售计划 合同签订 电气自动化 询盘 报价 商务处理 仪器仪表 工业自动化 民营 500 1000人 销售工程师 面向应届毕业生 7千 1万 上海 黄浦区 本周处理简历2次 专业培训 带薪年假 五险一金 绩效提成 机械 销售计划 合同签订 电气自动化 询盘 报价 商务处理 上海兴源东安电气设备制造有限公司 仪器仪表 工业自动化民营500 1000人 去聊聊 投递,,销售 工程师 面向 应届毕业生 专业培训 一金 绩效 提成 机械 销售 计划 合同 签订 电气 自动化 询盘 报价 商务 处理 仪器仪表 工业 自动化 民营 销售 工程师 面向 应届毕业生 上海 黄浦区 本周 处理 简历 专业培训 一金 绩效 提成 机械 销售 计划 合同 签订 电气 自动化 询盘 报价 商务 处理 上海 兴源 东安 电气设备 制造 有限公司 仪器仪表 工业 自动化 民营 聊聊 投递
46,应届生,5-6千,5000.0,6000.0,5500.0,False,上海,嘉定区,上海南自科技股份有限公司,仪器仪表/工业自动化,民营,150-500人,不限,无经验友好,STM32|TMS28335|周末双休|五险一金|节日福利|年终奖金|绩效奖金|员工旅游|专业培训|定期体检,10,应届生 STM32 TMS28335 周末双休 五险一金 节日福利 年终奖金 绩效奖金 员工旅游 专业培训 定期体检 仪器仪表 工业自动化 民营 150 500人 应届生 5 6千 上海 嘉定区 本周查看简历2次 STM32 TMS28335 周末双休 五险一金 节日福利 年终奖金 绩效奖金 员工旅游 专业培训 定期体检 上海南自科技股份有限公司 仪器仪表 工业自动化民营150 500人 去聊聊 投递,,应届生 STM32 TMS28335 周末 双休 一金 节日 年终奖金 绩效奖金 员工 旅游 专业培训 定期 体检 仪器仪表 工业 自动化 民营 应届生 上海 嘉定区 本周 查看 简历 STM32 TMS28335 周末 双休 一金 节日 年终奖金 绩效奖金 员工 旅游 专业培训 定期 体检 上海 科技股份 有限公司 仪器仪表 工业 自动化 民营 聊聊 投递
47,工艺助理工程师（27届毕业生）,6-7千·14薪,6000.0,7000.0,6500.0,False,上海,奉贤区,上海银轮热交换系统有限公司,汽车零部件,民营,500-1000人,不限,未标明,机械制造|车辆工程|工艺验证|生产工艺|工艺|生产工艺流程|材料工程|产品试产|工艺文档,9,工艺助理工程师 27届毕业生 机械制造 车辆工程 工艺验证 生产工艺 工艺 生产工艺流程 材料工程 产品试产 工艺文档 汽车零部件 民营 500 1000人 工艺助理工程师 27届毕业生 6 7千 14薪 上海 奉贤区 机械制造 车辆工程 工艺验证 生产工艺 工艺 生产工艺流程 材料工程 产品试产 工艺文档 上海银轮热交换系统有限公司 汽车零部件民营500 1000人 去聊聊 投递,,工艺 助理工程师 毕业生 机械制造 车辆 工程 工艺 验证 生产工艺 工艺 生产 工艺流程 材料 工程 产品 试产 工艺 文档 汽车 零部件 民营 工艺 助理工程师 毕业生 上海 奉贤区 机械制造 车辆 工程 工艺 验证 生产工艺 工艺 生产 工艺流程 材料 工程 产品 试产 工艺 文档 上海 银轮 热交换 系统 有限公司 汽车 零部件 民营 聊聊 投递
48,加工中心见习岗（26届应届生）,3-4.6千,3000.0,4600.0,3800.0,False,上海,闵行区,上海神开石油化工装备股份有限公司,石油/石化,未标明,1000-5000人,不限,无经验友好,周末双休|带薪年假|五险一金|包吃|专业培训|节日福利|绩效奖金|年终奖金|定期体检|提供午餐|做五休二|出国机会|免费工作餐|出差补贴|交通补贴,15,加工中心见习岗 26届应届生 周末双休 带薪年假 五险一金 包吃 专业培训 节日福利 绩效奖金 年终奖金 定期体检 提供午餐 做五休二 出国机会 免费工作餐 出差补贴 交通补贴 石油 石化 已上市 1000 5000人 加工中心见习岗 26届应届生 3 4.6千 上海 闵行区 周末双休 带薪年假 五险一金 包吃 专业培训 节日福利 绩效奖金 年终奖金 定期体检 提供午餐 做五休二 出国机会 免费工作餐 出差补贴 交通补贴 上海神开石油化工装备股份有限公司 石油 石化已上市1000 5000人 去聊聊 投递,,加工 中心 见习 应届生 周末 双休 一金 包吃 专业培训 节日 绩效奖金 年终奖金 定期 体检 午餐 做五休 出国 机会 免费 工作餐 出差 补贴 交通 补贴 石油 石化 上市 加工 中心 见习 应届生 上海 闵行区 周末 双休 一金 包吃 专业培训 节日 绩效奖金 年终奖金 定期 体检 午餐 做五休 出国 机会 免费 工作餐 出差 补贴 交通 补贴 上海 神开 石油化工 装备 股份 有限公司 石油 石化 上市 聊聊 投递
49,本科优先+单间住宿+可线上面试+正式Offer,8千-1.4万·13薪,8000.0,14000.0,11000.0,False,上海,嘉定区,上海太平洋房屋服务有限公司,地产经纪/中介,未标明,5000-10000人,本科,未标明,员工宿舍|住宿|高提成|宿舍,4,本科优先+单间住宿+可线上面试+正式Offer 员工宿舍 住宿 高提成 宿舍 地产经纪 中介 外资 非欧美 5000 10000人 本科优先+单间住宿+可线上面试+正式Offer 8千 1.4万 13薪 上海 嘉定区 在线 28分钟前查看简历 员工宿舍 住宿 高提成 宿舍 上海太平洋房屋服务有限公司 地产经纪 中介外资 非欧美 5000 10000人 去聊聊 投递,,本科 + 单间 住宿 + 可线 面试 + 正式 Offer 员工 宿舍 住宿 提成 宿舍 地产 经纪 中介 外资 欧美 本科 + 单间 住宿 + 可线 面试 + 正式 Offer 上海 嘉定区 在线 分钟 查看 简历 员工 宿舍 住宿 提成 宿舍 上海 太平洋 房屋 服务 有限公司 地产 经纪 中介 外资 欧美 聊聊 投递
50,纺织设备技术员,4-8千,4000.0,8000.0,6000.0,False,上海,浦东新区,内蒙古鄂尔多斯电力冶金集团股份有限公司,化工丨电气/电力/水利丨采掘/冶炼,民营,500-1000人,不限,未标明,自动化|plc|安装调试|技术改造|预防性保养|设备维修调试|纺织设备|故障诊断|机电一体化|故障分析|五险一金|年终奖金,12,纺织设备技术员 自动化 plc 安装调试 技术改造 预防性保养 设备维修调试 纺织设备 故障诊断 机电一体化 故障分析 五险一金 年终奖金 化工丨电气 电力 水利丨采掘 冶炼 民营 500 1000人 纺织设备技术员 4 8千 上海 浦东新区 自动化 plc 安装调试 技术改造 预防性保养 设备维修调试 纺织设备 故障诊断 机电一体化 故障分析 五险一金 年终奖金 内蒙古鄂尔多斯电力冶金集团股份有限公司 化工丨电气 电力 水利丨采掘 冶炼民营500 1000人 去聊聊 投递,,纺织设备 技术员 自动化 plc 安装 调试 技术改造 预防性 保养 设备 维修 调试 纺织设备 故障诊断 机电 一体化 故障 分析 一金 年终奖金 化工 电气 电力 水利 采掘 冶炼 民营 纺织设备 技术员 上海 浦东新区 自动化 plc 安装 调试 技术改造 预防性 保养 设备 维修 调试 纺织设备 故障诊断 机电 一体化 故障 分析 一金 年终奖金 内蒙古 鄂尔多斯 电力 冶金 集团股份 有限公司 化工 电气 电力 水利 采掘 冶炼 民营 聊聊 投递
51,外企新材料厂普工操作工CNC操作工,7-9千,7000.0,9000.0,8000.0,False,上海,浦东新区,上海万鑫人力资源（集团）有限公司,机械/设备/重工,民营,50-150人,不限,未标明,工作餐|可预支|包吃住|宿舍|住宿|班车接送|体检|包吃包住|新手|培训|可带手机,11,外企新材料厂普工操作工CNC操作工 工作餐 可预支 包吃住 宿舍 住宿 班车接送 体检 包吃包住 新手 培训 可带手机 机械 设备 重工 民营 50 150人 外企新材料厂普工操作工CNC操作工 7 9千 上海 浦东新区 工作餐 可预支 包吃住 宿舍 住宿 班车接送 体检 包吃包住 新手 培训 可带手机 上海万鑫人力资源 集团 有限公司 机械 设备 重工民营50 150人 去聊聊 投递,,外企 材料厂 普工 操作工 CNC 操作工 工作餐 预支 包吃 宿舍 住宿 班车 接送 体检 包吃包住 新手 培训 可带 手机 机械 设备 重工 民营 外企 材料厂 普工 操作工 CNC 操作工 上海 浦东新区 工作餐 预支 包吃 宿舍 住宿 班车 接送 体检 包吃包住 新手 培训 可带 手机 上海 万鑫 人力资源 集团 有限公司 机械 设备 重工 民营 聊聊 投递
52,管培生,5-8千,5000.0,8000.0,6500.0,False,上海,嘉定区,上海华智易通新能源科技有限公司,汽车零部件,民营,50-150人,不限,未标明,电气|机械|财务|自动化|理工科|材料|五险一金|交通补贴|餐饮补贴|通讯补贴|专业培训|绩效奖金|年终奖金|定期体检,14,管培生 电气 机械 财务 自动化 理工科 材料 五险一金 交通补贴 餐饮补贴 通讯补贴 专业培训 绩效奖金 年终奖金 定期体检 汽车零部件 民营 50 150人 管培生 5 8千 上海 嘉定区 在线 30分钟前查看简历 电气 机械 财务 自动化 理工科 材料 五险一金 交通补贴 餐饮补贴 通讯补贴 专业培训 绩效奖金 年终奖金 定期体检 上海华智易通新能源科技有限公司 汽车零部件民营50 150人 去聊聊 投递,,管培生 电气 机械 财务 自动化 理工科 材料 一金 交通 补贴 餐饮 补贴 通讯 补贴 专业培训 绩效奖金 年终奖金 定期 体检 汽车 零部件 民营 管培生 上海 嘉定区 在线 分钟 查看 简历 电气 机械 财务 自动化 理工科 材料 一金 交通 补贴 餐饮 补贴 通讯 补贴 专业培训 绩效奖金 年终奖金 定期 体检 上海 华智易通 新能源 科技 有限公司 汽车 零部件 民营 聊聊 投递
53,应届毕业生/技术助理,5-7千,5000.0,7000.0,6000.0,False,上海,浦东新区,上海联明机械股份有限公司,机械/设备/重工,民营,500-1000人,不限,无经验友好,机械|五险一金|免费班车|年终奖金,4,应届毕业生 技术助理 机械 五险一金 免费班车 年终奖金 机械 设备 重工 民营 500 1000人 应届毕业生 技术助理 5 7千 上海 浦东新区 今日查看简历2次 机械 五险一金 免费班车 年终奖金 上海联明机械股份有限公司 机械 设备 重工民营500 1000人 去聊聊 投递,,应届毕业生 技术 助理 机械 一金 免费 班车 年终奖金 机械 设备 重工 民营 应届毕业生 技术 助理 上海 浦东新区 今日 查看 简历 机械 一金 免费 班车 年终奖金 上海 联明 机械 股份 有限公司 机械 设备 重工 民营 聊聊 投递
54,销售工程师（应届毕业生）,6.5-8.5千,6500.0,8500.0,7500.0,False,上海,松江区,宏发自动化设备（上海）有限公司,仪器仪表/工业自动化,未标明,少于50人,不限,无经验友好,年终奖金|工作餐|五险一金|员工旅游|通讯补贴|定期体检|节日福利|交通补贴|周末双休|法定节假|节假日|工龄工资|销售提成|免费工作餐|带薪年假|管理|营销|自动化|售后服务|技术方案|机械自动化|拜访新老客户|商务谈判|收集项目信息|电子电器,25,销售工程师 应届毕业生 年终奖金 工作餐 五险一金 员工旅游 通讯补贴 定期体检 节日福利 交通补贴 周末双休 法定节假 节假日 工龄工资 销售提成 免费工作餐 带薪年假 管理 营销 自动化 售后服务 技术方案 机械自动化 拜访新老客户 商务谈判 收集项目信息 电子电器 仪器仪表 工业自动化 已上市 少于50人 销售工程师 应届毕业生 6.5 8.5千 上海 松江区 今日回复3次 年终奖金 工作餐 五险一金 员工旅游 通讯补贴 定期体检 节日福利 交通补贴 周末双休 法定节假 节假日 工龄工资 销售提成 免费工作餐 带薪年假 管理 营销 自动化 售后服务 技术方案 机械自动化 拜访新老客户 商务谈判 收集项目信息 电子电器 宏发自动化设备 上海 有限公司 仪器仪表 工业自动化已上市少于50人 去聊聊 投递,,销售 工程师 应届毕业生 年终奖金 工作餐 一金 员工 旅游 通讯 补贴 定期 体检 节日 交通 补贴 周末 双休 法定 节假 节假日 工龄 工资 销售 提成 免费 工作餐 管理 营销 自动化 售后服务 技术 方案 机械 自动化 拜访 老客户 商务谈判 收集 项目 信息 电子电器 仪器仪表 工业 自动化 上市 少于 销售 工程师 应届毕业生 上海 松江区 今日 回复 年终奖金 工作餐 一金 员工 旅游 通讯 补贴 定期 体检 节日 交通 补贴 周末 双休 法定 节假 节假日 工龄 工资 销售 提成 免费 工作餐 管理 营销 自动化 售后服务 技术 方案 机械 自动化 拜访 老客户 商务谈判 收集 项目 信息 电子电器 宏发 自动化 设备 上海 有限公司 仪器仪表 工业 自动化 上市 少于 聊聊 投递
55,大学生优先 解决住宿 师傅带教,8千-1.3万,8000.0,13000.0,10500.0,False,上海,松江区,上海太平洋房屋服务有限公司,地产经纪/中介,未标明,5000-10000人,不限,未标明,师傅带教|解决住宿|晋升快|团队协作|接受小白|五险一金|就近安排|晋升公平|绩效奖金|年终奖|提供住宿|大学生|就近分配|无责底薪|师傅带教|住宿|新人奖|发展平台|内部晋升|住宿方案|公平公正|晋升透明|就近安排|晋升空间|季度奖,25,大学生优先 解决住宿 师傅带教 师傅带教 解决住宿 晋升快 团队协作 接受小白 五险一金 就近安排 晋升公平 绩效奖金 年终奖 提供住宿 大学生 就近分配 无责底薪 师傅带教 住宿 新人奖 发展平台 内部晋升 住宿方案 公平公正 晋升透明 就近安排 晋升空间 季度奖 地产经纪 中介 外资 非欧美 5000 10000人 大学生优先 解决住宿 师傅带教 8千 1.3万 上海 松江区 53分钟前处理简历 师傅带教 解决住宿 晋升快 团队协作 接受小白 五险一金 就近安排 晋升公平 绩效奖金 年终奖 提供住宿 大学生 就近分配 无责底薪 师傅带教 住宿 新人奖 发展平台 内部晋升 住宿方案 公平公正 晋升透明 就近安排 晋升空间 季度奖 上海太平洋房屋服务有限公司 地产经纪 中介外资 非欧美 5000 10000人 去聊聊 投递,,大学生 解决 住宿 师傅 带教 师傅 带教 解决 住宿 晋升 团队协作 接受 小白 一金 就近 安排 晋升 公平 绩效奖金 年终奖 住宿 大学生 就近 分配 无责 底薪 师傅 带教 住宿 新人奖 发展 平台 内部 晋升 住宿 方案 公平 公正 晋升 透明 就近 安排 晋升 空间 季度 地产 经纪 中介 外资 欧美 大学生 解决 住宿 师傅 带教 上海 松江区 分钟 处理 简历 师傅 带教 解决 住宿 晋升 团队协作 接受 小白 一金 就近 安排 晋升 公平 绩效奖金 年终奖 住宿 大学生 就近 分配 无责 底薪 师傅 带教 住宿 新人奖 发展 平台 内部 晋升 住宿 方案 公平 公正 晋升 透明 就近 安排 晋升 空间 季度 上海 太平洋 房屋 服务 有限公司 地产 经纪 中介 外资 欧美 聊聊 投递
56,报销车票+线上面试发offer+提供住宿,8千-1.6万,8000.0,16000.0,12000.0,False,上海,,上海太平洋房屋服务有限公司,地产经纪/中介,未标明,5000-10000人,不限,未标明,带薪年假|小白首选|团建福利|可线上面试|氛围融洽|就近分配|解决住宿|提供住宿|带薪年假|绩效奖金|多劳多得|员工培训|技能培训|就近分配|弹性工作|节日福利|住宿|团队提成|提成|00后|行业前景|晋升,22,报销车票+线上面试发offer+提供住宿 带薪年假 小白首选 团建福利 可线上面试 氛围融洽 就近分配 解决住宿 提供住宿 带薪年假 绩效奖金 多劳多得 员工培训 技能培训 就近分配 弹性工作 节日福利 住宿 团队提成 提成 00后 行业前景 晋升 地产经纪 中介 外资 非欧美 5000 10000人 报销车票+线上面试发offer+提供住宿 8千 1.6万 上海 在线 本周查看简历39次 带薪年假 小白首选 团建福利 可线上面试 氛围融洽 就近分配 解决住宿 提供住宿 带薪年假 绩效奖金 多劳多得 员工培训 技能培训 就近分配 弹性工作 节日福利 住宿 团队提成 提成 00后 行业前景 晋升 上海太平洋房屋服务有限公司 地产经纪 中介外资 非欧美 5000 10000人 去聊聊 投递,,报销 车票 + 线上 面试 offer + 住宿 小白 首选 团建 可线 面试 氛围 融洽 就近 分配 解决 住宿 住宿 绩效奖金 多劳多得 员工 培训 技能 培训 就近 分配 弹性 节日 住宿 团队 提成 提成 行业 前景 晋升 地产 经纪 中介 外资 欧美 报销 车票 + 线上 面试 offer + 住宿 上海 在线 本周 查看 简历 小白 首选 团建 可线 面试 氛围 融洽 就近 分配 解决 住宿 住宿 绩效奖金 多劳多得 员工 培训 技能 培训 就近 分配 弹性 节日 住宿 团队 提成 提成 行业 前景 晋升 上海 太平洋 房屋 服务 有限公司 地产 经纪 中介 外资 欧美 聊聊 投递
57,制管学徒,4.5-5千,4500.0,5000.0,4750.0,False,上海,金山区,万德浮（上海）新材料股份有限公司,机械/设备/重工,民营,50-150人,不限,未标明,,0,制管学徒 机械 设备 重工 民营 50 150人 制管学徒 4.5 5千 上海 金山区 万德浮 上海 新材料股份有限公司 机械 设备 重工民营50 150人 去聊聊 投递,,制管 学徒 机械 设备 重工 民营 制管 学徒 上海 金山区 万德浮 上海 材料 股份 有限公司 机械 设备 重工 民营 聊聊 投递
58,储备干部,6-8千,6000.0,8000.0,7000.0,False,上海,松江区,上海侨亨实业有限公司,汽车研发/制造,民营,500-1000人,不限,未标明,自动化|机电,2,储备干部 自动化 机电 汽车研发 制造 民营 500 1000人 储备干部 6 8千 上海 松江区 本周处理简历1次 自动化 机电 上海侨亨实业有限公司 汽车研发 制造民营500 1000人 去聊聊 投递,,储备干部 自动化 机电 汽车 研发 制造 民营 储备干部 上海 松江区 本周 处理 简历 自动化 机电 上海 侨亨 实业 有限公司 汽车 研发 制造 民营 聊聊 投递
59,大学生优先+可线上面试+正式offer+单间住宿,9千-1.4万,9000.0,14000.0,11500.0,False,上海,黄浦区,上海太平洋房屋服务有限公司,地产经纪/中介,未标明,5000-10000人,不限,未标明,房地产行业|销售|客户接待|提供住宿|专业培训|带薪年假|年终奖金|餐饮补贴|出国机会|住宿|师傅带教|提成奖金|培训|底薪,14,大学生优先+可线上面试+正式offer+单间住宿 房地产行业 销售 客户接待 提供住宿 专业培训 带薪年假 年终奖金 餐饮补贴 出国机会 住宿 师傅带教 提成奖金 培训 底薪 地产经纪 中介 外资 非欧美 5000 10000人 大学生优先+可线上面试+正式offer+单间住宿 9千 1.4万 上海 黄浦区 在线 30分钟前处理简历 房地产行业 销售 客户接待 提供住宿 专业培训 带薪年假 年终奖金 餐饮补贴 出国机会 住宿 师傅带教 提成奖金 培训 底薪 上海太平洋房屋服务有限公司 地产经纪 中介外资 非欧美 5000 10000人 去聊聊 投递,,大学生 + 可线 面试 + 正式 offer + 单间 住宿 房地产 行业 销售 客户 接待 住宿 专业培训 年终奖金 餐饮 补贴 出国 机会 住宿 师傅 带教 提成 奖金 培训 底薪 地产 经纪 中介 外资 欧美 大学生 + 可线 面试 + 正式 offer + 单间 住宿 上海 黄浦区 在线 分钟 处理 简历 房地产 行业 销售 客户 接待 住宿 专业培训 年终奖金 餐饮 补贴 出国 机会 住宿 师傅 带教 提成 奖金 培训 底薪 上海 太平洋 房屋 服务 有限公司 地产 经纪 中介 外资 欧美 聊聊 投递
60,大学生优先底薪8k+线上面试+正式offer,1.5-2.1万,1500.0,21000.0,11250.0,False,上海,闵行区,上海太平洋房屋服务有限公司,地产经纪/中介,未标明,5000-10000人,不限,未标明,房源推荐|房地产行业|客户接待|提供住宿|专业培训|带薪年假|年终奖金|餐饮补贴|出国机会|师傅带教|提成奖金|培训|底薪,13,大学生优先底薪8k+线上面试+正式offer 房源推荐 房地产行业 客户接待 提供住宿 专业培训 带薪年假 年终奖金 餐饮补贴 出国机会 师傅带教 提成奖金 培训 底薪 地产经纪 中介 外资 非欧美 5000 10000人 大学生优先底薪8k+线上面试+正式offer 1.5 2.1万 上海 闵行区 在线 房源推荐 房地产行业 客户接待 提供住宿 专业培训 带薪年假 年终奖金 餐饮补贴 出国机会 师傅带教 提成奖金 培训 底薪 上海太平洋房屋服务有限公司 地产经纪 中介外资 非欧美 5000 10000人 去聊聊 投递,,大学生 底薪 8k + 线上 面试 + 正式 offer 房源 推荐 房地产 行业 客户 接待 住宿 专业培训 年终奖金 餐饮 补贴 出国 机会 师傅 带教 提成 奖金 培训 底薪 地产 经纪 中介 外资 欧美 大学生 底薪 8k + 线上 面试 + 正式 offer 上海 闵行区 在线 房源 推荐 房地产 行业 客户 接待 住宿 专业培训 年终奖金 餐饮 补贴 出国 机会 师傅 带教 提成 奖金 培训 底薪 上海 太平洋 房屋 服务 有限公司 地产 经纪 中介 外资 欧美 聊聊 投递
61,招聘专员（on-site),8千-1万,8000.0,10000.0,9000.0,False,上海,静安区,希思黎（上海）化妆品商贸有限公司,日化/化妆品,未标明,500-1000人,不限,未标明,招聘,1,招聘专员 on site 招聘 日化 化妆品 外资 欧美 500 1000人 招聘专员 on site 8千 1万 上海 静安区 今日回复10+次 招聘 希思黎 上海 化妆品商贸有限公司 日化 化妆品外资 欧美 500 1000人 去聊聊 投递,,专员 on site 日化 化妆品 外资 欧美 专员 on site 上海 静安区 今日 回复 + 希思黎 上海 化妆品 商贸 有限公司 日化 化妆品 外资 欧美 聊聊 投递
62,HR Intern - Training & Development,3.3-4.4千,3300.0,4400.0,3850.0,False,上海,闵行区,喜利得（上海）有限公司,工程施工丨原材料和加工丨机械/设备/重工,未标明,150-500人,不限,未标明,五险一金|补充医疗保险|子女医疗保险|带薪年假|带薪病假|员工旅游|年终奖金|专业培训|定期体检|出国机会,10,HR Intern Training Development 五险一金 补充医疗保险 子女医疗保险 带薪年假 带薪病假 员工旅游 年终奖金 专业培训 定期体检 出国机会 工程施工丨原材料和加工丨机械 设备 重工 外资 欧美 150 500人 HR Intern Training Development 3.3 4.4千 上海 闵行区 五险一金 补充医疗保险 子女医疗保险 带薪年假 带薪病假 员工旅游 年终奖金 专业培训 定期体检 出国机会 喜利得 上海 有限公司 工程施工丨原材料和加工丨机械 设备 重工外资 欧美 150 500人 去聊聊 投递,,HR Intern Training Development 一金 补充 医疗保险 子女 医疗保险 病假 员工 旅游 年终奖金 专业培训 定期 体检 出国 机会 工程施工 原材料 加工 机械 设备 重工 外资 欧美 HR Intern Training Development 上海 闵行区 一金 补充 医疗保险 子女 医疗保险 病假 员工 旅游 年终奖金 专业培训 定期 体检 出国 机会 喜利得 上海 有限公司 工程施工 原材料 加工 机械 设备 重工 外资 欧美 聊聊 投递
63,校园实习生,3.5-5千,3500.0,5000.0,4250.0,False,上海,黄浦区,上海撕凯国际货运代理有限公司,货运/物流/仓储,未标明,少于50人,不限,未标明,五险一金|带薪年假|年终奖金|绩效奖金|出国机会|零食下午茶|国际货代,7,校园实习生 五险一金 带薪年假 年终奖金 绩效奖金 出国机会 零食下午茶 国际货代 货运 物流 仓储 外资 非欧美 少于50人 校园实习生 3.5 5千 上海 黄浦区 五险一金 带薪年假 年终奖金 绩效奖金 出国机会 零食下午茶 国际货代 上海撕凯国际货运代理有限公司 货运 物流 仓储外资 非欧美 少于50人 去聊聊 投递,,校园 实习生 一金 年终奖金 绩效奖金 出国 机会 零食 下午茶 国际 货代 货运 物流 仓储 外资 欧美 少于 校园 实习生 上海 黄浦区 一金 年终奖金 绩效奖金 出国 机会 零食 下午茶 国际 货代 上海 撕凯 国际 货运 代理 有限公司 货运 物流 仓储 外资 欧美 少于 聊聊 投递
64,Human Resource Specialist,10-13万/年,10000.0,130000.0,70000.0,False,上海,,以星综合航运（中国）有限公司,交通/运输/客运,未标明,150-500人,不限,未标明,人力资源专员|招聘专员|人事专员|五险一金|专业培训|周末双休|定期体检|补充医疗保险|餐饮补贴,9,Human Resource Specialist 人力资源专员 招聘专员 人事专员 五险一金 专业培训 周末双休 定期体检 补充医疗保险 餐饮补贴 交通 运输 客运 外资 非欧美 150 500人 Human Resource Specialist 10 13万 年 上海 本周查看简历7次 人力资源专员 招聘专员 人事专员 五险一金 专业培训 周末双休 定期体检 补充医疗保险 餐饮补贴 以星综合航运 中国 有限公司 交通 运输 客运外资 非欧美 150 500人 去聊聊 投递,,Human Resource Specialist 人力资源 专员 专员 人事 专员 一金 专业培训 周末 双休 定期 体检 补充 医疗保险 餐饮 补贴 交通 运输 客运 外资 欧美 Human Resource Specialist 上海 本周 查看 简历 人力资源 专员 专员 人事 专员 一金 专业培训 周末 双休 定期 体检 补充 医疗保险 餐饮 补贴 以星 综合 航运 中国 有限公司 交通 运输 客运 外资 欧美 聊聊 投递
65,HR经理（机器人行业）,6千-1万,6000.0,10000.0,8000.0,False,上海,浦东新区,上海世纪云端智能信息科技有限公司,人工智能,民营,少于50人,不限,未标明,招聘|五险一金|绩效奖金|项目奖金|专业培训|定期团建,6,HR经理 机器人行业 招聘 五险一金 绩效奖金 项目奖金 专业培训 定期团建 人工智能 民营 少于50人 HR经理 机器人行业 6千 1万 上海 浦东新区 招聘 五险一金 绩效奖金 项目奖金 专业培训 定期团建 上海世纪云端智能信息科技有限公司 人工智能民营少于50人 去聊聊 投递,,HR 经理 机器人 行业 一金 绩效奖金 项目 奖金 专业培训 定期 团建 人工智能 民营 少于 HR 经理 机器人 行业 上海 浦东新区 一金 绩效奖金 项目 奖金 专业培训 定期 团建 上海 世纪 云端 智能 信息 科技 有限公司 人工智能 民营 少于 聊聊 投递
66,实习生（行政助理方向）,4-4.5千,4000.0,4500.0,4250.0,False,上海,浦东新区,华为问界店,汽车,合资,50-150人,不限,3年以上,新能源|新能源汽车|27年毕业生|实习,4,实习生 行政助理方向 新能源 新能源汽车 27年毕业生 实习 汽车 合资 50 150人 实习生 行政助理方向 4 4.5千 上海 浦东新区 今日回复10+次 新能源 新能源汽车 27年毕业生 实习 华为问界店 汽车合资50 150人 去聊聊 投递,,实习生 行政助理 方向 新能源 新能源 汽车 毕业生 实习 汽车 合资 实习生 行政助理 方向 上海 浦东新区 今日 回复 + 新能源 新能源 汽车 毕业生 实习 华为 问界店 汽车 合资 聊聊 投递
67,零售训练生（全国开放）ID218757,4-6千,4000.0,6000.0,5000.0,False,上海,,宝格丽商业（上海）有限公司,其他行业,未标明,150-500人,不限,未标明,销售|售后|零售|珠宝,4,零售训练生 全国开放 ID218757 销售 售后 零售 珠宝 其他行业 外资 欧美 150 500人 零售训练生 全国开放 ID218757 4 6千 上海 20分钟前回复 销售 售后 零售 珠宝 宝格丽商业 上海 有限公司 其他行业外资 欧美 150 500人 去聊聊 投递,,零售 训练 全国 开放 ID218757 销售 售后 零售 珠宝 其他 行业 外资 欧美 零售 训练 全国 开放 ID218757 上海 分钟 回复 销售 售后 零售 珠宝 宝格丽 商业 上海 有限公司 其他 行业 外资 欧美 聊聊 投递
68,招聘专员,6-7千,6000.0,7000.0,6500.0,False,上海,静安区,欧立腾（北京）技术咨询有限公司上海分公司,汽车研发/制造丨汽车零部件,民营,500-1000人,不限,未标明,五险一金|补充医疗保险|定期体检|周末双休,4,招聘专员 五险一金 补充医疗保险 定期体检 周末双休 汽车研发 制造丨汽车零部件 民营 500 1000人 招聘专员 6 7千 上海 静安区 五险一金 补充医疗保险 定期体检 周末双休 欧立腾 北京 技术咨询有限公司上海分公司 汽车研发 制造丨汽车零部件民营500 1000人 去聊聊 投递,,专员 一金 补充 医疗保险 定期 体检 周末 双休 汽车 研发 制造 汽车 零部件 民营 专员 上海 静安区 一金 补充 医疗保险 定期 体检 周末 双休 欧立腾 北京 技术咨询 有限公司 上海 分公司 汽车 研发 制造 汽车 零部件 民营 聊聊 投递
69,猎头/rpo招聘顾问,7千-1.4万,7000.0,14000.0,10500.0,False,上海,,香博（上海）科技有限公司,咨询,民营,少于50人,不限,未标明,招聘|猎头招聘|专职招聘|招聘流程外包|招聘全流程|批量招聘|五险一金|员工旅游|绩效奖金|年终奖金|弹性工作|周末双休|节日福利|零食下午茶,14,猎头 rpo招聘顾问 招聘 猎头招聘 专职招聘 招聘流程外包 招聘全流程 批量招聘 五险一金 员工旅游 绩效奖金 年终奖金 弹性工作 周末双休 节日福利 零食下午茶 咨询 民营 少于50人 猎头 rpo招聘顾问 7千 1.4万 上海 在线 17分钟前回复 招聘 猎头招聘 专职招聘 招聘流程外包 招聘全流程 批量招聘 五险一金 员工旅游 绩效奖金 年终奖金 弹性工作 周末双休 节日福利 零食下午茶 香博 上海 科技有限公司 咨询民营少于50人 去聊聊 投递,,猎头 rpo 顾问 猎头 专职 流程 流程 批量 一金 员工 旅游 绩效奖金 年终奖金 弹性 周末 双休 节日 零食 下午茶 咨询 民营 少于 猎头 rpo 顾问 上海 在线 分钟 回复 猎头 专职 流程 流程 批量 一金 员工 旅游 绩效奖金 年终奖金 弹性 周末 双休 节日 零食 下午茶 香博 上海 科技 有限公司 咨询 民营 少于 聊聊 投递
70,机械制造业HRBP（招聘方向）,6.5-8千·13薪,6500.0,8000.0,7250.0,False,上海,奉贤区,温州静音轴承有限公司,机械/设备/重工丨汽车零部件丨船舶/航空/航天,民营,10000人以上,不限,未标明,六大模块|三支柱模型|情绪稳定|单休|机械制造业|轴承行业|五险一金|专业培训|员工旅游|定期体检|餐饮补贴|带薪年假|节日福利|交通补贴|生日补贴|提供住宿|篮/羽毛球场|足/乒乓球场|健身房|空调、洗衣房|出差补贴,21,机械制造业HRBP 招聘方向 六大模块 三支柱模型 情绪稳定 单休 机械制造业 轴承行业 五险一金 专业培训 员工旅游 定期体检 餐饮补贴 带薪年假 节日福利 交通补贴 生日补贴 提供住宿 篮 羽毛球场 足 乒乓球场 健身房 空调 洗衣房 出差补贴 机械 设备 重工丨汽车零部件丨船舶 航空 航天 民营 10000人以上 机械制造业HRBP 招聘方向 6.5 8千 13薪 上海 奉贤区 在线 26分钟前处理简历 六大模块 三支柱模型 情绪稳定 单休 机械制造业 轴承行业 五险一金 专业培训 员工旅游 定期体检 餐饮补贴 带薪年假 节日福利 交通补贴 生日补贴 提供住宿 篮 羽毛球场 足 乒乓球场 健身房 空调 洗衣房 出差补贴 温州静音轴承有限公司 机械 设备 重工丨汽车零部件丨船舶 航空 航天民营10000人以上 去聊聊 投递,,机械 制造业 HRBP 方向 六大 模块 支柱 模型 情绪稳定 单休 机械 制造业 轴承 行业 一金 专业培训 员工 旅游 定期 体检 餐饮 补贴 节日 交通 补贴 生日 补贴 住宿 羽毛球场 乒乓球 健身房 空调 洗衣房 出差 补贴 机械 设备 重工 汽车 零部件 船舶 航空 航天 民营 机械 制造业 HRBP 方向 上海 奉贤区 在线 分钟 处理 简历 六大 模块 支柱 模型 情绪稳定 单休 机械 制造业 轴承 行业 一金 专业培训 员工 旅游 定期 体检 餐饮 补贴 节日 交通 补贴 生日 补贴 住宿 羽毛球场 乒乓球 健身房 空调 洗衣房 出差 补贴 温州 静音 轴承 有限公司 机械 设备 重工 汽车 零部件 船舶 航空 航天 民营 聊聊 投递
71,HR Intern-Retail HRBP,200元/天,200.0,200.0,4350.0,True,上海,黄浦区,伽仂（上海）技术服务有限公司,人力资源服务,民营,150-500人,不限,未标明,奖金|下午茶|体检|晋升|职业发展|交通便捷|导师带教|团队活动|五险一金|带薪年假|带薪病假|员工旅游|绩效奖金|项目奖金|专业培训,15,HR Intern Retail HRBP 奖金 下午茶 体检 晋升 职业发展 交通便捷 导师带教 团队活动 五险一金 带薪年假 带薪病假 员工旅游 绩效奖金 项目奖金 专业培训 人力资源服务 民营 150 500人 HR Intern Retail HRBP 200元 天 上海 黄浦区 奖金 下午茶 体检 晋升 职业发展 交通便捷 导师带教 团队活动 五险一金 带薪年假 带薪病假 员工旅游 绩效奖金 项目奖金 专业培训 伽仂 上海 技术服务有限公司 人力资源服务民营150 500人 去聊聊 投递,,HR Intern Retail HRBP 奖金 下午茶 体检 晋升 职业 发展 交通 便捷 导师 带教 团队 活动 一金 病假 员工 旅游 绩效奖金 项目 奖金 专业培训 人力资源 服务 民营 HR Intern Retail HRBP 上海 黄浦区 奖金 下午茶 体检 晋升 职业 发展 交通 便捷 导师 带教 团队 活动 一金 病假 员工 旅游 绩效奖金 项目 奖金 专业培训 上海 技术 服务 有限公司 人力资源 服务 民营 聊聊 投递
72,应届生/实习生,7-8千,7000.0,8000.0,7500.0,False,上海,浦东新区,上海冠松汽车发展有限公司,4S店/车后市场,合资,1000-5000人,不限,无经验友好,五险一金|绩效奖金|年终奖金|带薪年假,4,应届生 实习生 五险一金 绩效奖金 年终奖金 带薪年假 4S店 车后市场 合资 1000 5000人 应届生 实习生 7 8千 上海 浦东新区 五险一金 绩效奖金 年终奖金 带薪年假 上海冠松汽车发展有限公司 4S店 车后市场合资1000 5000人 去聊聊 投递,,应届生 实习生 一金 绩效奖金 年终奖金 4S店 车后 市场 合资 应届生 实习生 上海 浦东新区 一金 绩效奖金 年终奖金 上海 冠松 汽车 发展 有限公司 4S店 车后 市场 合资 聊聊 投递
73,必胜客餐厅储备经理-上生新所-15340,5-6千,5000.0,6000.0,5500.0,False,上海,长宁区,上海必胜客有限公司,餐饮,未标明,10000人以上,不限,无经验友好,连锁餐饮店|接受无经验|工会福利|做五休二|五险一金|系统培训|年假|医疗保险|假日福利|慰问金|购房福利|年度体检|六险一金|节假日|晋升|季度奖金,16,必胜客餐厅储备经理 上生新所 15340 连锁餐饮店 接受无经验 工会福利 做五休二 五险一金 系统培训 年假 医疗保险 假日福利 慰问金 购房福利 年度体检 六险一金 节假日 晋升 季度奖金 餐饮 外资 欧美 10000人以上 必胜客餐厅储备经理 上生新所 15340 5 6千 上海 长宁区 在线 连锁餐饮店 接受无经验 工会福利 做五休二 五险一金 系统培训 年假 医疗保险 假日福利 慰问金 购房福利 年度体检 六险一金 节假日 晋升 季度奖金 上海必胜客有限公司 餐饮外资 欧美 10000人以上 去聊聊 投递,,必胜客 餐厅 储备 经理 上生 连锁 餐饮店 接受 经验 工会 做五休 一金 系统 培训 医疗保险 假日 慰问金 购房 年度 体检 六险 一金 节假日 晋升 季度 奖金 餐饮 外资 欧美 必胜客 餐厅 储备 经理 上生 上海 长宁区 在线 连锁 餐饮店 接受 经验 工会 做五休 一金 系统 培训 医疗保险 假日 慰问金 购房 年度 体检 六险 一金 节假日 晋升 季度 奖金 上海 必胜客 有限公司 餐饮 外资 欧美 聊聊 投递
74,27届校招-中国科学技术大学校园大使,3千及以下,3000.0,3000.0,3000.0,False,上海,松江区,上海回天新材料有限公司,化工,未标明,1000-5000人,不限,未标明,ppt|校园招聘|化工行业|学生会|面试邀约|人才储备库|数据表格|复试|简历初筛|推广公司品牌|弹性工作|五险一金|定期体检|津贴|校招,15,27届校招 中国科学技术大学校园大使 ppt 校园招聘 化工行业 学生会 面试邀约 人才储备库 数据表格 复试 简历初筛 推广公司品牌 弹性工作 五险一金 定期体检 津贴 校招 化工 已上市 1000 5000人 27届校招 中国科学技术大学校园大使 3千及以下 上海 松江区 ppt 校园招聘 化工行业 学生会 面试邀约 人才储备库 数据表格 复试 简历初筛 推广公司品牌 弹性工作 五险一金 定期体检 津贴 校招 上海回天新材料有限公司 化工已上市1000 5000人 去聊聊 投递,,届校 中国 科学技术 大学校园 大使 ppt 校园 化工行业 学生会 面试 邀约 人才 储备库 数据 表格 复试 简历 初筛 推广 品牌 弹性 一金 定期 体检 津贴 校招 化工 上市 届校 中国 科学技术 大学校园 大使 千及 上海 松江区 ppt 校园 化工行业 学生会 面试 邀约 人才 储备库 数据 表格 复试 简历 初筛 推广 品牌 弹性 一金 定期 体检 津贴 校招 上海 回天 材料 有限公司 化工 上市 聊聊 投递
75,实习生（2027届）,3千及以下,3000.0,3000.0,3000.0,False,上海,浦东新区,东航飞机维修工程（上海）有限公司,船舶/航空/航天,国企,500-1000人,不限,未标明,,0,实习生 2027届 船舶 航空 航天 国企 500 1000人 实习生 2027届 3千及以下 上海 浦东新区 本周查看简历2次 东航飞机维修工程 上海 有限公司 船舶 航空 航天国企500 1000人 去聊聊 投递,,实习生 船舶 航空 航天 国企 实习生 千及 上海 浦东新区 本周 查看 简历 东航 飞机 维修 工程 上海 有限公司 船舶 航空 航天 国企 聊聊 投递
76,校园大使（华东理工大学）(J11038),130元/天,130.0,130.0,2827.5,True,上海,松江区,上海回天新材料有限公司,化工,未标明,1000-5000人,不限,未标明,五险一金|定期体检|津贴|校招,4,校园大使 华东理工大学 J11038 五险一金 定期体检 津贴 校招 化工 已上市 1000 5000人 校园大使 华东理工大学 J11038 130元 天 上海 松江区 五险一金 定期体检 津贴 校招 上海回天新材料有限公司 化工已上市1000 5000人 去聊聊 投递,,校园 大使 华东理工大学 J11038 一金 定期 体检 津贴 校招 化工 上市 校园 大使 华东理工大学 J11038 上海 松江区 一金 定期 体检 津贴 校招 上海 回天 材料 有限公司 化工 上市 聊聊 投递
77,HR实习生（招聘）(J14145),130元/天,130.0,130.0,2827.5,True,上海,松江区,上海天逸电器有限公司,电气/电力/水利,合资,150-500人,不限,未标明,招聘经验|五险一金|员工旅游|餐饮补贴|节日福利|周末双休|培训,7,HR实习生 招聘 J14145 招聘经验 五险一金 员工旅游 餐饮补贴 节日福利 周末双休 培训 电气 电力 水利 合资 150 500人 HR实习生 招聘 J14145 130元 天 上海 松江区 招聘经验 五险一金 员工旅游 餐饮补贴 节日福利 周末双休 培训 上海天逸电器有限公司 电气 电力 水利合资150 500人 去聊聊 投递,,HR 实习生 J14145 经验 一金 员工 旅游 餐饮 补贴 节日 周末 双休 培训 电气 电力 水利 合资 HR 实习生 J14145 上海 松江区 经验 一金 员工 旅游 餐饮 补贴 节日 周末 双休 培训 上海 天逸 电器 有限公司 电气 电力 水利 合资 聊聊 投递
78,招聘助理,6-8千,6000.0,8000.0,7000.0,False,上海,宝山区,上海光名新能源科技有限公司,机械/设备/重工,民营,500-1000人,不限,未标明,五险一金|带薪年假|带薪病假|年终奖金|绩效奖金|专业培训|定期体检|有餐补|通讯补贴|出差补贴,10,招聘助理 五险一金 带薪年假 带薪病假 年终奖金 绩效奖金 专业培训 定期体检 有餐补 通讯补贴 出差补贴 机械 设备 重工 民营 500 1000人 招聘助理 6 8千 上海 宝山区 本周查看简历7次 五险一金 带薪年假 带薪病假 年终奖金 绩效奖金 专业培训 定期体检 有餐补 通讯补贴 出差补贴 上海光名新能源科技有限公司 机械 设备 重工民营500 1000人 去聊聊 投递,,助理 一金 病假 年终奖金 绩效奖金 专业培训 定期 体检 有餐 通讯 补贴 出差 补贴 机械 设备 重工 民营 助理 上海 宝山区 本周 查看 简历 一金 病假 年终奖金 绩效奖金 专业培训 定期 体检 有餐 通讯 补贴 出差 补贴 上海 光名 新能源 科技 有限公司 机械 设备 重工 民营 聊聊 投递
79,rpo顾问-自招,6-9千,6000.0,9000.0,7500.0,False,上海,浦东新区,前锦网络信息技术（上海）有限公司,人力资源服务,未标明,5000-10000人,不限,未标明,兼职|五险一金|补充医疗保险|带薪年假|带薪病假|定期体检|通讯补贴,7,rpo顾问 自招 兼职 五险一金 补充医疗保险 带薪年假 带薪病假 定期体检 通讯补贴 人力资源服务 已上市 5000 10000人 rpo顾问 自招 6 9千 上海 浦东新区 本周操作面试1次 兼职 五险一金 补充医疗保险 带薪年假 带薪病假 定期体检 通讯补贴 前锦网络信息技术 上海 有限公司 人力资源服务已上市5000 10000人 去聊聊 投递,,rpo 顾问 自招 兼职 一金 补充 医疗保险 病假 定期 体检 通讯 补贴 人力资源 服务 上市 rpo 顾问 自招 上海 浦东新区 本周 操作 面试 兼职 一金 补充 医疗保险 病假 定期 体检 通讯 补贴 前锦 网络 信息技术 上海 有限公司 人力资源 服务 上市 聊聊 投递
80,HR Team Intern(office HRBP),200元/天,200.0,200.0,4350.0,True,上海,黄浦区,伽仂（上海）技术服务有限公司,人力资源服务,民营,150-500人,不限,未标明,奢侈品|实习生|奖金|下午茶|体检|晋升|职业发展|交通便捷|导师带教|团队活动|五险一金|带薪年假|带薪病假|员工旅游|绩效奖金|项目奖金|专业培训,17,HR Team Intern office HRBP 奢侈品 实习生 奖金 下午茶 体检 晋升 职业发展 交通便捷 导师带教 团队活动 五险一金 带薪年假 带薪病假 员工旅游 绩效奖金 项目奖金 专业培训 人力资源服务 民营 150 500人 HR Team Intern office HRBP 200元 天 上海 黄浦区 奢侈品 实习生 奖金 下午茶 体检 晋升 职业发展 交通便捷 导师带教 团队活动 五险一金 带薪年假 带薪病假 员工旅游 绩效奖金 项目奖金 专业培训 伽仂 上海 技术服务有限公司 人力资源服务民营150 500人 去聊聊 投递,,HR Team Intern office HRBP 奢侈品 实习生 奖金 下午茶 体检 晋升 职业 发展 交通 便捷 导师 带教 团队 活动 一金 病假 员工 旅游 绩效奖金 项目 奖金 专业培训 人力资源 服务 民营 HR Team Intern office HRBP 上海 黄浦区 奢侈品 实习生 奖金 下午茶 体检 晋升 职业 发展 交通 便捷 导师 带教 团队 活动 一金 病假 员工 旅游 绩效奖金 项目 奖金 专业培训 上海 技术 服务 有限公司 人力资源 服务 民营 聊聊 投递
81,招聘实习生,2.8-3.2千,2800.0,3200.0,3000.0,False,上海,徐汇区,赛科工业科技开发（武汉）有限公司上海分公司,汽车零部件,未标明,150-500人,不限,未标明,招聘|excel|word|简历筛选|电话邀约面试|初试评估,6,招聘实习生 招聘 excel word 简历筛选 电话邀约面试 初试评估 汽车零部件 外资 欧美 150 500人 招聘实习生 2.8 3.2千 上海 徐汇区 招聘 excel word 简历筛选 电话邀约面试 初试评估 赛科工业科技开发 武汉 有限公司上海分公司 汽车零部件外资 欧美 150 500人 去聊聊 投递,,实习生 excel word 简历 筛选 电话 邀约 面试 初试 评估 汽车 零部件 外资 欧美 实习生 上海 徐汇区 excel word 简历 筛选 电话 邀约 面试 初试 评估 赛科 工业 科技开发 武汉 有限公司 上海 分公司 汽车 零部件 外资 欧美 聊聊 投递
82,HR实习生,3-4.5千,3000.0,4500.0,3750.0,False,上海,浦东新区,延锋汽车饰件系统宁波有限公司,汽车研发/制造丨汽车零部件,民营,150-500人,不限,未标明,内部培训|员工活动,2,HR实习生 内部培训 员工活动 汽车研发 制造丨汽车零部件 民营 150 500人 HR实习生 3 4.5千 上海 浦东新区 内部培训 员工活动 延锋汽车饰件系统宁波有限公司 汽车研发 制造丨汽车零部件民营150 500人 去聊聊 投递,,HR 实习生 内部 培训 员工 活动 汽车 研发 制造 汽车 零部件 民营 HR 实习生 上海 浦东新区 内部 培训 员工 活动 延锋 汽车 饰件 系统 宁波 有限公司 汽车 研发 制造 汽车 零部件 民营 聊聊 投递
83,HR实习生(J10220),200元/天,200.0,200.0,4350.0,True,上海,闵行区,上海利氪科技有限公司,汽车零部件丨汽车研发/制造,民营,500-1000人,不限,未标明,,0,HR实习生 J10220 汽车零部件丨汽车研发 制造 民营 500 1000人 HR实习生 J10220 200元 天 上海 闵行区 上海利氪科技有限公司 汽车零部件丨汽车研发 制造民营500 1000人 去聊聊 投递,,HR 实习生 J10220 汽车 零部件 汽车 研发 制造 民营 HR 实习生 J10220 上海 闵行区 上海 科技 有限公司 汽车 零部件 汽车 研发 制造 民营 聊聊 投递
84,现场服务工程师-美资外企,2-3万·14薪,2000.0,30000.0,16000.0,False,上海,,前锦网络信息技术（上海）有限公司,人力资源服务,未标明,5000-10000人,不限,未标明,全勤|带薪年假|带薪病假|定期体检|通讯补贴|五险一金|补充医疗保险,7,现场服务工程师 美资外企 全勤 带薪年假 带薪病假 定期体检 通讯补贴 五险一金 补充医疗保险 人力资源服务 已上市 5000 10000人 现场服务工程师 美资外企 2 3万 14薪 上海 今日查看简历7次 全勤 带薪年假 带薪病假 定期体检 通讯补贴 五险一金 补充医疗保险 前锦网络信息技术 上海 有限公司 人力资源服务已上市5000 10000人 去聊聊 投递,,现场 服务 工程师 美资 外企 全勤 病假 定期 体检 通讯 补贴 一金 补充 医疗保险 人力资源 服务 上市 现场 服务 工程师 美资 外企 上海 今日 查看 简历 全勤 病假 定期 体检 通讯 补贴 一金 补充 医疗保险 前锦 网络 信息技术 上海 有限公司 人力资源 服务 上市 聊聊 投递
85,HR实习生,135元/天,135.0,135.0,2936.25,True,上海,浦东新区,上海良信电器股份有限公司,仪器仪表/工业自动化丨电气/电力/水利,未标明,1000-5000人,不限,未标明,餐饮补贴,1,HR实习生 餐饮补贴 仪器仪表 工业自动化丨电气 电力 水利 已上市 1000 5000人 HR实习生 135元 天 上海 浦东新区 今日回复8次 餐饮补贴 上海良信电器股份有限公司 仪器仪表 工业自动化丨电气 电力 水利已上市1000 5000人 去聊聊 投递,,HR 实习生 餐饮 补贴 仪器仪表 工业 自动化 电气 电力 水利 上市 HR 实习生 上海 浦东新区 今日 回复 餐饮 补贴 上海 良信 电器 股份 有限公司 仪器仪表 工业 自动化 电气 电力 水利 上市 聊聊 投递
86,HR Intern,200元/天,200.0,200.0,4350.0,True,上海,静安区,璞致（上海）商贸有限公司,日化/化妆品丨批发/零售,未标明,150-500人,不限,未标明,人力资源|人事助理|实习生|招聘|简历筛选|实习证明|校招,7,HR Intern 人力资源 人事助理 实习生 招聘 简历筛选 实习证明 校招 日化 化妆品丨批发 零售 外资 欧美 150 500人 HR Intern 200元 天 上海 静安区 5分钟前回复 人力资源 人事助理 实习生 招聘 简历筛选 实习证明 校招 璞致 上海 商贸有限公司 日化 化妆品丨批发 零售外资 欧美 150 500人 去聊聊 投递,,HR Intern 人力资源 人事 助理 实习生 简历 筛选 实习 证明 校招 日化 化妆品 批发 零售 外资 欧美 HR Intern 上海 静安区 分钟 回复 人力资源 人事 助理 实习生 简历 筛选 实习 证明 校招 璞致 上海 商贸 有限公司 日化 化妆品 批发 零售 外资 欧美 聊聊 投递
87,HR实习生,150元/天,150.0,150.0,3262.5,True,上海,黄浦区,蒙特空气处理设备（江苏）有限责任公司,机械/设备/重工,未标明,150-500人,不限,未标明,管理|人力资源管理|行政管理|员工沟通|员工档案整理|活动管理|周末双休|培训|商业保险,9,HR实习生 管理 人力资源管理 行政管理 员工沟通 员工档案整理 活动管理 周末双休 培训 商业保险 机械 设备 重工 外资 欧美 150 500人 HR实习生 150元 天 上海 黄浦区 本周查看简历1次 管理 人力资源管理 行政管理 员工沟通 员工档案整理 活动管理 周末双休 培训 商业保险 蒙特空气处理设备 江苏 有限责任公司 机械 设备 重工外资 欧美 150 500人 去聊聊 投递,,HR 实习生 管理 人力资源管理 行政 管理 员工 沟通 员工 档案 整理 活动 管理 周末 双休 培训 商业保险 机械 设备 重工 外资 欧美 HR 实习生 上海 黄浦区 本周 查看 简历 管理 人力资源管理 行政 管理 员工 沟通 员工 档案 整理 活动 管理 周末 双休 培训 商业保险 蒙特 空气 处理 设备 江苏 有限责任 机械 设备 重工 外资 欧美 聊聊 投递
88,招聘实习生,150元/天,150.0,150.0,3262.5,True,上海,,中微半导体设备（上海）股份有限公司,电子/半导体/集成电路,合资,500-1000人,不限,未标明,招聘|校招|五险一金|补充医疗保险|免费班车|员工旅游|交通补贴|通讯补贴|年终奖金|股票期权,10,招聘实习生 招聘 校招 五险一金 补充医疗保险 免费班车 员工旅游 交通补贴 通讯补贴 年终奖金 股票期权 电子 半导体 集成电路 合资 500 1000人 招聘实习生 150元 天 上海 招聘 校招 五险一金 补充医疗保险 免费班车 员工旅游 交通补贴 通讯补贴 年终奖金 股票期权 中微半导体设备 上海 股份有限公司 电子 半导体 集成电路合资500 1000人 去聊聊 投递,,实习生 校招 一金 补充 医疗保险 免费 班车 员工 旅游 交通 补贴 通讯 补贴 年终奖金 股票 期权 电子 半导体 集成电路 合资 实习生 上海 校招 一金 补充 医疗保险 免费 班车 员工 旅游 交通 补贴 通讯 补贴 年终奖金 股票 期权 中微 半导体 设备 上海 股份 有限公司 电子 半导体 集成电路 合资 聊聊 投递
89,HRBP人力资源助理,7千-1.1万,7000.0,11000.0,9000.0,False,上海,,上海曼茂科技有限公司,其他专业服务,民营,少于50人,不限,未标明,示范教学|商业意外险|婚假|远程办公|五险一金|住房补贴|带薪年假,7,HRBP人力资源助理 示范教学 商业意外险 婚假 远程办公 五险一金 住房补贴 带薪年假 其他专业服务 民营 少于50人 HRBP人力资源助理 7千 1.1万 上海 示范教学 商业意外险 婚假 远程办公 五险一金 住房补贴 带薪年假 上海曼茂科技有限公司 其他专业服务民营少于50人 去聊聊 投递,,HRBP 人力资源 助理 示范 教学 商业 意外险 婚假 远程 办公 一金 住房补贴 其他 专业 服务 民营 少于 HRBP 人力资源 助理 上海 示范 教学 商业 意外险 婚假 远程 办公 一金 住房补贴 上海 曼茂 科技 有限公司 其他 专业 服务 民营 少于 聊聊 投递
90,就业指导专员,6-8千,6000.0,8000.0,7000.0,False,上海,徐汇区,上海智奥胜国际商务发展有限公司,咨询,民营,少于50人,不限,未标明,分析报告|就业指导|个性化辅导|成长档案|求职|职业咨询|职业定位|面试技巧|模拟面试|五险一金|带薪年假|定期体检|定期团建|绩效奖金,14,就业指导专员 分析报告 就业指导 个性化辅导 成长档案 求职 职业咨询 职业定位 面试技巧 模拟面试 五险一金 带薪年假 定期体检 定期团建 绩效奖金 咨询 民营 少于50人 就业指导专员 6 8千 上海 徐汇区 29分钟前回复 分析报告 就业指导 个性化辅导 成长档案 求职 职业咨询 职业定位 面试技巧 模拟面试 五险一金 带薪年假 定期体检 定期团建 绩效奖金 上海智奥胜国际商务发展有限公司 咨询民营少于50人 去聊聊 投递,,就业指导 专员 分析 报告 就业指导 个性化 辅导 成长 档案 求职 职业咨询 职业 定位 面试 技巧 模拟 面试 一金 定期 体检 定期 团建 绩效奖金 咨询 民营 少于 就业指导 专员 上海 徐汇区 分钟 回复 分析 报告 就业指导 个性化 辅导 成长 档案 求职 职业咨询 职业 定位 面试 技巧 模拟 面试 一金 定期 体检 定期 团建 绩效奖金 上海 智奥胜 国际 商务 发展 有限公司 咨询 民营 少于 聊聊 投递
91,HR实习生,150元/天,150.0,150.0,3262.5,True,上海,浦东新区,琻捷电子科技（江苏）股份有限公司,电子/半导体/集成电路,未标明,150-500人,不限,未标明,办公软件|招聘|接待|人才储备|安排面试|简历初筛|推荐简历,7,HR实习生 办公软件 招聘 接待 人才储备 安排面试 简历初筛 推荐简历 电子 半导体 集成电路 已上市 150 500人 HR实习生 150元 天 上海 浦东新区 办公软件 招聘 接待 人才储备 安排面试 简历初筛 推荐简历 琻捷电子科技 江苏 股份有限公司 电子 半导体 集成电路已上市150 500人 去聊聊 投递,,HR 实习生 办公软件 接待 人才 储备 安排 面试 简历 初筛 推荐 简历 电子 半导体 集成电路 上市 HR 实习生 上海 浦东新区 办公软件 接待 人才 储备 安排 面试 简历 初筛 推荐 简历 电子科技 江苏 股份 有限公司 电子 半导体 集成电路 上市 聊聊 投递
92,HR实习生（招聘方向）,3-4千,3000.0,4000.0,3500.0,False,上海,嘉定区,百度在线网络技术（北京）有限公司上海软件技术分公司,广告,民营,10000人以上,不限,未标明,招聘|运营|excel|谈判|人力资源|入职|人事招聘|安排面试|猎头顾问|访寻候选人,10,HR实习生 招聘方向 招聘 运营 excel 谈判 人力资源 入职 人事招聘 安排面试 猎头顾问 访寻候选人 广告 民营 10000人以上 HR实习生 招聘方向 3 4千 上海 嘉定区 今日回复10+次 招聘 运营 excel 谈判 人力资源 入职 人事招聘 安排面试 猎头顾问 访寻候选人 百度在线网络技术 北京 有限公司上海软件技术分公司 广告民营10000人以上 去聊聊 投递,,HR 实习生 方向 运营 excel 谈判 人力资源 入职 人事 安排 面试 猎头 顾问 访寻 候选人 广告 民营 HR 实习生 方向 上海 嘉定区 今日 回复 + 运营 excel 谈判 人力资源 入职 人事 安排 面试 猎头 顾问 访寻 候选人 百度 在线 网络 技术 北京 有限公司 上海 软件技术 分公司 广告 民营 聊聊 投递
93,人事招聘实习生,150元/天,150.0,150.0,3262.5,True,上海,浦东新区,至成微科技（上海）有限公司,电子/半导体/集成电路,民营,50-150人,不限,未标明,,0,人事招聘实习生 电子 半导体 集成电路 民营 50 150人 人事招聘实习生 150元 天 上海 浦东新区 至成微科技 上海 有限公司 电子 半导体 集成电路民营50 150人 去聊聊 投递,,人事 实习生 电子 半导体 集成电路 民营 人事 实习生 上海 浦东新区 成微 科技 上海 有限公司 电子 半导体 集成电路 民营 聊聊 投递
94,HR实习生,140元/天,140.0,140.0,3045.0,True,上海,徐汇区,瀚晖制药有限公司,制药/生物工程,民营,500-1000人,不限,未标明,招聘|excel|行政|word|ppt|人力资源|信息收集|数据整理|筛选简历|电话邀约,10,HR实习生 招聘 excel 行政 word ppt 人力资源 信息收集 数据整理 筛选简历 电话邀约 制药 生物工程 民营 500 1000人 HR实习生 140元 天 上海 徐汇区 57分钟前回复 招聘 excel 行政 word ppt 人力资源 信息收集 数据整理 筛选简历 电话邀约 瀚晖制药有限公司 制药 生物工程民营500 1000人 去聊聊 投递,,HR 实习生 excel 行政 word ppt 人力资源 信息 收集 数据 整理 筛选 简历 电话 邀约 制药 生物工程 民营 HR 实习生 上海 徐汇区 分钟 回复 excel 行政 word ppt 人力资源 信息 收集 数据 整理 筛选 简历 电话 邀约 瀚晖 制药 有限公司 制药 生物工程 民营 聊聊 投递
95,人力资源部门实习生,200元/天,200.0,200.0,4350.0,True,上海,闵行区,上海为园教育科技有限公司,教育/培训/院校,民营,150-500人,不限,未标明,筛选简历|面试邀约|求职意向|社会招聘|实习生招聘|表格数据,6,人力资源部门实习生 筛选简历 面试邀约 求职意向 社会招聘 实习生招聘 表格数据 教育 培训 院校 民营 150 500人 人力资源部门实习生 200元 天 上海 闵行区 筛选简历 面试邀约 求职意向 社会招聘 实习生招聘 表格数据 上海为园教育科技有限公司 教育 培训 院校民营150 500人 去聊聊 投递,,人力资源部 实习生 筛选 简历 面试 邀约 求职意向 社会 实习生 表格 数据 教育 培训 院校 民营 人力资源部 实习生 上海 闵行区 筛选 简历 面试 邀约 求职意向 社会 实习生 表格 数据 上海 为园 教育 科技 有限公司 教育 培训 院校 民营 聊聊 投递
96,招聘助理(J17286),6-8千·13薪,6000.0,8000.0,7000.0,False,上海,浦东新区,长鑫存储技术有限公司,电子/半导体/集成电路,民营,1000-5000人,不限,未标明,招聘经验|数据处理|五险一金|餐补|交通补助|补充医疗保险|带薪年假|年终奖金|定期体检|免费班车,10,招聘助理 J17286 招聘经验 数据处理 五险一金 餐补 交通补助 补充医疗保险 带薪年假 年终奖金 定期体检 免费班车 电子 半导体 集成电路 民营 1000 5000人 招聘助理 J17286 6 8千 13薪 上海 浦东新区 14分钟前回复 招聘经验 数据处理 五险一金 餐补 交通补助 补充医疗保险 带薪年假 年终奖金 定期体检 免费班车 长鑫存储技术有限公司 电子 半导体 集成电路民营1000 5000人 去聊聊 投递,,助理 J17286 经验 数据处理 一金 餐补 交通 补助 补充 医疗保险 年终奖金 定期 体检 免费 班车 电子 半导体 集成电路 民营 助理 J17286 上海 浦东新区 分钟 回复 经验 数据处理 一金 餐补 交通 补助 补充 医疗保险 年终奖金 定期 体检 免费 班车 长鑫 存储技术 有限公司 电子 半导体 集成电路 民营 聊聊 投递
97,人事招聘实习生,3-3.2千,3000.0,3200.0,3100.0,False,上海,静安区,上海陶术生物科技股份有限公司,制药/生物工程,民营,150-500人,不限,未标明,办公软件|excel|word|ppt|招聘渠道|简历筛选|面试安排|电话邀约|职位发布|候选人搜寻|节日福利|绩效奖金|定期体检|带薪年假|年终奖|员工旅游|五险一金|全勤奖|专业培训|年终奖金|落户资质|季度奖金|优秀员工奖励|餐饮补贴,24,人事招聘实习生 办公软件 excel word ppt 招聘渠道 简历筛选 面试安排 电话邀约 职位发布 候选人搜寻 节日福利 绩效奖金 定期体检 带薪年假 年终奖 员工旅游 五险一金 全勤奖 专业培训 年终奖金 落户资质 季度奖金 优秀员工奖励 餐饮补贴 制药 生物工程 民营 150 500人 人事招聘实习生 3 3.2千 上海 静安区 33分钟前回复 办公软件 excel word ppt 招聘渠道 简历筛选 面试安排 电话邀约 职位发布 候选人搜寻 节日福利 绩效奖金 定期体检 带薪年假 年终奖 员工旅游 五险一金 全勤奖 专业培训 年终奖金 落户资质 季度奖金 优秀员工奖励 餐饮补贴 上海陶术生物科技股份有限公司 制药 生物工程民营150 500人 去聊聊 投递,,人事 实习生 办公软件 excel word ppt 渠道 简历 筛选 面试 安排 电话 邀约 发布 候选人 搜寻 节日 绩效奖金 定期 体检 年终奖 员工 旅游 一金 全勤奖 专业培训 年终奖金 落户 资质 季度 奖金 优秀员工 奖励 餐饮 补贴 制药 生物工程 民营 人事 实习生 上海 静安区 分钟 回复 办公软件 excel word ppt 渠道 简历 筛选 面试 安排 电话 邀约 发布 候选人 搜寻 节日 绩效奖金 定期 体检 年终奖 员工 旅游 一金 全勤奖 专业培训 年终奖金 落户 资质 季度 奖金 优秀员工 奖励 餐饮 补贴 上海 陶术 生物 科技股份 有限公司 制药 生物工程 民营 聊聊 投递
98,实验室技术员 (有机合成）,6.5千-1.3万,6500.0,13000.0,9750.0,False,上海,徐汇区,康化（上海）新药研发有限公司,制药/生物工程丨化工,民营,150-500人,不限,未标明,有机合成反应|CRO|文献查阅|应用化学|药学|制药工程|化学工程工艺|实验|年终奖金|餐补|年度调薪|定期体检|五险一金|带薪年假|月奖|季度奖金|提供宿舍|做五休二,18,实验室技术员 有机合成 有机合成反应 CRO 文献查阅 应用化学 药学 制药工程 化学工程工艺 实验 年终奖金 餐补 年度调薪 定期体检 五险一金 带薪年假 月奖 季度奖金 提供宿舍 做五休二 制药 生物工程丨化工 民营 150 500人 实验室技术员 有机合成 6.5千 1.3万 上海 徐汇区 本周操作面试1次 有机合成反应 CRO 文献查阅 应用化学 药学 制药工程 化学工程工艺 实验 年终奖金 餐补 年度调薪 定期体检 五险一金 带薪年假 月奖 季度奖金 提供宿舍 做五休二 康化 上海 新药研发有限公司 制药 生物工程丨化工民营150 500人 去聊聊 投递,,实验室 技术员 有机合成 有机合成 反应 CRO 文献 查阅 应用化学 药学 制药 工程 化学工程 工艺 实验 年终奖金 餐补 年度 调薪 定期 体检 一金 季度 奖金 宿舍 做五休 制药 生物工程 化工 民营 实验室 技术员 有机合成 上海 徐汇区 本周 操作 面试 有机合成 反应 CRO 文献 查阅 应用化学 药学 制药 工程 化学工程 工艺 实验 年终奖金 餐补 年度 调薪 定期 体检 一金 季度 奖金 宿舍 做五休 康化 上海 新药 研发 有限公司 制药 生物工程 化工 民营 聊聊 投递
99,有机合成研究员,7.5千-1.5万,7500.0,15000.0,11250.0,False,上海,徐汇区,康化（上海）新药研发有限公司,制药/生物工程丨化工,民营,150-500人,不限,未标明,药学|有机化学|制药工程|化学|应用化学|化学工程工艺|化合物|有机合成反应|年终奖金|餐补|定期体检|带薪年假|五险一金|月奖|季度奖金|提供宿舍|做五休二,17,有机合成研究员 药学 有机化学 制药工程 化学 应用化学 化学工程工艺 化合物 有机合成反应 年终奖金 餐补 定期体检 带薪年假 五险一金 月奖 季度奖金 提供宿舍 做五休二 制药 生物工程丨化工 民营 150 500人 有机合成研究员 7.5千 1.5万 上海 徐汇区 本周操作面试2次 药学 有机化学 制药工程 化学 应用化学 化学工程工艺 化合物 有机合成反应 年终奖金 餐补 定期体检 带薪年假 五险一金 月奖 季度奖金 提供宿舍 做五休二 康化 上海 新药研发有限公司 制药 生物工程丨化工民营150 500人 去聊聊 投递,,有机合成 研究员 药学 有机化学 制药 工程 化学 应用化学 化学工程 工艺 化合物 有机合成 反应 年终奖金 餐补 定期 体检 一金 季度 奖金 宿舍 做五休 制药 生物工程 化工 民营 有机合成 研究员 上海 徐汇区 本周 操作 面试 药学 有机化学 制药 工程 化学 应用化学 化学工程 工艺 化合物 有机合成 反应 年终奖金 餐补 定期 体检 一金 季度 奖金 宿舍 做五休 康化 上海 新药 研发 有限公司 制药 生物工程 化工 民营 聊聊 投递
100,人事实习生,150元/天,150.0,150.0,3262.5,True,上海,浦东新区,上海麦克林生化科技股份有限公司,化工,民营,150-500人,不限,未标明,归档|筛选简历|档案整理|考勤统计|员工入转调离,5,人事实习生 归档 筛选简历 档案整理 考勤统计 员工入转调离 化工 民营 150 500人 人事实习生 150元 天 上海 浦东新区 今日回复10+次 归档 筛选简历 档案整理 考勤统计 员工入转调离 上海麦克林生化科技股份有限公司 化工民营150 500人 去聊聊 投递,,人事 实习生 归档 筛选 简历 档案 整理 考勤 统计 员工 入转 调离 化工 民营 人事 实习生 上海 浦东新区 今日 回复 + 归档 筛选 简历 档案 整理 考勤 统计 员工 入转 调离 上海 麦克 生化 科技股份 有限公司 化工 民营 聊聊 投递
101,大学生助教,150元/天,150.0,150.0,3262.5,True,上海,,上海百德培训学校有限公司,教育/培训/院校,民营,1000-5000人,不限,未标明,教育|作业批改|学习辅导|大学生|兼职|寒暑假,6,大学生助教 教育 作业批改 学习辅导 大学生 兼职 寒暑假 教育 培训 院校 民营 1000 5000人 大学生助教 150元 天 上海 教育 作业批改 学习辅导 大学生 兼职 寒暑假 上海百德培训学校有限公司 教育 培训 院校民营1000 5000人 去聊聊 投递,,大学生 助教 教育 作业 批改 学习 辅导 大学生 兼职 寒暑假 教育 培训 院校 民营 大学生 助教 上海 教育 作业 批改 学习 辅导 大学生 兼职 寒暑假 上海 百德 培训 学校 有限公司 教育 培训 院校 民营 聊聊 投递
102,行政实习生,2.5-3.8千,2500.0,3800.0,3150.0,False,上海,松江区,蒂升电梯（中国）有限公司,机械/设备/重工,未标明,10000人以上,不限,未标明,excel|行政|word|台账|排版|信息核对|公文|公章管理|用印|文档修改|五险一金|补充医疗保险|定期体检|专业培训,14,行政实习生 excel 行政 word 台账 排版 信息核对 公文 公章管理 用印 文档修改 五险一金 补充医疗保险 定期体检 专业培训 机械 设备 重工 外资 欧美 10000人以上 行政实习生 2.5 3.8千 上海 松江区 本周查看简历3次 excel 行政 word 台账 排版 信息核对 公文 公章管理 用印 文档修改 五险一金 补充医疗保险 定期体检 专业培训 蒂升电梯 中国 有限公司 机械 设备 重工外资 欧美 10000人以上 去聊聊 投递,,行政 实习生 excel 行政 word 台账 排版 信息 核对 公文 公章 管理 用印 文档 修改 一金 补充 医疗保险 定期 体检 专业培训 机械 设备 重工 外资 欧美 行政 实习生 上海 松江区 本周 查看 简历 excel 行政 word 台账 排版 信息 核对 公文 公章 管理 用印 文档 修改 一金 补充 医疗保险 定期 体检 专业培训 蒂升 电梯 中国 有限公司 机械 设备 重工 外资 欧美 聊聊 投递
103,人力资源实习 27届(J11424),200元/天,200.0,200.0,4350.0,True,上海,浦东新区,豪威科技（上海）有限公司,电子/半导体/集成电路,未标明,1000-5000人,不限,未标明,五险一金|餐饮补贴|弹性工作|定期体检,4,人力资源实习 27届 J11424 五险一金 餐饮补贴 弹性工作 定期体检 电子 半导体 集成电路 外资 欧美 1000 5000人 人力资源实习 27届 J11424 200元 天 上海 浦东新区 五险一金 餐饮补贴 弹性工作 定期体检 豪威科技 上海 有限公司 电子 半导体 集成电路外资 欧美 1000 5000人 去聊聊 投递,,人力资源 实习 J11424 一金 餐饮 补贴 弹性 定期 体检 电子 半导体 集成电路 外资 欧美 人力资源 实习 J11424 上海 浦东新区 一金 餐饮 补贴 弹性 定期 体检 豪威 科技 上海 有限公司 电子 半导体 集成电路 外资 欧美 聊聊 投递
104,实习生-业务服务中心,3-4千,3000.0,4000.0,3500.0,False,上海,松江区,蒂升电梯（中国）有限公司,机械/设备/重工,未标明,10000人以上,不限,未标明,免费班车|专业培训|员工餐厅,3,实习生 业务服务中心 免费班车 专业培训 员工餐厅 机械 设备 重工 外资 欧美 10000人以上 实习生 业务服务中心 3 4千 上海 松江区 免费班车 专业培训 员工餐厅 蒂升电梯 中国 有限公司 机械 设备 重工外资 欧美 10000人以上 去聊聊 投递,,实习生 业务 服务中心 免费 班车 专业培训 员工 餐厅 机械 设备 重工 外资 欧美 实习生 业务 服务中心 上海 松江区 免费 班车 专业培训 员工 餐厅 蒂升 电梯 中国 有限公司 机械 设备 重工 外资 欧美 聊聊 投递
105,人力资源实习生(J10911),3-4千,3000.0,4000.0,3500.0,False,上海,浦东新区,迈威（上海）生物科技股份有限公司,制药/生物工程,未标明,1000-5000人,不限,未标明,,0,人力资源实习生 J10911 制药 生物工程 已上市 1000 5000人 人力资源实习生 J10911 3 4千 上海 浦东新区 迈威 上海 生物科技股份有限公司 制药 生物工程已上市1000 5000人 去聊聊 投递,,人力资源 实习生 J10911 制药 生物工程 上市 人力资源 实习生 J10911 上海 浦东新区 迈威 上海 生物 科技股份 有限公司 制药 生物工程 上市 聊聊 投递
106,人力资源实习生,150元/天,150.0,150.0,3262.5,True,上海,浦东新区,上海基煜基金销售有限公司,基金,民营,50-150人,不限,未标明,培训|办公软件|数据分析|招聘|excel|word|人力资源|工商管理|海报|powerpoint|培训,11,人力资源实习生 培训 办公软件 数据分析 招聘 excel word 人力资源 工商管理 海报 powerpoint 培训 基金 民营 50 150人 人力资源实习生 150元 天 上海 浦东新区 培训 办公软件 数据分析 招聘 excel word 人力资源 工商管理 海报 powerpoint 培训 上海基煜基金销售有限公司 基金民营50 150人 去聊聊 投递,,人力资源 实习生 培训 办公软件 数据分析 excel word 人力资源 工商管理 海报 powerpoint 培训 基金 民营 人力资源 实习生 上海 浦东新区 培训 办公软件 数据分析 excel word 人力资源 工商管理 海报 powerpoint 培训 上海 基煜 基金 销售 有限公司 基金 民营 聊聊 投递
107,有机合成研究员（上海实验室）,1.1-2万,1100.0,20000.0,10550.0,False,上海,徐汇区,康化（上海）新药研发有限公司,制药/生物工程丨化工,民营,150-500人,不限,未标明,有机合成|实验操作|文献查阅|有机合成反应|应用化学|药学|化学|CRO|奖金|保险|做五休二|餐补|奖金丰厚|年度调薪|定期体检|带薪年假|节假日|法定节假|年度体检|提供宿舍|公积金|年休假,22,有机合成研究员 上海实验室 有机合成 实验操作 文献查阅 有机合成反应 应用化学 药学 化学 CRO 奖金 保险 做五休二 餐补 奖金丰厚 年度调薪 定期体检 带薪年假 节假日 法定节假 年度体检 提供宿舍 公积金 年休假 制药 生物工程丨化工 民营 150 500人 有机合成研究员 上海实验室 1.1 2万 上海 徐汇区 今日查看简历10次 有机合成 实验操作 文献查阅 有机合成反应 应用化学 药学 化学 CRO 奖金 保险 做五休二 餐补 奖金丰厚 年度调薪 定期体检 带薪年假 节假日 法定节假 年度体检 提供宿舍 公积金 年休假 康化 上海 新药研发有限公司 制药 生物工程丨化工民营150 500人 去聊聊 投递,,有机合成 研究员 上海 实验室 有机合成 实验 操作 文献 查阅 有机合成 反应 应用化学 药学 化学 CRO 奖金 保险 做五休 餐补 奖金 丰厚 年度 调薪 定期 体检 节假日 法定 节假 年度 体检 宿舍 公积金 年休假 制药 生物工程 化工 民营 有机合成 研究员 上海 实验室 上海 徐汇区 今日 查看 简历 有机合成 实验 操作 文献 查阅 有机合成 反应 应用化学 药学 化学 CRO 奖金 保险 做五休 餐补 奖金 丰厚 年度 调薪 定期 体检 节假日 法定 节假 年度 体检 宿舍 公积金 年休假 康化 上海 新药 研发 有限公司 制药 生物工程 化工 民营 聊聊 投递
108,销售总监助理,9千-1.5万,9000.0,15000.0,12000.0,False,上海,静安区,晖致制药（大连）有限公司,制药/生物工程,未标明,5000-10000人,不限,未标明,,0,销售总监助理 制药 生物工程 外资 欧美 5000 10000人 销售总监助理 9千 1.5万 上海 静安区 今日回复10+次 晖致制药 大连 有限公司 制药 生物工程外资 欧美 5000 10000人 去聊聊 投递,,销售 总监 助理 制药 生物工程 外资 欧美 销售 总监 助理 上海 静安区 今日 回复 + 制药 大连 有限公司 制药 生物工程 外资 欧美 聊聊 投递
109,(资深) 集装箱新船监造工程师,2.5-4.5万·13薪,2500.0,45000.0,23750.0,False,上海,杨浦区,东方海外货柜航运（中国）有限公司,货运/物流/仓储丨交通/运输/客运,未标明,500-1000人,不限,未标明,船舶工程|船舶设计|新船监造|周末双休|带薪年假|五险一金|专业培训,7,资深 集装箱新船监造工程师 船舶工程 船舶设计 新船监造 周末双休 带薪年假 五险一金 专业培训 货运 物流 仓储丨交通 运输 客运 外资 非欧美 500 1000人 资深 集装箱新船监造工程师 2.5 4.5万 13薪 上海 杨浦区 今日回复3次 船舶工程 船舶设计 新船监造 周末双休 带薪年假 五险一金 专业培训 东方海外货柜航运 中国 有限公司 货运 物流 仓储丨交通 运输 客运外资 非欧美 500 1000人 去聊聊 投递,,资深 集装箱 新船 监造 工程师 船舶 工程 船舶设计 新船 监造 周末 双休 一金 专业培训 货运 物流 仓储 交通 运输 客运 外资 欧美 资深 集装箱 新船 监造 工程师 上海 杨浦区 今日 回复 船舶 工程 船舶设计 新船 监造 周末 双休 一金 专业培训 东方 海外 货柜 航运 中国 有限公司 货运 物流 仓储 交通 运输 客运 外资 欧美 聊聊 投递
110,数控学徒/装配,4.5-6千,4500.0,6000.0,5250.0,False,上海,嘉定区,上海瓴爵机电设备有限公司,机械/设备/重工,民营,少于50人,不限,未标明,全勤奖|加班补贴|餐饮补贴|五险一金,4,数控学徒 装配 全勤奖 加班补贴 餐饮补贴 五险一金 机械 设备 重工 民营 少于50人 数控学徒 装配 4.5 6千 上海 嘉定区 今日回复4次 全勤奖 加班补贴 餐饮补贴 五险一金 上海瓴爵机电设备有限公司 机械 设备 重工民营少于50人 去聊聊 投递,,数控 学徒 装配 全勤奖 加班 补贴 餐饮 补贴 一金 机械 设备 重工 民营 少于 数控 学徒 装配 上海 嘉定区 今日 回复 全勤奖 加班 补贴 餐饮 补贴 一金 上海 机电设备 有限公司 机械 设备 重工 民营 少于 聊聊 投递
111,数控操机（实习生）,3-4千,3000.0,4000.0,3500.0,False,上海,松江区,上海精稳密封技术有限公司,船舶/航空/航天丨机械/设备/重工,民营,少于50人,不限,未标明,五险一金|餐饮补贴|绩效奖金|定期体检|专业培训|年终奖金|生日福利|另购买意外险|节假日福利,9,数控操机 实习生 五险一金 餐饮补贴 绩效奖金 定期体检 专业培训 年终奖金 生日福利 另购买意外险 节假日福利 船舶 航空 航天丨机械 设备 重工 民营 少于50人 数控操机 实习生 3 4千 上海 松江区 五险一金 餐饮补贴 绩效奖金 定期体检 专业培训 年终奖金 生日福利 另购买意外险 节假日福利 上海精稳密封技术有限公司 船舶 航空 航天丨机械 设备 重工民营少于50人 去聊聊 投递,,数控 操机 实习生 一金 餐饮 补贴 绩效奖金 定期 体检 专业培训 年终奖金 生日 购买 意外险 节假日 船舶 航空 航天 机械 设备 重工 民营 少于 数控 操机 实习生 上海 松江区 一金 餐饮 补贴 绩效奖金 定期 体检 专业培训 年终奖金 生日 购买 意外险 节假日 上海 精稳 密封 技术 有限公司 船舶 航空 航天 机械 设备 重工 民营 少于 聊聊 投递
112,数控操作工-可接受应届毕业生,5-7千,5000.0,7000.0,6000.0,False,上海,嘉定区,中电科微波通信（上海）股份有限公司,船舶/航空/航天,国企,50-150人,不限,无经验友好,维修|数控机床|测量|质量控制|保养|数控|零件加工|数控加工|对刀|换刀|补充公积金|补充医疗保险|年度体检|节日福利|工作餐,15,数控操作工 可接受应届毕业生 维修 数控机床 测量 质量控制 保养 数控 零件加工 数控加工 对刀 换刀 补充公积金 补充医疗保险 年度体检 节日福利 工作餐 船舶 航空 航天 国企 50 150人 数控操作工 可接受应届毕业生 5 7千 上海 嘉定区 维修 数控机床 测量 质量控制 保养 数控 零件加工 数控加工 对刀 换刀 补充公积金 补充医疗保险 年度体检 节日福利 工作餐 中电科微波通信 上海 股份有限公司 船舶 航空 航天国企50 150人 去聊聊 投递,,数控 操作工 接受 应届毕业生 维修 数控机床 测量 质量 控制 保养 数控 零件 加工 数控 加工 对刀 换刀 补充 公积金 补充 医疗保险 年度 体检 节日 工作餐 船舶 航空 航天 国企 数控 操作工 接受 应届毕业生 上海 嘉定区 维修 数控机床 测量 质量 控制 保养 数控 零件 加工 数控 加工 对刀 换刀 补充 公积金 补充 医疗保险 年度 体检 节日 工作餐 中电科 微波通信 上海 股份 有限公司 船舶 航空 航天 国企 聊聊 投递
113,数控磨床调试实习生,5-8千·13薪,5000.0,8000.0,6500.0,False,上海,青浦区,上海井研精密工具有限公司,汽车零部件丨机械/设备/重工丨汽车研发/制造,民营,50-150人,不限,未标明,带薪年假|保险|五险一金|车补|员工住宿|油费补贴|补贴|年终奖金|专业培训|定期体检|出差补贴|免费工作餐|定期团建,13,数控磨床调试实习生 带薪年假 保险 五险一金 车补 员工住宿 油费补贴 补贴 年终奖金 专业培训 定期体检 出差补贴 免费工作餐 定期团建 汽车零部件丨机械 设备 重工丨汽车研发 制造 民营 50 150人 数控磨床调试实习生 5 8千 13薪 上海 青浦区 本周处理简历1次 带薪年假 保险 五险一金 车补 员工住宿 油费补贴 补贴 年终奖金 专业培训 定期体检 出差补贴 免费工作餐 定期团建 上海井研精密工具有限公司 汽车零部件丨机械 设备 重工丨汽车研发 制造民营50 150人 去聊聊 投递,,数控 磨床 调试 实习生 保险 一金 车补 员工 住宿 油费 补贴 补贴 年终奖金 专业培训 定期 体检 出差 补贴 免费 工作餐 定期 团建 汽车 零部件 机械 设备 重工 汽车 研发 制造 民营 数控 磨床 调试 实习生 上海 青浦区 本周 处理 简历 保险 一金 车补 员工 住宿 油费 补贴 补贴 年终奖金 专业培训 定期 体检 出差 补贴 免费 工作餐 定期 团建 上海 井研 精密 工具 有限公司 汽车 零部件 机械 设备 重工 汽车 研发 制造 民营 聊聊 投递
114,智造先锋营训练生（生产方向）,5-8千·13薪,5000.0,8000.0,6500.0,False,上海,金山区,福达（上海）食品有限公司,食品/饮料/粮油,未标明,500-1000人,不限,未标明,储备干部,1,智造先锋营训练生 生产方向 储备干部 食品 饮料 粮油 外资 欧美 500 1000人 智造先锋营训练生 生产方向 5 8千 13薪 上海 金山区 储备干部 福达 上海 食品有限公司 食品 饮料 粮油外资 欧美 500 1000人 去聊聊 投递,,智造 先锋 训练 生产 方向 储备干部 食品 饮料 粮油 外资 欧美 智造 先锋 训练 生产 方向 上海 金山区 储备干部 福达 上海 食品 有限公司 食品 饮料 粮油 外资 欧美 聊聊 投递
115,见习学员,2.4-3.2千,2400.0,3200.0,2800.0,False,上海,闵行区,上海博优环境科技发展有限公司,环保丨化工,民营,50-150人,不限,未标明,excel|word|客户沟通|工会活动,4,见习学员 excel word 客户沟通 工会活动 环保丨化工 民营 50 150人 见习学员 2.4 3.2千 上海 闵行区 今日回复6次 excel word 客户沟通 工会活动 上海博优环境科技发展有限公司 环保丨化工民营50 150人 去聊聊 投递,,见习 学员 excel word 客户 沟通 工会 活动 环保 化工 民营 见习 学员 上海 闵行区 今日 回复 excel word 客户 沟通 工会 活动 上海 博优 环境 科技 发展 有限公司 环保 化工 民营 聊聊 投递
116,总装车间装配工（学徒工或小工）,4-8千,4000.0,8000.0,6000.0,False,上海,青浦区,上海沪工焊接集团股份有限公司,机械/设备/重工,未标明,1000-5000人,不限,未标明,,0,总装车间装配工 学徒工或小工 机械 设备 重工 已上市 1000 5000人 总装车间装配工 学徒工或小工 4 8千 上海 青浦区 29分钟前回复 上海沪工焊接集团股份有限公司 机械 设备 重工已上市1000 5000人 去聊聊 投递,,总装 车间 装配工 学徒工 小工 机械 设备 重工 上市 总装 车间 装配工 学徒工 小工 上海 青浦区 分钟 回复 上海 沪工 焊接 集团股份 有限公司 机械 设备 重工 上市 聊聊 投递
117,设备安装调试学徒,3.5-7千,3500.0,7000.0,5250.0,False,上海,奉贤区,上海帛贤智能科技有限公司,汽车零部件丨机械/设备/重工丨仪器仪表/工业自动化,民营,少于50人,不限,未标明,五险一金|员工旅游|专业培训|出国机会|绩效奖金|年终奖金|定期体检|薪资面谈,8,设备安装调试学徒 五险一金 员工旅游 专业培训 出国机会 绩效奖金 年终奖金 定期体检 薪资面谈 汽车零部件丨机械 设备 重工丨仪器仪表 工业自动化 民营 少于50人 设备安装调试学徒 3.5 7千 上海 奉贤区 今日回复4次 五险一金 员工旅游 专业培训 出国机会 绩效奖金 年终奖金 定期体检 薪资面谈 上海帛贤智能科技有限公司 汽车零部件丨机械 设备 重工丨仪器仪表 工业自动化民营少于50人 去聊聊 投递,,设备 安装 调试 学徒 一金 员工 旅游 专业培训 出国 机会 绩效奖金 年终奖金 定期 体检 面谈 汽车 零部件 机械 设备 重工 仪器仪表 工业 自动化 民营 少于 设备 安装 调试 学徒 上海 奉贤区 今日 回复 一金 员工 旅游 专业培训 出国 机会 绩效奖金 年终奖金 定期 体检 面谈 上海 帛贤 智能 科技 有限公司 汽车 零部件 机械 设备 重工 仪器仪表 工业 自动化 民营 少于 聊聊 投递
118,机械装配学徒,3-5千·13薪,3000.0,5000.0,4000.0,False,上海,青浦区,上海胤勤自动化科技有限公司,仪器仪表/工业自动化,民营,150-500人,不限,未标明,五险一金|出国机会|专业培训|免费工作餐|出差补贴|定期团建,6,机械装配学徒 五险一金 出国机会 专业培训 免费工作餐 出差补贴 定期团建 仪器仪表 工业自动化 民营 150 500人 机械装配学徒 3 5千 13薪 上海 青浦区 五险一金 出国机会 专业培训 免费工作餐 出差补贴 定期团建 上海胤勤自动化科技有限公司 仪器仪表 工业自动化民营150 500人 去聊聊 投递,,机械 装配 学徒 一金 出国 机会 专业培训 免费 工作餐 出差 补贴 定期 团建 仪器仪表 工业 自动化 民营 机械 装配 学徒 上海 青浦区 一金 出国 机会 专业培训 免费 工作餐 出差 补贴 定期 团建 上海 自动化 科技 有限公司 仪器仪表 工业 自动化 民营 聊聊 投递
119,自动化设备作业及维护,4-8千·14薪,4000.0,8000.0,6000.0,False,上海,,上海美蓓亚精密机电有限公司,机械/设备/重工,未标明,1000-5000人,不限,未标明,技能培训|五险一金|免费班车|年终奖金|定期体检,5,自动化设备作业及维护 技能培训 五险一金 免费班车 年终奖金 定期体检 机械 设备 重工 外资 非欧美 1000 5000人 自动化设备作业及维护 4 8千 14薪 上海 技能培训 五险一金 免费班车 年终奖金 定期体检 上海美蓓亚精密机电有限公司 机械 设备 重工外资 非欧美 1000 5000人 去聊聊 投递,,自动化 设备 作业 维护 技能 培训 一金 免费 班车 年终奖金 定期 体检 机械 设备 重工 外资 欧美 自动化 设备 作业 维护 上海 技能 培训 一金 免费 班车 年终奖金 定期 体检 上海 美蓓亚 精密 机电 有限公司 机械 设备 重工 外资 欧美 聊聊 投递
120,设备操作员,6-8千,6000.0,8000.0,7000.0,False,上海,宝山区,上海光名新能源科技有限公司,机械/设备/重工,民营,500-1000人,不限,未标明,安全管理|机械设备|6s|生产报表|生产作业|运行监控|生产排班|行车|工科|生产安全|五险一金|工作餐|高温补贴|带薪年假|带薪病假|年终奖金|绩效奖金|专业培训|定期体检|有餐补|通讯补贴|出差补贴,22,设备操作员 安全管理 机械设备 6s 生产报表 生产作业 运行监控 生产排班 行车 工科 生产安全 五险一金 工作餐 高温补贴 带薪年假 带薪病假 年终奖金 绩效奖金 专业培训 定期体检 有餐补 通讯补贴 出差补贴 机械 设备 重工 民营 500 1000人 设备操作员 6 8千 上海 宝山区 本周查看简历2次 安全管理 机械设备 6s 生产报表 生产作业 运行监控 生产排班 行车 工科 生产安全 五险一金 工作餐 高温补贴 带薪年假 带薪病假 年终奖金 绩效奖金 专业培训 定期体检 有餐补 通讯补贴 出差补贴 上海光名新能源科技有限公司 机械 设备 重工民营500 1000人 去聊聊 投递,,设备 操作员 安全 管理 机械设备 6s 生产 报表 生产 作业 运行 监控 生产 排班 行车 工科 生产 安全 一金 工作餐 高温 补贴 病假 年终奖金 绩效奖金 专业培训 定期 体检 有餐 通讯 补贴 出差 补贴 机械 设备 重工 民营 设备 操作员 上海 宝山区 本周 查看 简历 安全 管理 机械设备 6s 生产 报表 生产 作业 运行 监控 生产 排班 行车 工科 生产 安全 一金 工作餐 高温 补贴 病假 年终奖金 绩效奖金 专业培训 定期 体检 有餐 通讯 补贴 出差 补贴 上海 光名 新能源 科技 有限公司 机械 设备 重工 民营 聊聊 投递
121,生产操作工,4.5-6千·13薪,4500.0,6000.0,5250.0,False,上海,松江区,向盈香精香料（上海）有限公司,日化/化妆品丨化工丨原材料和加工,民营,50-150人,不限,未标明,五险一金|有五险|体检|非流水线|节假日,5,生产操作工 五险一金 有五险 体检 非流水线 节假日 日化 化妆品丨化工丨原材料和加工 民营 50 150人 生产操作工 4.5 6千 13薪 上海 松江区 五险一金 有五险 体检 非流水线 节假日 向盈香精香料 上海 有限公司 日化 化妆品丨化工丨原材料和加工民营50 150人 去聊聊 投递,,生产 操作工 一金 有五险 体检 流水线 节假日 日化 化妆品 化工 原材料 加工 民营 生产 操作工 上海 松江区 一金 有五险 体检 流水线 节假日 向盈 香精香料 上海 有限公司 日化 化妆品 化工 原材料 加工 民营 聊聊 投递
122,生产管培生,4-4.5千,4000.0,4500.0,4250.0,False,上海,奉贤区,上海盛韬半导体科技有限公司,电子/半导体/集成电路,民营,150-500人,不限,未标明,五险一金|补充医疗保险|带薪年假|员工旅游|年终奖金|定期体检|包吃|免费工作餐|出差补贴|定期团建,10,生产管培生 五险一金 补充医疗保险 带薪年假 员工旅游 年终奖金 定期体检 包吃 免费工作餐 出差补贴 定期团建 电子 半导体 集成电路 民营 150 500人 生产管培生 4 4.5千 上海 奉贤区 本周处理简历9次 五险一金 补充医疗保险 带薪年假 员工旅游 年终奖金 定期体检 包吃 免费工作餐 出差补贴 定期团建 上海盛韬半导体科技有限公司 电子 半导体 集成电路民营150 500人 去聊聊 投递,,生产 管培生 一金 补充 医疗保险 员工 旅游 年终奖金 定期 体检 包吃 免费 工作餐 出差 补贴 定期 团建 电子 半导体 集成电路 民营 生产 管培生 上海 奉贤区 本周 处理 简历 一金 补充 医疗保险 员工 旅游 年终奖金 定期 体检 包吃 免费 工作餐 出差 补贴 定期 团建 上海 盛韬 半导体 科技 有限公司 电子 半导体 集成电路 民营 聊聊 投递
123,操作工,4-7千,4000.0,7000.0,5500.0,False,上海,浦东新区,上海恩捷新材料科技有限公司,新能源,未标明,5000-10000人,不限,未标明,五险一金|餐饮补贴|年终奖金|定期体检|绩效奖金,5,操作工 五险一金 餐饮补贴 年终奖金 定期体检 绩效奖金 新能源 已上市 5000 10000人 操作工 4 7千 上海 浦东新区 五险一金 餐饮补贴 年终奖金 定期体检 绩效奖金 上海恩捷新材料科技有限公司 新能源已上市5000 10000人 去聊聊 投递,,操作工 一金 餐饮 补贴 年终奖金 定期 体检 绩效奖金 新能源 上市 操作工 上海 浦东新区 一金 餐饮 补贴 年终奖金 定期 体检 绩效奖金 上海 恩捷 材料 科技 有限公司 新能源 上市 聊聊 投递
124,生产实习生,2.7-5千,2700.0,5000.0,3850.0,False,上海,,上海紫丹印务有限公司,印刷/包装/造纸,民营,500-1000人,不限,未标明,包装|职业病防治|印刷助手|工作餐|晋升通道|员工食堂,6,生产实习生 包装 职业病防治 印刷助手 工作餐 晋升通道 员工食堂 印刷 包装 造纸 民营 500 1000人 生产实习生 2.7 5千 上海 包装 职业病防治 印刷助手 工作餐 晋升通道 员工食堂 上海紫丹印务有限公司 印刷 包装 造纸民营500 1000人 去聊聊 投递,,生产 实习生 包装 职业病 防治 印刷 助手 工作餐 晋升 通道 员工 食堂 印刷 包装 造纸 民营 生产 实习生 上海 包装 职业病 防治 印刷 助手 工作餐 晋升 通道 员工 食堂 上海 紫丹 印务 有限公司 印刷 包装 造纸 民营 聊聊 投递
125,生产岗,5.2-5.5千,5200.0,5500.0,5350.0,False,上海,金山区,半宅领地（上海）科技服务有限公司,新能源,民营,少于50人,不限,未标明,包吃包住,1,生产岗 包吃包住 新能源 民营 少于50人 生产岗 5.2 5.5千 上海 金山区 包吃包住 半宅领地 上海 科技服务有限公司 新能源民营少于50人 去聊聊 投递,,生产 包吃包住 新能源 民营 少于 生产 上海 金山区 包吃包住 半宅 领地 上海 科技 服务 有限公司 新能源 民营 少于 聊聊 投递
126,生产操作工,5.5-7.5千,5500.0,7500.0,6500.0,False,上海,奉贤区,上海新研工业设备股份有限公司,机械/设备/重工,民营,150-500人,不限,未标明,,0,生产操作工 机械 设备 重工 民营 150 500人 生产操作工 5.5 7.5千 上海 奉贤区 上海新研工业设备股份有限公司 机械 设备 重工民营150 500人 去聊聊 投递,,生产 操作工 机械 设备 重工 民营 生产 操作工 上海 奉贤区 上海 新研 工业 设备 股份 有限公司 机械 设备 重工 民营 聊聊 投递
127,生产操作工,5-6千·13薪,5000.0,6000.0,5500.0,False,上海,青浦区,上海集天紧固件有限公司,贸易/进出口,民营,少于50人,不限,未标明,五险一金|节假日福利|带薪年假|团建,4,生产操作工 五险一金 节假日福利 带薪年假 团建 贸易 进出口 民营 少于50人 生产操作工 5 6千 13薪 上海 青浦区 今日回复4次 五险一金 节假日福利 带薪年假 团建 上海集天紧固件有限公司 贸易 进出口民营少于50人 去聊聊 投递,,生产 操作工 一金 节假日 团建 贸易 进出口 民营 少于 生产 操作工 上海 青浦区 今日 回复 一金 节假日 团建 上海 集天 紧固件 有限公司 贸易 进出口 民营 少于 聊聊 投递
128,生产车间管培生,6-8千,6000.0,8000.0,7000.0,False,上海,金山区,上海骄果食品有限公司,食品/饮料/粮油,民营,150-500人,不限,未标明,带薪年假|包住|包吃,3,生产车间管培生 带薪年假 包住 包吃 食品 饮料 粮油 民营 150 500人 生产车间管培生 6 8千 上海 金山区 带薪年假 包住 包吃 上海骄果食品有限公司 食品 饮料 粮油民营150 500人 去聊聊 投递,,生产 车间 管培生 包住 包吃 食品 饮料 粮油 民营 生产 车间 管培生 上海 金山区 包住 包吃 上海 骄果 食品 有限公司 食品 饮料 粮油 民营 聊聊 投递
129,生产操作工\普工（储备干部）,5.5-8千,5500.0,8000.0,6750.0,False,上海,松江区,上海欧伊恩汽车零部件有限公司,汽车零部件,未标明,50-150人,不限,未标明,操作工|带薪年假|工作餐|年终奖金|五险一金|高温补贴|白班|员工宿舍|假日福利|节假日|宿舍|带薪病假|绩效奖金|专业培训|免费工作餐,15,生产操作工 普工 储备干部 操作工 带薪年假 工作餐 年终奖金 五险一金 高温补贴 白班 员工宿舍 假日福利 节假日 宿舍 带薪病假 绩效奖金 专业培训 免费工作餐 汽车零部件 外资 非欧美 50 150人 生产操作工 普工 储备干部 5.5 8千 上海 松江区 操作工 带薪年假 工作餐 年终奖金 五险一金 高温补贴 白班 员工宿舍 假日福利 节假日 宿舍 带薪病假 绩效奖金 专业培训 免费工作餐 上海欧伊恩汽车零部件有限公司 汽车零部件外资 非欧美 50 150人 去聊聊 投递,,生产 操作工 普工 储备干部 操作工 工作餐 年终奖金 一金 高温 补贴 白班 员工 宿舍 假日 节假日 宿舍 病假 绩效奖金 专业培训 免费 工作餐 汽车 零部件 外资 欧美 生产 操作工 普工 储备干部 上海 松江区 操作工 工作餐 年终奖金 一金 高温 补贴 白班 员工 宿舍 假日 节假日 宿舍 病假 绩效奖金 专业培训 免费 工作餐 上海 欧伊恩 汽车 零部件 有限公司 汽车 零部件 外资 欧美 聊聊 投递
130,仓库管理员,3.5-4千,3500.0,4000.0,3750.0,False,上海,宝山区,物产中大物流投资集团有限公司,货运/物流/仓储,国企,500-1000人,不限,未标明,货代|数据核对|收发货|入库登记|钢铁|仓库仓库管理|库存盘点,7,仓库管理员 货代 数据核对 收发货 入库登记 钢铁 仓库仓库管理 库存盘点 货运 物流 仓储 国企 500 1000人 仓库管理员 3.5 4千 上海 宝山区 货代 数据核对 收发货 入库登记 钢铁 仓库仓库管理 库存盘点 物产中大物流投资集团有限公司 货运 物流 仓储国企500 1000人 去聊聊 投递,,仓库 管理员 货代 数据 核对 发货 入库 登记 钢铁 仓库 仓库 管理 库存 盘点 货运 物流 仓储 国企 仓库 管理员 上海 宝山区 货代 数据 核对 发货 入库 登记 钢铁 仓库 仓库 管理 库存 盘点 物产 物流 投资 集团 有限公司 货运 物流 仓储 国企 聊聊 投递
131,机械实习生,150元/天,150.0,150.0,3262.5,True,上海,金山区,茂英电子（上海）有限公司,其他行业,未标明,50-150人,不限,未标明,,0,机械实习生 其他行业 外资 非欧美 50 150人 机械实习生 150元 天 上海 金山区 茂英电子 上海 有限公司 其他行业外资 非欧美 50 150人 去聊聊 投递,,机械 实习生 其他 行业 外资 欧美 机械 实习生 上海 金山区 茂英 电子 上海 有限公司 其他 行业 外资 欧美 聊聊 投递
132,机械维修工,5千-1万,5000.0,10000.0,7500.0,False,上海,嘉定区,上海昊继机电设备有限公司,其他行业,民营,未标明,不限,未标明,测试|机械|调试|自动化|维修|保养|测量仪器|运行维护|机械维修|维修设备|内部培训,11,机械维修工 测试 机械 调试 自动化 维修 保养 测量仪器 运行维护 机械维修 维修设备 内部培训 其他行业 民营 机械维修工 5千 1万 上海 嘉定区 测试 机械 调试 自动化 维修 保养 测量仪器 运行维护 机械维修 维修设备 内部培训 上海昊继机电设备有限公司 其他行业民营 去聊聊 投递,,机械 维修工 测试 机械 调试 自动化 维修 保养 测量 仪器 运行 维护 机械 维修 维修 设备 内部 培训 其他 行业 民营 机械 维修工 上海 嘉定区 测试 机械 调试 自动化 维修 保养 测量 仪器 运行 维护 机械 维修 维修 设备 内部 培训 上海 昊继 机电设备 有限公司 其他 行业 民营 聊聊 投递
133,必胜客餐厅储备经理-新邻生活广场-13148,5-6千,5000.0,6000.0,5500.0,False,上海,黄浦区,上海必胜客有限公司,餐饮,未标明,10000人以上,不限,无经验友好,连锁餐饮店|接受无经验|工会福利|做五休二|五险一金|系统培训|年假|医疗保险|假日福利|慰问金|购房福利|年度体检|六险一金|节假日|晋升|季度奖金,16,必胜客餐厅储备经理 新邻生活广场 13148 连锁餐饮店 接受无经验 工会福利 做五休二 五险一金 系统培训 年假 医疗保险 假日福利 慰问金 购房福利 年度体检 六险一金 节假日 晋升 季度奖金 餐饮 外资 欧美 10000人以上 必胜客餐厅储备经理 新邻生活广场 13148 5 6千 上海 黄浦区 在线 连锁餐饮店 接受无经验 工会福利 做五休二 五险一金 系统培训 年假 医疗保险 假日福利 慰问金 购房福利 年度体检 六险一金 节假日 晋升 季度奖金 上海必胜客有限公司 餐饮外资 欧美 10000人以上 去聊聊 投递,,必胜客 餐厅 储备 经理 新邻 生活 广场 连锁 餐饮店 接受 经验 工会 做五休 一金 系统 培训 医疗保险 假日 慰问金 购房 年度 体检 六险 一金 节假日 晋升 季度 奖金 餐饮 外资 欧美 必胜客 餐厅 储备 经理 新邻 生活 广场 上海 黄浦区 在线 连锁 餐饮店 接受 经验 工会 做五休 一金 系统 培训 医疗保险 假日 慰问金 购房 年度 体检 六险 一金 节假日 晋升 季度 奖金 上海 必胜客 有限公司 餐饮 外资 欧美 聊聊 投递
134,实习生（机电相关专业）,3-5千,3000.0,5000.0,4000.0,False,上海,奉贤区,上海康美特科技发展有限公司,化工,民营,50-150人,不限,未标明,机电一体化|设备安装|日常维修|五险一金|节日福利|定期体检|带薪年假|高温补贴|餐费补助|商业意外险,10,实习生 机电相关专业 机电一体化 设备安装 日常维修 五险一金 节日福利 定期体检 带薪年假 高温补贴 餐费补助 商业意外险 化工 民营 50 150人 实习生 机电相关专业 3 5千 上海 奉贤区 29分钟前处理简历 机电一体化 设备安装 日常维修 五险一金 节日福利 定期体检 带薪年假 高温补贴 餐费补助 商业意外险 上海康美特科技发展有限公司 化工民营50 150人 去聊聊 投递,,实习生 机电 专业 机电 一体化 设备 安装 日常 维修 一金 节日 定期 体检 高温 补贴 餐费 补助 商业 意外险 化工 民营 实习生 机电 专业 上海 奉贤区 分钟 处理 简历 机电 一体化 设备 安装 日常 维修 一金 节日 定期 体检 高温 补贴 餐费 补助 商业 意外险 上海 美特 科技 发展 有限公司 化工 民营 聊聊 投递
135,实习生-生产岗,2.6-3.5千,2600.0,3500.0,3050.0,False,上海,闵行区,上海甬道设备科技有限公司,新能源,民营,150-500人,不限,未标明,专业培训|餐饮补贴,2,实习生 生产岗 专业培训 餐饮补贴 新能源 民营 150 500人 实习生 生产岗 2.6 3.5千 上海 闵行区 本周查看简历7次 专业培训 餐饮补贴 上海甬道设备科技有限公司 新能源民营150 500人 去聊聊 投递,,实习生 生产 专业培训 餐饮 补贴 新能源 民营 实习生 生产 上海 闵行区 本周 查看 简历 专业培训 餐饮 补贴 上海 甬道 设备 科技 有限公司 新能源 民营 聊聊 投递
136,机械技师实习,4-4.5千,4000.0,4500.0,4250.0,False,上海,浦东新区,上海达盾自动化科技有限公司,仪器仪表/工业自动化丨机械/设备/重工,民营,50-150人,不限,未标明,机械装配|气路|非标自动化|五险一金|年终奖金|绩效奖金|定期体检|员工旅游|交通补贴|通讯补贴,10,机械技师实习 机械装配 气路 非标自动化 五险一金 年终奖金 绩效奖金 定期体检 员工旅游 交通补贴 通讯补贴 仪器仪表 工业自动化丨机械 设备 重工 民营 50 150人 机械技师实习 4 4.5千 上海 浦东新区 机械装配 气路 非标自动化 五险一金 年终奖金 绩效奖金 定期体检 员工旅游 交通补贴 通讯补贴 上海达盾自动化科技有限公司 仪器仪表 工业自动化丨机械 设备 重工民营50 150人 去聊聊 投递,,机械 技师 实习 机械 装配 气路 非标 自动化 一金 年终奖金 绩效奖金 定期 体检 员工 旅游 交通 补贴 通讯 补贴 仪器仪表 工业 自动化 机械 设备 重工 民营 机械 技师 实习 上海 浦东新区 机械 装配 气路 非标 自动化 一金 年终奖金 绩效奖金 定期 体检 员工 旅游 交通 补贴 通讯 补贴 上海 达盾 自动化 科技 有限公司 仪器仪表 工业 自动化 机械 设备 重工 民营 聊聊 投递
137,储备干部,6.5-7.5千·13薪,6500.0,7500.0,7000.0,False,上海,浦东新区,上海晟敏投资集团有限公司,交通/运输/客运,民营,500-1000人,不限,未标明,储备干部|管培生|滚装作业|物流管理|生产计划|绩效奖金|专业培训|五险一金|带薪年假|年终奖金|定期体检|节日福利|补充医疗保险|交通补贴|晋升空间|储备干部|职业晋升|培训|法定节假|节假日,20,储备干部 储备干部 管培生 滚装作业 物流管理 生产计划 绩效奖金 专业培训 五险一金 带薪年假 年终奖金 定期体检 节日福利 补充医疗保险 交通补贴 晋升空间 储备干部 职业晋升 培训 法定节假 节假日 交通 运输 客运 民营 500 1000人 储备干部 6.5 7.5千 13薪 上海 浦东新区 本周处理简历1次 储备干部 管培生 滚装作业 物流管理 生产计划 绩效奖金 专业培训 五险一金 带薪年假 年终奖金 定期体检 节日福利 补充医疗保险 交通补贴 晋升空间 储备干部 职业晋升 培训 法定节假 节假日 上海晟敏投资集团有限公司 交通 运输 客运民营500 1000人 去聊聊 投递,,储备干部 储备干部 管培生 滚装 作业 物流 管理 生产 计划 绩效奖金 专业培训 一金 年终奖金 定期 体检 节日 补充 医疗保险 交通 补贴 晋升 空间 储备干部 职业 晋升 培训 法定 节假 节假日 交通 运输 客运 民营 储备干部 上海 浦东新区 本周 处理 简历 储备干部 管培生 滚装 作业 物流 管理 生产 计划 绩效奖金 专业培训 一金 年终奖金 定期 体检 节日 补充 医疗保险 交通 补贴 晋升 空间 储备干部 职业 晋升 培训 法定 节假 节假日 上海 投资 集团 有限公司 交通 运输 客运 民营 聊聊 投递
138,后备设备维修技工,6.5-8千,6500.0,8000.0,7250.0,False,上海,金山区,河南双汇投资发展股份有限公司,食品/饮料/粮油,未标明,10000人以上,不限,未标明,生产设备|食品安全|机械自动化|设备定期保养|更换易损件|紧固|巡检|技能培训|岗位培训|五险一金|职位晋升|节日福利,12,后备设备维修技工 生产设备 食品安全 机械自动化 设备定期保养 更换易损件 紧固 巡检 技能培训 岗位培训 五险一金 职位晋升 节日福利 食品 饮料 粮油 已上市 10000人以上 后备设备维修技工 6.5 8千 上海 金山区 本周查看简历1次 生产设备 食品安全 机械自动化 设备定期保养 更换易损件 紧固 巡检 技能培训 岗位培训 五险一金 职位晋升 节日福利 河南双汇投资发展股份有限公司 食品 饮料 粮油已上市10000人以上 去聊聊 投递,,后备 设备 维修 技工 生产 设备 食品安全 机械 自动化 设备 定期 保养 更换 易损件 紧固 巡检 技能 培训 岗位培训 一金 晋升 节日 食品 饮料 粮油 上市 后备 设备 维修 技工 上海 金山区 本周 查看 简历 生产 设备 食品安全 机械 自动化 设备 定期 保养 更换 易损件 紧固 巡检 技能 培训 岗位培训 一金 晋升 节日 河南 双汇 投资 发展 股份 有限公司 食品 饮料 粮油 上市 聊聊 投递
139,应届校招 提供住宿 线上面试 10k,8千-1.6万,8000.0,16000.0,12000.0,False,上海,,上海太平洋房屋服务有限公司,地产经纪/中介,未标明,5000-10000人,不限,无经验友好,奖金|提供住宿|带薪培训|下午茶|无责底薪|带薪年假|系统培训|就近分配|晋升快|师徒带教|安排住宿|团建|师傅带教|住宿|工作简单|师徒带教|带教|提供住宿|带薪年假,19,应届校招 提供住宿 线上面试 10k 奖金 提供住宿 带薪培训 下午茶 无责底薪 带薪年假 系统培训 就近分配 晋升快 师徒带教 安排住宿 团建 师傅带教 住宿 工作简单 师徒带教 带教 提供住宿 带薪年假 地产经纪 中介 外资 非欧美 5000 10000人 应届校招 提供住宿 线上面试 10k 8千 1.6万 上海 在线 奖金 提供住宿 带薪培训 下午茶 无责底薪 带薪年假 系统培训 就近分配 晋升快 师徒带教 安排住宿 团建 师傅带教 住宿 工作简单 师徒带教 带教 提供住宿 带薪年假 上海太平洋房屋服务有限公司 地产经纪 中介外资 非欧美 5000 10000人 去聊聊 投递,,应届 校招 住宿 线上 面试 10k 奖金 住宿 培训 下午茶 无责 底薪 系统 培训 就近 分配 晋升 师徒 带教 安排 住宿 团建 师傅 带教 住宿 简单 师徒 带教 带教 住宿 地产 经纪 中介 外资 欧美 应届 校招 住宿 线上 面试 10k 上海 在线 奖金 住宿 培训 下午茶 无责 底薪 系统 培训 就近 分配 晋升 师徒 带教 安排 住宿 团建 师傅 带教 住宿 简单 师徒 带教 带教 住宿 上海 太平洋 房屋 服务 有限公司 地产 经纪 中介 外资 欧美 聊聊 投递
140,设备安装调试技术员,4-8千,4000.0,8000.0,6000.0,False,上海,奉贤区,上海帛贤智能科技有限公司,汽车零部件丨机械/设备/重工丨仪器仪表/工业自动化,民营,少于50人,不限,未标明,自动化|机械图纸|调试设备|打磨|切割|工件加工|打孔|喷涂设备|机械装配图纸|接线调试|五险一金|年终奖金|专业培训|定期体检|带薪年假|员工旅游|节日福利|周末双休|免费工作餐,19,设备安装调试技术员 自动化 机械图纸 调试设备 打磨 切割 工件加工 打孔 喷涂设备 机械装配图纸 接线调试 五险一金 年终奖金 专业培训 定期体检 带薪年假 员工旅游 节日福利 周末双休 免费工作餐 汽车零部件丨机械 设备 重工丨仪器仪表 工业自动化 民营 少于50人 设备安装调试技术员 4 8千 上海 奉贤区 今日回复4次 自动化 机械图纸 调试设备 打磨 切割 工件加工 打孔 喷涂设备 机械装配图纸 接线调试 五险一金 年终奖金 专业培训 定期体检 带薪年假 员工旅游 节日福利 周末双休 免费工作餐 上海帛贤智能科技有限公司 汽车零部件丨机械 设备 重工丨仪器仪表 工业自动化民营少于50人 去聊聊 投递,,设备 安装 调试 技术员 自动化 机械 图纸 调试 设备 打磨 切割 工件 加工 打孔 喷涂 设备 机械 装配 图纸 接线 调试 一金 年终奖金 专业培训 定期 体检 员工 旅游 节日 周末 双休 免费 工作餐 汽车 零部件 机械 设备 重工 仪器仪表 工业 自动化 民营 少于 设备 安装 调试 技术员 上海 奉贤区 今日 回复 自动化 机械 图纸 调试 设备 打磨 切割 工件 加工 打孔 喷涂 设备 机械 装配 图纸 接线 调试 一金 年终奖金 专业培训 定期 体检 员工 旅游 节日 周末 双休 免费 工作餐 上海 帛贤 智能 科技 有限公司 汽车 零部件 机械 设备 重工 仪器仪表 工业 自动化 民营 少于 聊聊 投递
141,销售工程师（上海）,6千-1万,6000.0,10000.0,8000.0,False,上海,,大连力迪流体控制技术有限公司,机械/设备/重工,民营,50-150人,不限,未标明,五险一金|绩效奖金|专业培训|定期体检|年终奖金|交通补贴|免费班车|销售|自动化|销售代表|业务员|客户代表|生物|仪表|金州|制药|医疗,17,销售工程师 上海 五险一金 绩效奖金 专业培训 定期体检 年终奖金 交通补贴 免费班车 销售 自动化 销售代表 业务员 客户代表 生物 仪表 金州 制药 医疗 机械 设备 重工 民营 50 150人 销售工程师 上海 6千 1万 上海 今日回复6次 五险一金 绩效奖金 专业培训 定期体检 年终奖金 交通补贴 免费班车 销售 自动化 销售代表 业务员 客户代表 生物 仪表 金州 制药 医疗 大连力迪流体控制技术有限公司 机械 设备 重工民营50 150人 去聊聊 投递,,销售 工程师 上海 一金 绩效奖金 专业培训 定期 体检 年终奖金 交通 补贴 免费 班车 销售 自动化 销售 代表 业务员 客户 代表 生物 仪表 金州 制药 医疗 机械 设备 重工 民营 销售 工程师 上海 上海 今日 回复 一金 绩效奖金 专业培训 定期 体检 年终奖金 交通 补贴 免费 班车 销售 自动化 销售 代表 业务员 客户 代表 生物 仪表 金州 制药 医疗 大连 力迪 流体 控制技术 有限公司 机械 设备 重工 民营 聊聊 投递
142,机械技术员,5-8千,5000.0,8000.0,6500.0,False,上海,嘉定区,上海博鸿汽车配件有限公司,汽车零部件,民营,少于50人,不限,未标明,管理规范,1,机械技术员 管理规范 汽车零部件 民营 少于50人 机械技术员 5 8千 上海 嘉定区 管理规范 上海博鸿汽车配件有限公司 汽车零部件民营少于50人 去聊聊 投递,,机械 技术员 管理 规范 汽车 零部件 民营 少于 机械 技术员 上海 嘉定区 管理 规范 上海 博鸿 汽车配件 有限公司 汽车 零部件 民营 少于 聊聊 投递
143,人力资源部管培生,1.5-2万,1500.0,20000.0,10750.0,False,上海,,雅诗兰黛（上海）商贸有限公司,批发/零售,未标明,5000-10000人,不限,未标明,,0,人力资源部管培生 批发 零售 外资 欧美 5000 10000人 人力资源部管培生 1.5 2万 上海 雅诗兰黛 上海 商贸有限公司 批发 零售外资 欧美 5000 10000人 投递,,人力资源部 管培生 批发 零售 外资 欧美 人力资源部 管培生 上海 雅诗兰黛 上海 商贸 有限公司 批发 零售 外资 欧美 投递
144,管培生,1-1.5万·14薪,1000.0,15000.0,8000.0,False,上海,嘉定区,上海清竹园墓园有限公司,工程施工丨物业服务,民营,150-500人,不限,未标明,历史学|汉语言文学|心理学|市场营销|五险一金|年终奖金|交通补贴|定期体检|专业培训|绩效奖金,10,管培生 历史学 汉语言文学 心理学 市场营销 五险一金 年终奖金 交通补贴 定期体检 专业培训 绩效奖金 工程施工丨物业服务 民营 150 500人 管培生 1 1.5万 14薪 上海 嘉定区 历史学 汉语言文学 心理学 市场营销 五险一金 年终奖金 交通补贴 定期体检 专业培训 绩效奖金 上海清竹园墓园有限公司 工程施工丨物业服务民营150 500人 去聊聊 投递,,管培生 历史学 汉语言 文学 心理学 市场营销 一金 年终奖金 交通 补贴 定期 体检 专业培训 绩效奖金 工程施工 物业 服务 民营 管培生 上海 嘉定区 历史学 汉语言 文学 心理学 市场营销 一金 年终奖金 交通 补贴 定期 体检 专业培训 绩效奖金 上海 竹园 墓园 有限公司 工程施工 物业 服务 民营 聊聊 投递
145,Management Trainee - 管理培训生,10-15万/年,10000.0,150000.0,80000.0,False,上海,,北京康捷空国际货运代理有限公司上海分公司,货运/物流/仓储,合资,500-1000人,不限,未标明,管理培训生|五险一金|年终奖金|绩效奖金|专业培训|股票期权|定期体检,7,Management Trainee 管理培训生 管理培训生 五险一金 年终奖金 绩效奖金 专业培训 股票期权 定期体检 货运 物流 仓储 合资 500 1000人 Management Trainee 管理培训生 10 15万 年 上海 管理培训生 五险一金 年终奖金 绩效奖金 专业培训 股票期权 定期体检 北京康捷空国际货运代理有限公司上海分公司 货运 物流 仓储合资500 1000人 去聊聊 投递,,Management Trainee 管理 培训生 管理 培训生 一金 年终奖金 绩效奖金 专业培训 股票 期权 定期 体检 货运 物流 仓储 合资 Management Trainee 管理 培训生 上海 管理 培训生 一金 年终奖金 绩效奖金 专业培训 股票 期权 定期 体检 北京 康捷空 国际 货运 代理 有限公司 上海 分公司 货运 物流 仓储 合资 聊聊 投递
146,管培生,13-15万/年,13000.0,150000.0,81500.0,False,上海,嘉定区,上海久事国际体育中心有限公司,体育丨租赁服务,国企,50-150人,不限,未标明,,0,管培生 体育丨租赁服务 国企 50 150人 管培生 13 15万 年 上海 嘉定区 上海久事国际体育中心有限公司 体育丨租赁服务国企50 150人 去聊聊 投递,,管培生 体育 租赁 服务 国企 管培生 上海 嘉定区 上海 久事 国际 体育中心 有限公司 体育 租赁 服务 国企 聊聊 投递
147,零售管培生,1.5-2万,1500.0,20000.0,10750.0,False,上海,,雅诗兰黛（上海）商贸有限公司,批发/零售,未标明,5000-10000人,不限,未标明,,0,零售管培生 批发 零售 外资 欧美 5000 10000人 零售管培生 1.5 2万 上海 雅诗兰黛 上海 商贸有限公司 批发 零售外资 欧美 5000 10000人 投递,,零售 管培生 批发 零售 外资 欧美 零售 管培生 上海 雅诗兰黛 上海 商贸 有限公司 批发 零售 外资 欧美 投递
148,储备干部（数字化方向）,1.2-2.4万·13薪,1200.0,24000.0,12600.0,False,上海,闵行区,上海益丰大药房连锁有限公司,批发/零售,未标明,10000人以上,不限,未标明,药学|零售|分析报告|经营管理|商品运营|门店运营|营销战略|营销|经营分析|学生干部|五险一金|绩效奖金|专业培训|定期体检|年终奖金|餐饮补贴|带薪年假|员工旅游|免费班车|定期团建|节日福利|导师带教|节日礼物,23,储备干部 数字化方向 药学 零售 分析报告 经营管理 商品运营 门店运营 营销战略 营销 经营分析 学生干部 五险一金 绩效奖金 专业培训 定期体检 年终奖金 餐饮补贴 带薪年假 员工旅游 免费班车 定期团建 节日福利 导师带教 节日礼物 批发 零售 已上市 10000人以上 储备干部 数字化方向 1.2 2.4万 13薪 上海 闵行区 药学 零售 分析报告 经营管理 商品运营 门店运营 营销战略 营销 经营分析 学生干部 五险一金 绩效奖金 专业培训 定期体检 年终奖金 餐饮补贴 带薪年假 员工旅游 免费班车 定期团建 节日福利 导师带教 节日礼物 上海益丰大药房连锁有限公司 批发 零售已上市10000人以上 去聊聊 投递,,储备干部 数字化 方向 药学 零售 分析 报告 经营 管理 商品 运营 门店 运营 营销 战略 营销 经营 分析 学生干部 一金 绩效奖金 专业培训 定期 体检 年终奖金 餐饮 补贴 员工 旅游 免费 班车 定期 团建 节日 导师 带教 节日 礼物 批发 零售 上市 储备干部 数字化 方向 上海 闵行区 药学 零售 分析 报告 经营 管理 商品 运营 门店 运营 营销 战略 营销 经营 分析 学生干部 一金 绩效奖金 专业培训 定期 体检 年终奖金 餐饮 补贴 员工 旅游 免费 班车 定期 团建 节日 导师 带教 节日 礼物 上海 益丰大 药房 连锁 有限公司 批发 零售 上市 聊聊 投递
149,社招 管培生,1-1.5万,1000.0,15000.0,8000.0,False,上海,虹口区,上海长基供应链集团有限公司,货运/物流/仓储,民营,150-500人,不限,未标明,数据治理|产品|项目管理|计划决策|自动化|管培生|储备干部|数字化|商务|营销,10,社招 管培生 数据治理 产品 项目管理 计划决策 自动化 管培生 储备干部 数字化 商务 营销 货运 物流 仓储 民营 150 500人 社招 管培生 1 1.5万 上海 虹口区 数据治理 产品 项目管理 计划决策 自动化 管培生 储备干部 数字化 商务 营销 上海长基供应链集团有限公司 货运 物流 仓储民营150 500人 去聊聊 投递,,社招 管培生 数据 治理 产品 项目管理 计划 决策 自动化 管培生 储备干部 数字化 商务 营销 货运 物流 仓储 民营 社招 管培生 上海 虹口区 数据 治理 产品 项目管理 计划 决策 自动化 管培生 储备干部 数字化 商务 营销 上海 长基 供应链 集团 有限公司 货运 物流 仓储 民营 聊聊 投递
150,集团管培生｜跨部门轮岗,1-2万·15薪,1000.0,20000.0,10500.0,False,上海,徐汇区,南通富通家居用品有限公司,贸易/进出口,民营,150-500人,不限,未标明,产品开发|业务运营|订单运营|组织运营|供应链管理|供应链|国际业务|全球供应链|产品管理|五险一金|晋升通道|管理培训|带薪年假|带薪病假|年终奖金|项目奖金|零食下午茶|有餐补|通讯补贴|定期体检|定期团建,21,集团管培生 跨部门轮岗 产品开发 业务运营 订单运营 组织运营 供应链管理 供应链 国际业务 全球供应链 产品管理 五险一金 晋升通道 管理培训 带薪年假 带薪病假 年终奖金 项目奖金 零食下午茶 有餐补 通讯补贴 定期体检 定期团建 贸易 进出口 民营 150 500人 集团管培生 跨部门轮岗 1 2万 15薪 上海 徐汇区 产品开发 业务运营 订单运营 组织运营 供应链管理 供应链 国际业务 全球供应链 产品管理 五险一金 晋升通道 管理培训 带薪年假 带薪病假 年终奖金 项目奖金 零食下午茶 有餐补 通讯补贴 定期体检 定期团建 南通富通家居用品有限公司 贸易 进出口民营150 500人 去聊聊 投递,,集团 管培生 跨部门 轮岗 产品开发 业务 运营 订单 运营 组织 运营 供应链 管理 供应链 国际 业务 全球 供应链 产品 管理 一金 晋升 通道 管理 培训 病假 年终奖金 项目 奖金 零食 下午茶 有餐 通讯 补贴 定期 体检 定期 团建 贸易 进出口 民营 集团 管培生 跨部门 轮岗 上海 徐汇区 产品开发 业务 运营 订单 运营 组织 运营 供应链 管理 供应链 国际 业务 全球 供应链 产品 管理 一金 晋升 通道 管理 培训 病假 年终奖金 项目 奖金 零食 下午茶 有餐 通讯 补贴 定期 体检 定期 团建 南通 富通 家居用品 有限公司 贸易 进出口 民营 聊聊 投递
151,市场管培生,8千-1.1万,8000.0,11000.0,9500.0,False,上海,浦东新区,上海核子企业管理咨询有限公司,文化艺术/娱乐,合资,150-500人,不限,未标明,培训|五险一金|补充医疗保险|补充公积金|带薪年假|员工旅游|带薪病假|年终奖金|定期体检|有餐补|交通补贴,11,市场管培生 培训 五险一金 补充医疗保险 补充公积金 带薪年假 员工旅游 带薪病假 年终奖金 定期体检 有餐补 交通补贴 文化艺术 娱乐 合资 150 500人 市场管培生 8千 1.1万 上海 浦东新区 培训 五险一金 补充医疗保险 补充公积金 带薪年假 员工旅游 带薪病假 年终奖金 定期体检 有餐补 交通补贴 上海核子企业管理咨询有限公司 文化艺术 娱乐合资150 500人 去聊聊 投递,,市场 管培生 培训 一金 补充 医疗保险 补充 公积金 员工 旅游 病假 年终奖金 定期 体检 有餐 交通 补贴 文化 艺术 娱乐 合资 市场 管培生 上海 浦东新区 培训 一金 补充 医疗保险 补充 公积金 员工 旅游 病假 年终奖金 定期 体检 有餐 交通 补贴 上海 核子 企业 管理 咨询 有限公司 文化 艺术 娱乐 合资 聊聊 投递
152,储备干部（营商方向）,1.2-2.4万·13薪,1200.0,24000.0,12600.0,False,上海,闵行区,上海益丰大药房连锁有限公司,批发/零售,未标明,10000人以上,不限,未标明,药学|管理|化学|经营管理|商品管理|零售|经营分析|商品运营|门店运营|营销战略|五险一金|免费班车|餐饮补贴|绩效奖金|年终奖金|定期体检|导师带教,17,储备干部 营商方向 药学 管理 化学 经营管理 商品管理 零售 经营分析 商品运营 门店运营 营销战略 五险一金 免费班车 餐饮补贴 绩效奖金 年终奖金 定期体检 导师带教 批发 零售 已上市 10000人以上 储备干部 营商方向 1.2 2.4万 13薪 上海 闵行区 药学 管理 化学 经营管理 商品管理 零售 经营分析 商品运营 门店运营 营销战略 五险一金 免费班车 餐饮补贴 绩效奖金 年终奖金 定期体检 导师带教 上海益丰大药房连锁有限公司 批发 零售已上市10000人以上 去聊聊 投递,,储备干部 营商 方向 药学 管理 化学 经营 管理 商品 管理 零售 经营 分析 商品 运营 门店 运营 营销 战略 一金 免费 班车 餐饮 补贴 绩效奖金 年终奖金 定期 体检 导师 带教 批发 零售 上市 储备干部 营商 方向 上海 闵行区 药学 管理 化学 经营 管理 商品 管理 零售 经营 分析 商品 运营 门店 运营 营销 战略 一金 免费 班车 餐饮 补贴 绩效奖金 年终奖金 定期 体检 导师 带教 上海 益丰大 药房 连锁 有限公司 批发 零售 上市 聊聊 投递
153,时尚精英管培生-上海校招(J10734),1-1.6万,1000.0,16000.0,8500.0,False,上海,,衣臻时装有限公司,服装,未标明,500-1000人,不限,未标明,内部培训|餐补|员工培训|年终奖金|带薪年假|服装|无责底薪|奖金|六险一金|交通便利|职业晋升|午餐|培训|职业发展|校招|销售技巧|门店运营|品牌传播|库存管理|客户关系|服装搭配|视觉陈列|奢侈品行业|客户档案|挖掘潜在客户,25,时尚精英管培生 上海校招 J10734 内部培训 餐补 员工培训 年终奖金 带薪年假 服装 无责底薪 奖金 六险一金 交通便利 职业晋升 午餐 培训 职业发展 校招 销售技巧 门店运营 品牌传播 库存管理 客户关系 服装搭配 视觉陈列 奢侈品行业 客户档案 挖掘潜在客户 服装 外资 非欧美 500 1000人 时尚精英管培生 上海校招 J10734 1 1.6万 上海 在线 内部培训 餐补 员工培训 年终奖金 带薪年假 服装 无责底薪 奖金 六险一金 交通便利 职业晋升 午餐 培训 职业发展 校招 销售技巧 门店运营 品牌传播 库存管理 客户关系 服装搭配 视觉陈列 奢侈品行业 客户档案 挖掘潜在客户 衣臻时装有限公司 服装外资 非欧美 500 1000人 去聊聊 投递,,时尚 精英 管培生 上海 校招 J10734 内部 培训 餐补 员工 培训 年终奖金 服装 无责 底薪 奖金 六险 一金 交通 便利 职业 晋升 午餐 培训 职业 发展 校招 销售 技巧 门店 运营 品牌 传播 库存 管理 客户关系 服装 搭配 视觉 陈列 奢侈品 行业 客户档案 挖掘 潜在 客户 服装 外资 欧美 时尚 精英 管培生 上海 校招 J10734 上海 在线 内部 培训 餐补 员工 培训 年终奖金 服装 无责 底薪 奖金 六险 一金 交通 便利 职业 晋升 午餐 培训 职业 发展 校招 销售 技巧 门店 运营 品牌 传播 库存 管理 客户关系 服装 搭配 视觉 陈列 奢侈品 行业 客户档案 挖掘 潜在 客户 衣臻 时装 有限公司 服装 外资 欧美 聊聊 投递
154,管培生（项目总培养方向）(J11291),8千-1.3万,8000.0,13000.0,10500.0,False,上海,,合商科技有限公司上海分公司,物业服务丨工程施工丨装修装饰,未标明,5000-10000人,不限,未标明,旅游|五险一金|补充医疗保险|交通补贴|餐饮补贴|通讯补贴|年终奖金|节日福利|高温补贴|周末双休|有餐补|数据分析|物业管理|运营|市场推广|景观|商业地产|招采|招商运营|购物中心|酒店,21,管培生 项目总培养方向 J11291 旅游 五险一金 补充医疗保险 交通补贴 餐饮补贴 通讯补贴 年终奖金 节日福利 高温补贴 周末双休 有餐补 数据分析 物业管理 运营 市场推广 景观 商业地产 招采 招商运营 购物中心 酒店 物业服务丨工程施工丨装修装饰 已上市 5000 10000人 管培生 项目总培养方向 J11291 8千 1.3万 上海 旅游 五险一金 补充医疗保险 交通补贴 餐饮补贴 通讯补贴 年终奖金 节日福利 高温补贴 周末双休 有餐补 数据分析 物业管理 运营 市场推广 景观 商业地产 招采 招商运营 购物中心 酒店 合商科技有限公司上海分公司 物业服务丨工程施工丨装修装饰已上市5000 10000人 去聊聊 投递,,管培生 项目 培养 方向 J11291 旅游 一金 补充 医疗保险 交通 补贴 餐饮 补贴 通讯 补贴 年终奖金 节日 高温 补贴 周末 双休 有餐 数据分析 物业管理 运营 市场推广 景观 商业地产 招采 招商 运营 购物中心 酒店 物业 服务 工程施工 装修 装饰 上市 管培生 项目 培养 方向 J11291 上海 旅游 一金 补充 医疗保险 交通 补贴 餐饮 补贴 通讯 补贴 年终奖金 节日 高温 补贴 周末 双休 有餐 数据分析 物业管理 运营 市场推广 景观 商业地产 招采 招商 运营 购物中心 酒店 合商 科技 有限公司 上海 分公司 物业 服务 工程施工 装修 装饰 上市 聊聊 投递
155,本科优先 管培生 可线上面试发offer,9千-1.4万·13薪,9000.0,14000.0,11500.0,False,上海,黄浦区,上海太平洋房屋服务有限公司,地产经纪/中介,未标明,5000-10000人,本科,无经验友好,五险一金|年终奖金|绩效奖金|补充医疗保险|带薪年假|员工旅游|内部晋升|百万年会|接受应届小白|内部晋升|带薪培训|带薪年假|年终奖|定期团建|季度旅游|提供住宿|线上面试|正式offer,18,本科优先 管培生 可线上面试发offer 五险一金 年终奖金 绩效奖金 补充医疗保险 带薪年假 员工旅游 内部晋升 百万年会 接受应届小白 内部晋升 带薪培训 带薪年假 年终奖 定期团建 季度旅游 提供住宿 线上面试 正式offer 地产经纪 中介 外资 非欧美 5000 10000人 本科优先 管培生 可线上面试发offer 9千 1.4万 13薪 上海 黄浦区 48分钟前回复 五险一金 年终奖金 绩效奖金 补充医疗保险 带薪年假 员工旅游 内部晋升 百万年会 接受应届小白 内部晋升 带薪培训 带薪年假 年终奖 定期团建 季度旅游 提供住宿 线上面试 正式offer 上海太平洋房屋服务有限公司 地产经纪 中介外资 非欧美 5000 10000人 去聊聊 投递,,本科 管培生 可线 面试 offer 一金 年终奖金 绩效奖金 补充 医疗保险 员工 旅游 内部 晋升 百万年 接受 应届 小白 内部 晋升 培训 年终奖 定期 团建 季度 旅游 住宿 线上 面试 正式 offer 地产 经纪 中介 外资 欧美 本科 管培生 可线 面试 offer 上海 黄浦区 分钟 回复 一金 年终奖金 绩效奖金 补充 医疗保险 员工 旅游 内部 晋升 百万年 接受 应届 小白 内部 晋升 培训 年终奖 定期 团建 季度 旅游 住宿 线上 面试 正式 offer 上海 太平洋 房屋 服务 有限公司 地产 经纪 中介 外资 欧美 聊聊 投递
156,管培生MT,1-1.5万·13薪,1000.0,15000.0,8000.0,False,上海,宝山区,上海胜狮集成设备有限公司,机械/设备/重工,未标明,150-500人,不限,未标明,需求分析|erp|生产计划|市场调研|质量管理|结构设计|供应商管理|apqp|产品设计|spc|五险一金|定期体检|专业培训|晋升通道,14,管培生MT 需求分析 erp 生产计划 市场调研 质量管理 结构设计 供应商管理 apqp 产品设计 spc 五险一金 定期体检 专业培训 晋升通道 机械 设备 重工 外资 非欧美 150 500人 管培生MT 1 1.5万 13薪 上海 宝山区 需求分析 erp 生产计划 市场调研 质量管理 结构设计 供应商管理 apqp 产品设计 spc 五险一金 定期体检 专业培训 晋升通道 上海胜狮集成设备有限公司 机械 设备 重工外资 非欧美 150 500人 去聊聊 投递,,管培生 MT 需求 分析 erp 生产 计划 市场调研 质量 管理 结构设计 供应商 管理 apqp 产品设计 spc 一金 定期 体检 专业培训 晋升 通道 机械 设备 重工 外资 欧美 管培生 MT 上海 宝山区 需求 分析 erp 生产 计划 市场调研 质量 管理 结构设计 供应商 管理 apqp 产品设计 spc 一金 定期 体检 专业培训 晋升 通道 上海 胜狮 集成 设备 有限公司 机械 设备 重工 外资 欧美 聊聊 投递
157,综合管培生（27届校招专项计划）,9千-1.4万·14薪,9000.0,14000.0,11500.0,False,上海,青浦区,上海奥索斯自动化科技有限公司,机械/设备/重工,民营,500-1000人,不限,未标明,团队建设|数据统计|资料整理|人才培养|项目统筹|品牌活动|运营流程|业务复盘|制度优化|团队建设|晋升通道|晋升|五险一金|带薪年假|专业培训|定期体检|全勤奖|工龄奖|节日福利|团建聚餐|生日福利|高温补贴,22,综合管培生 27届校招专项计划 团队建设 数据统计 资料整理 人才培养 项目统筹 品牌活动 运营流程 业务复盘 制度优化 团队建设 晋升通道 晋升 五险一金 带薪年假 专业培训 定期体检 全勤奖 工龄奖 节日福利 团建聚餐 生日福利 高温补贴 机械 设备 重工 民营 500 1000人 综合管培生 27届校招专项计划 9千 1.4万 14薪 上海 青浦区 团队建设 数据统计 资料整理 人才培养 项目统筹 品牌活动 运营流程 业务复盘 制度优化 团队建设 晋升通道 晋升 五险一金 带薪年假 专业培训 定期体检 全勤奖 工龄奖 节日福利 团建聚餐 生日福利 高温补贴 上海奥索斯自动化科技有限公司 机械 设备 重工民营500 1000人 去聊聊 投递,,综合 管培生 届校 专项 计划 团队 建设 数据 统计 资料 整理 人才培养 项目 统筹 品牌 活动 运营 流程 业务 复盘 制度 优化 团队 建设 晋升 通道 晋升 一金 专业培训 定期 体检 全勤奖 工龄 节日 团建 聚餐 生日 高温 补贴 机械 设备 重工 民营 综合 管培生 届校 专项 计划 上海 青浦区 团队 建设 数据 统计 资料 整理 人才培养 项目 统筹 品牌 活动 运营 流程 业务 复盘 制度 优化 团队 建设 晋升 通道 晋升 一金 专业培训 定期 体检 全勤奖 工龄 节日 团建 聚餐 生日 高温 补贴 上海 奥索斯 自动化 科技 有限公司 机械 设备 重工 民营 聊聊 投递
158,国企管培生（世界500强）,7.5-9千,7500.0,9000.0,8250.0,False,上海,,上海安吉名流汽车服务有限公司,汽车,国企,150-500人,不限,无经验友好,985|211|2026年应届生,3,国企管培生 世界500强 985 211 2026年应届生 汽车 国企 150 500人 国企管培生 世界500强 7.5 9千 上海 985 211 2026年应届生 上海安吉名流汽车服务有限公司 汽车国企150 500人 去聊聊 投递,,国企 管培生 世界 应届生 汽车 国企 国企 管培生 世界 上海 应届生 上海 安吉 名流 汽车 服务 有限公司 汽车 国企 聊聊 投递
159,经营管理管培生（27校招专项计划）,9千-1.4万·14薪,9000.0,14000.0,11500.0,False,上海,青浦区,上海奥索斯自动化科技有限公司,机械/设备/重工,民营,500-1000人,不限,未标明,管理|数据分析|市场营销|财务管理|市场分析|经济学|工商管理|经营管理|经营数据分析|培训报告|五险一金|带薪年假|专业培训|定期体检|全勤奖|工龄奖|节日福利|团建聚餐|生日福利|高温补贴,20,经营管理管培生 27校招专项计划 管理 数据分析 市场营销 财务管理 市场分析 经济学 工商管理 经营管理 经营数据分析 培训报告 五险一金 带薪年假 专业培训 定期体检 全勤奖 工龄奖 节日福利 团建聚餐 生日福利 高温补贴 机械 设备 重工 民营 500 1000人 经营管理管培生 27校招专项计划 9千 1.4万 14薪 上海 青浦区 管理 数据分析 市场营销 财务管理 市场分析 经济学 工商管理 经营管理 经营数据分析 培训报告 五险一金 带薪年假 专业培训 定期体检 全勤奖 工龄奖 节日福利 团建聚餐 生日福利 高温补贴 上海奥索斯自动化科技有限公司 机械 设备 重工民营500 1000人 去聊聊 投递,,经营 管理 管培生 校招 专项 计划 管理 数据分析 市场营销 财务管理 市场 分析 经济学 工商管理 经营 管理 经营 数据分析 培训 报告 一金 专业培训 定期 体检 全勤奖 工龄 节日 团建 聚餐 生日 高温 补贴 机械 设备 重工 民营 经营 管理 管培生 校招 专项 计划 上海 青浦区 管理 数据分析 市场营销 财务管理 市场 分析 经济学 工商管理 经营 管理 经营 数据分析 培训 报告 一金 专业培训 定期 体检 全勤奖 工龄 节日 团建 聚餐 生日 高温 补贴 上海 奥索斯 自动化 科技 有限公司 机械 设备 重工 民营 聊聊 投递
160,管培生,7千-1万·13薪,7000.0,10000.0,8500.0,False,上海,黄浦区,广东航桥国际物流股份有限公司,货运/物流/仓储,未标明,50-150人,不限,未标明,五险一金|年终奖金|专业培训|餐饮补贴|做五休二|五险|管理|商务英语|国际物流|商务|国际贸易,11,管培生 五险一金 年终奖金 专业培训 餐饮补贴 做五休二 五险 管理 商务英语 国际物流 商务 国际贸易 货运 物流 仓储 已上市 50 150人 管培生 7千 1万 13薪 上海 黄浦区 本周查看简历6次 五险一金 年终奖金 专业培训 餐饮补贴 做五休二 五险 管理 商务英语 国际物流 商务 国际贸易 广东航桥国际物流股份有限公司 货运 物流 仓储已上市50 150人 去聊聊 投递,,管培生 一金 年终奖金 专业培训 餐饮 补贴 做五休 管理 商务英语 国际 物流 商务 国际贸易 货运 物流 仓储 上市 管培生 上海 黄浦区 本周 查看 简历 一金 年终奖金 专业培训 餐饮 补贴 做五休 管理 商务英语 国际 物流 商务 国际贸易 广东 航桥 国际 物流 股份 有限公司 货运 物流 仓储 上市 聊聊 投递
161,管培生,8千-1.1万,8000.0,11000.0,9500.0,False,上海,浦东新区,天津环球科技服务有限公司,人力资源服务,民营,50-150人,不限,未标明,管理|项目管理|市场调研|培训计划|营销策略|英语听说读写|业务流程|事务处理|文档整理|产品改进|五险|节假日|法定节假|五险一金|补充公积金|带薪年假|员工旅游|带薪病假|年终奖金|绩效奖金|股票期权|项目奖金|专业培训,23,管培生 管理 项目管理 市场调研 培训计划 营销策略 英语听说读写 业务流程 事务处理 文档整理 产品改进 五险 节假日 法定节假 五险一金 补充公积金 带薪年假 员工旅游 带薪病假 年终奖金 绩效奖金 股票期权 项目奖金 专业培训 人力资源服务 民营 50 150人 管培生 8千 1.1万 上海 浦东新区 管理 项目管理 市场调研 培训计划 营销策略 英语听说读写 业务流程 事务处理 文档整理 产品改进 五险 节假日 法定节假 五险一金 补充公积金 带薪年假 员工旅游 带薪病假 年终奖金 绩效奖金 股票期权 项目奖金 专业培训 天津环球科技服务有限公司 人力资源服务民营50 150人 去聊聊 投递,,管培生 管理 项目管理 市场调研 培训 计划 营销 策略 英语 听说读写 业务流程 事务处理 文档 整理 产品 改进 节假日 法定 节假 一金 补充 公积金 员工 旅游 病假 年终奖金 绩效奖金 股票 期权 项目 奖金 专业培训 人力资源 服务 民营 管培生 上海 浦东新区 管理 项目管理 市场调研 培训 计划 营销 策略 英语 听说读写 业务流程 事务处理 文档 整理 产品 改进 节假日 法定 节假 一金 补充 公积金 员工 旅游 病假 年终奖金 绩效奖金 股票 期权 项目 奖金 专业培训 天津 环球 科技 服务 有限公司 人力资源 服务 民营 聊聊 投递
162,HR管培生,9千-1万·13薪,9000.0,10000.0,9500.0,False,上海,奉贤区,佛吉亚（上海）汽车零部件有限公司,汽车零部件,未标明,150-500人,不限,未标明,培训,1,HR管培生 培训 汽车零部件 外资 欧美 150 500人 HR管培生 9千 1万 13薪 上海 奉贤区 培训 佛吉亚 上海 汽车零部件有限公司 汽车零部件外资 欧美 150 500人 去聊聊 投递,,HR 管培生 培训 汽车 零部件 外资 欧美 HR 管培生 上海 奉贤区 培训 佛吉亚 上海 汽车 零部件 有限公司 汽车 零部件 外资 欧美 聊聊 投递
163,菁英计划 上海青岛啤酒销售有限公司,7.5千-1万,7500.0,10000.0,8750.0,False,上海,宝山区,上海市宝山区人才工作局,政府/公共事业,事业单位,少于50人,不限,未标明,周末双休|早九晚六,2,菁英计划 上海青岛啤酒销售有限公司 周末双休 早九晚六 政府 公共事业 事业单位 少于50人 菁英计划 上海青岛啤酒销售有限公司 7.5千 1万 上海 宝山区 周末双休 早九晚六 上海市宝山区人才工作局 政府 公共事业事业单位少于50人 去聊聊 投递,,菁英 计划 上海 青岛 啤酒 销售 有限公司 周末 双休 早九晚 政府 公共事业 事业单位 少于 菁英 计划 上海 青岛 啤酒 销售 有限公司 上海 宝山区 周末 双休 早九晚 上海市 宝山区 人才 政府 公共事业 事业单位 少于 聊聊 投递
164,ZARA 门店顾客体验管培生 上海,9千-1万·13薪,9000.0,10000.0,9500.0,False,上海,,ZARA,批发/零售,未标明,5000-10000人,不限,未标明,缴纳五险|带薪年假|五险一金|内部培训|绩效奖金|专业培训|年终奖金|管理培训|内部晋升|晋升|员工折扣|晋升机会|零食下午茶|市场营销|工商管理|酒店管理|顾客服务|时间管理|门店运营|数字化工具|零售门店|中英文书写|团队领导力,23,ZARA 门店顾客体验管培生 上海 缴纳五险 带薪年假 五险一金 内部培训 绩效奖金 专业培训 年终奖金 管理培训 内部晋升 晋升 员工折扣 晋升机会 零食下午茶 市场营销 工商管理 酒店管理 顾客服务 时间管理 门店运营 数字化工具 零售门店 中英文书写 团队领导力 批发 零售 外资 欧美 5000 10000人 ZARA 门店顾客体验管培生 上海 9千 1万 13薪 上海 在线 2分钟前回复 缴纳五险 带薪年假 五险一金 内部培训 绩效奖金 专业培训 年终奖金 管理培训 内部晋升 晋升 员工折扣 晋升机会 零食下午茶 市场营销 工商管理 酒店管理 顾客服务 时间管理 门店运营 数字化工具 零售门店 中英文书写 团队领导力 ZARA 批发 零售外资 欧美 5000 10000人 去聊聊 投递,,ZARA 门店 顾客 体验 管培生 上海 一金 内部 培训 绩效奖金 专业培训 年终奖金 管理 培训 内部 晋升 晋升 员工 折扣 晋升 机会 零食 下午茶 市场营销 工商管理 酒店 管理 顾客 服务 时间 管理 门店 运营 数字化 工具 零售 门店 中英文 书写 团队 领导力 批发 零售 外资 欧美 ZARA 门店 顾客 体验 管培生 上海 上海 在线 分钟 回复 一金 内部 培训 绩效奖金 专业培训 年终奖金 管理 培训 内部 晋升 晋升 员工 折扣 晋升 机会 零食 下午茶 市场营销 工商管理 酒店 管理 顾客 服务 时间 管理 门店 运营 数字化 工具 零售 门店 中英文 书写 团队 领导力 ZARA 批发 零售 外资 欧美 聊聊 投递
165,管培生,7-9千,7000.0,9000.0,8000.0,False,上海,静安区,上海光正新视界眼科医院投资有限公司,在线医疗丨医疗/护理/卫生,民营,1000-5000人,不限,未标明,审核|分析报告|市场拓展|数据收集|数据支持|市场动态|经营分析|眼视光|部门联动|检查|团队建设,11,管培生 审核 分析报告 市场拓展 数据收集 数据支持 市场动态 经营分析 眼视光 部门联动 检查 团队建设 在线医疗丨医疗 护理 卫生 民营 1000 5000人 管培生 7 9千 上海 静安区 审核 分析报告 市场拓展 数据收集 数据支持 市场动态 经营分析 眼视光 部门联动 检查 团队建设 上海光正新视界眼科医院投资有限公司 在线医疗丨医疗 护理 卫生民营1000 5000人 去聊聊 投递,,管培生 审核 分析 报告 市场 拓展 数据 收集 数据 支持 市场动态 经营 分析 眼视光 部门 联动 检查 团队 建设 在线 医疗 医疗 护理 卫生 民营 管培生 上海 静安区 审核 分析 报告 市场 拓展 数据 收集 数据 支持 市场动态 经营 分析 眼视光 部门 联动 检查 团队 建设 上海 光正 新视界 眼科医院 投资 有限公司 在线 医疗 医疗 护理 卫生 民营 聊聊 投递
166,管理培训生,7千-1.2万,7000.0,12000.0,9500.0,False,上海,徐汇区,山东燚晨医药科技有限公司,医疗设备/器械,民营,未标明,不限,未标明,医疗|哲学|历史|化学|核心岗位|五险,6,管理培训生 医疗 哲学 历史 化学 核心岗位 五险 医疗设备 器械 民营 管理培训生 7千 1.2万 上海 徐汇区 医疗 哲学 历史 化学 核心岗位 五险 山东燚晨医药科技有限公司 医疗设备 器械民营 去聊聊 投递,,管理 培训生 医疗 哲学 历史 化学 核心 医疗 设备 器械 民营 管理 培训生 上海 徐汇区 医疗 哲学 历史 化学 核心 山东 医药 科技 有限公司 医疗 设备 器械 民营 聊聊 投递
167,项目管培生,7千-1万,7000.0,10000.0,8500.0,False,上海,闵行区,力兴（上海）创业孵化器管理有限公司,制药/生物工程丨地产经纪/中介丨咨询,民营,50-150人,不限,未标明,五险一金|专业培训|绩效奖金|带薪年假|做五休二|五险|双休|培训,8,项目管培生 五险一金 专业培训 绩效奖金 带薪年假 做五休二 五险 双休 培训 制药 生物工程丨地产经纪 中介丨咨询 民营 50 150人 项目管培生 7千 1万 上海 闵行区 今日回复10+次 五险一金 专业培训 绩效奖金 带薪年假 做五休二 五险 双休 培训 力兴 上海 创业孵化器管理有限公司 制药 生物工程丨地产经纪 中介丨咨询民营50 150人 去聊聊 投递,,项目 管培生 一金 专业培训 绩效奖金 做五休 双休 培训 制药 生物工程 地产 经纪 中介 咨询 民营 项目 管培生 上海 闵行区 今日 回复 + 一金 专业培训 绩效奖金 做五休 双休 培训 力兴 上海 创业 孵化器 管理 有限公司 制药 生物工程 地产 经纪 中介 咨询 民营 聊聊 投递
168,人力资源岗（2026届校园招聘）,8千-1万,8000.0,10000.0,9000.0,False,上海,浦东新区,东海证券股份有限公司,证券/期货,国企,1000-5000人,不限,未标明,培训|管理|招聘|金融|人力资源|经济|绩效管理|员工关系|简历筛选|法学|培训|五险一金|带薪年假|年终奖金|绩效奖金|专业培训|有餐补|通讯补贴,18,人力资源岗 2026届校园招聘 培训 管理 招聘 金融 人力资源 经济 绩效管理 员工关系 简历筛选 法学 培训 五险一金 带薪年假 年终奖金 绩效奖金 专业培训 有餐补 通讯补贴 证券 期货 国企 1000 5000人 人力资源岗 2026届校园招聘 8千 1万 上海 浦东新区 34分钟前回复 培训 管理 招聘 金融 人力资源 经济 绩效管理 员工关系 简历筛选 法学 培训 五险一金 带薪年假 年终奖金 绩效奖金 专业培训 有餐补 通讯补贴 东海证券股份有限公司 证券 期货国企1000 5000人 去聊聊 投递,,人力资源 校园 培训 管理 金融 人力资源 经济 绩效 管理 员工 关系 简历 筛选 法学 培训 一金 年终奖金 绩效奖金 专业培训 有餐 通讯 补贴 证券 期货 国企 人力资源 校园 上海 浦东新区 分钟 回复 培训 管理 金融 人力资源 经济 绩效 管理 员工 关系 简历 筛选 法学 培训 一金 年终奖金 绩效奖金 专业培训 有餐 通讯 补贴 东海 证券 股份 有限公司 证券 期货 国企 聊聊 投递
169,外贸管培生（零经验培养，接受应届生）,1-2万·15薪,1000.0,20000.0,10500.0,False,上海,徐汇区,南通富通家居用品有限公司,贸易/进出口,民营,150-500人,不限,无经验友好,全球供应链|产品开发|外贸|五险一金|晋升通道|带薪年假|带薪病假|年终奖金|项目奖金|零食下午茶|有餐补|通讯补贴|定期体检|定期团建,14,外贸管培生 零经验培养 接受应届生 全球供应链 产品开发 外贸 五险一金 晋升通道 带薪年假 带薪病假 年终奖金 项目奖金 零食下午茶 有餐补 通讯补贴 定期体检 定期团建 贸易 进出口 民营 150 500人 外贸管培生 零经验培养 接受应届生 1 2万 15薪 上海 徐汇区 全球供应链 产品开发 外贸 五险一金 晋升通道 带薪年假 带薪病假 年终奖金 项目奖金 零食下午茶 有餐补 通讯补贴 定期体检 定期团建 南通富通家居用品有限公司 贸易 进出口民营150 500人 去聊聊 投递,,外贸 管培生 经验 培养 接受 应届生 全球 供应链 产品开发 外贸 一金 晋升 通道 病假 年终奖金 项目 奖金 零食 下午茶 有餐 通讯 补贴 定期 体检 定期 团建 贸易 进出口 民营 外贸 管培生 经验 培养 接受 应届生 上海 徐汇区 全球 供应链 产品开发 外贸 一金 晋升 通道 病假 年终奖金 项目 奖金 零食 下午茶 有餐 通讯 补贴 定期 体检 定期 团建 南通 富通 家居用品 有限公司 贸易 进出口 民营 聊聊 投递
170,管培生,8千-1.2万·13薪,8000.0,12000.0,10000.0,False,上海,浦东新区,宝煊通联（上海）供应链管理有限公司,交通/运输/客运丨货运/物流/仓储丨贸易/进出口,民营,50-150人,不限,未标明,五险一金|专业培训|带薪年假|定期体检|周末双休|做五休二|通讯补贴|交通补贴|全勤奖|年终奖|餐费补贴|过节费|补充公积金|高温费|企业年金|海事大学|英语流利|进口|出口,19,管培生 五险一金 专业培训 带薪年假 定期体检 周末双休 做五休二 通讯补贴 交通补贴 全勤奖 年终奖 餐费补贴 过节费 补充公积金 高温费 企业年金 海事大学 英语流利 进口 出口 交通 运输 客运丨货运 物流 仓储丨贸易 进出口 民营 50 150人 管培生 8千 1.2万 13薪 上海 浦东新区 在线 11分钟前回复 五险一金 专业培训 带薪年假 定期体检 周末双休 做五休二 通讯补贴 交通补贴 全勤奖 年终奖 餐费补贴 过节费 补充公积金 高温费 企业年金 海事大学 英语流利 进口 出口 宝煊通联 上海 供应链管理有限公司 交通 运输 客运丨货运 物流 仓储丨贸易 进出口民营50 150人 去聊聊 投递,,管培生 一金 专业培训 定期 体检 周末 双休 做五休 通讯 补贴 交通 补贴 全勤奖 年终奖 餐费 补贴 过节费 补充 公积金 高温 企业 海事 大学 英语 流利 进口 出口 交通 运输 客运 货运 物流 仓储 贸易 进出口 民营 管培生 上海 浦东新区 在线 分钟 回复 一金 专业培训 定期 体检 周末 双休 做五休 通讯 补贴 交通 补贴 全勤奖 年终奖 餐费 补贴 过节费 补充 公积金 高温 企业 海事 大学 英语 流利 进口 出口 宝煊 通联 上海 供应链 管理 有限公司 交通 运输 客运 货运 物流 仓储 贸易 进出口 民营 聊聊 投递
171,ZARA 门店顾客体验管培生 南京,9千-1万·13薪,9000.0,10000.0,9500.0,False,上海,,ZARA,批发/零售,未标明,5000-10000人,不限,未标明,缴纳五险|带薪年假|五险一金|内部培训|绩效奖金|专业培训|年终奖金|管理培训|内部晋升|晋升|员工折扣|晋升机会|零食下午茶,13,ZARA 门店顾客体验管培生 南京 缴纳五险 带薪年假 五险一金 内部培训 绩效奖金 专业培训 年终奖金 管理培训 内部晋升 晋升 员工折扣 晋升机会 零食下午茶 批发 零售 外资 欧美 5000 10000人 ZARA 门店顾客体验管培生 南京 9千 1万 13薪 上海 在线 2分钟前回复 缴纳五险 带薪年假 五险一金 内部培训 绩效奖金 专业培训 年终奖金 管理培训 内部晋升 晋升 员工折扣 晋升机会 零食下午茶 ZARA 批发 零售外资 欧美 5000 10000人 去聊聊 投递,,ZARA 门店 顾客 体验 管培生 南京 一金 内部 培训 绩效奖金 专业培训 年终奖金 管理 培训 内部 晋升 晋升 员工 折扣 晋升 机会 零食 下午茶 批发 零售 外资 欧美 ZARA 门店 顾客 体验 管培生 南京 上海 在线 分钟 回复 一金 内部 培训 绩效奖金 专业培训 年终奖金 管理 培训 内部 晋升 晋升 员工 折扣 晋升 机会 零食 下午茶 ZARA 批发 零售 外资 欧美 聊聊 投递
172,陆家嘴豪宅运营管理员3w本科优先,2-3.5万·14薪,2000.0,35000.0,18500.0,False,上海,浦东新区,上海太平洋房屋服务有限公司,地产经纪/中介,未标明,5000-10000人,本科,未标明,奖金|绩效奖金|全勤奖|房补|工龄奖|年终奖金|员工旅游|带薪年假|节日福利|弹性工作|月奖|团建|住宿|补贴|安排住宿,15,陆家嘴豪宅运营管理员3w本科优先 奖金 绩效奖金 全勤奖 房补 工龄奖 年终奖金 员工旅游 带薪年假 节日福利 弹性工作 月奖 团建 住宿 补贴 安排住宿 地产经纪 中介 外资 非欧美 5000 10000人 陆家嘴豪宅运营管理员3w本科优先 2 3.5万 14薪 上海 浦东新区 在线 16分钟前回复 奖金 绩效奖金 全勤奖 房补 工龄奖 年终奖金 员工旅游 带薪年假 节日福利 弹性工作 月奖 团建 住宿 补贴 安排住宿 上海太平洋房屋服务有限公司 地产经纪 中介外资 非欧美 5000 10000人 去聊聊 投递,,陆家嘴 豪宅 运营 管理员 3w 本科 奖金 绩效奖金 全勤奖 房补 工龄 年终奖金 员工 旅游 节日 弹性 团建 住宿 补贴 安排 住宿 地产 经纪 中介 外资 欧美 陆家嘴 豪宅 运营 管理员 3w 本科 上海 浦东新区 在线 分钟 回复 奖金 绩效奖金 全勤奖 房补 工龄 年终奖金 员工 旅游 节日 弹性 团建 住宿 补贴 安排 住宿 上海 太平洋 房屋 服务 有限公司 地产 经纪 中介 外资 欧美 聊聊 投递
173,储备生,7.5-9千·13薪,7500.0,9000.0,8250.0,False,上海,长宁区,上海服装（集团）有限公司,服装丨纺织/皮革丨物业服务,国企,500-1000人,不限,未标明,五险一金|年终奖金|专业培训|做五休二,4,储备生 五险一金 年终奖金 专业培训 做五休二 服装丨纺织 皮革丨物业服务 国企 500 1000人 储备生 7.5 9千 13薪 上海 长宁区 五险一金 年终奖金 专业培训 做五休二 上海服装 集团 有限公司 服装丨纺织 皮革丨物业服务国企500 1000人 去聊聊 投递,,储备 一金 年终奖金 专业培训 做五休 服装 纺织 皮革 物业 服务 国企 储备 上海 长宁区 一金 年终奖金 专业培训 做五休 上海 服装 集团 有限公司 服装 纺织 皮革 物业 服务 国企 聊聊 投递
174,管培生（采购、业务、产品）,12-14万/年,12000.0,140000.0,76000.0,False,上海,黄浦区,上海外服门诊部有限公司,医疗/护理/卫生,国企,50-150人,不限,未标明,绩效奖金|定期体检|年终奖金|带薪年假|节日福利|周末双休|健康体检|体检,8,管培生 采购 业务 产品 绩效奖金 定期体检 年终奖金 带薪年假 节日福利 周末双休 健康体检 体检 医疗 护理 卫生 国企 50 150人 管培生 采购 业务 产品 12 14万 年 上海 黄浦区 今日回复10+次 绩效奖金 定期体检 年终奖金 带薪年假 节日福利 周末双休 健康体检 体检 上海外服门诊部有限公司 医疗 护理 卫生国企50 150人 去聊聊 投递,,管培生 采购 业务 产品 绩效奖金 定期 体检 年终奖金 节日 周末 双休 健康 体检 体检 医疗 护理 卫生 国企 管培生 采购 业务 产品 上海 黄浦区 今日 回复 + 绩效奖金 定期 体检 年终奖金 节日 周末 双休 健康 体检 体检 上海 外服 门诊部 有限公司 医疗 护理 卫生 国企 聊聊 投递
175,管培生2027届,7.5-9.5千·14薪,7500.0,9500.0,8500.0,False,上海,,上海招商局物业管理有限公司,物业服务,国企,500-1000人,不限,未标明,自动化|给排水|消防工程|暖通空调|供配电|热能动力工程|电梯运维,7,管培生2027届 自动化 给排水 消防工程 暖通空调 供配电 热能动力工程 电梯运维 物业服务 国企 500 1000人 管培生2027届 7.5 9.5千 14薪 上海 自动化 给排水 消防工程 暖通空调 供配电 热能动力工程 电梯运维 上海招商局物业管理有限公司 物业服务国企500 1000人 去聊聊 投递,,管培生 自动化 给排水 消防工程 暖通 空调 供配电 热能 动力工程 电梯 运维 物业 服务 国企 管培生 上海 自动化 给排水 消防工程 暖通 空调 供配电 热能 动力工程 电梯 运维 上海 招商局 物业管理 有限公司 物业 服务 国企 聊聊 投递
176,销售培训生（上海） (MJ011820),8-9千·13薪,8000.0,9000.0,8500.0,False,上海,长宁区,烟台欣和企业食品有限公司,食品/饮料/粮油,未标明,1000-5000人,不限,未标明,市场营销|国际贸易|工商管理,3,销售培训生 上海 MJ011820 市场营销 国际贸易 工商管理 食品 饮料 粮油 外资 欧美 1000 5000人 销售培训生 上海 MJ011820 8 9千 13薪 上海 长宁区 26分钟前回复 市场营销 国际贸易 工商管理 烟台欣和企业食品有限公司 食品 饮料 粮油外资 欧美 1000 5000人 去聊聊 投递,,销售 培训生 上海 MJ011820 市场营销 国际贸易 工商管理 食品 饮料 粮油 外资 欧美 销售 培训生 上海 MJ011820 上海 长宁区 分钟 回复 市场营销 国际贸易 工商管理 烟台 企业 食品 有限公司 食品 饮料 粮油 外资 欧美 聊聊 投递
177,门店管培生/无责8k/解决单间,8千-1.2万·13薪,8000.0,12000.0,10000.0,False,上海,,上海太平洋房屋服务有限公司,地产经纪/中介,未标明,5000-10000人,不限,无经验友好,绩效奖金|年终奖金|带薪年假|节日福利|员工旅游|弹性工作|提成|培训|提供住宿|接受无经验|一对一带教|储备干部|Toc（个人）|网络销售|运营支持,15,门店管培生 无责8k 解决单间 绩效奖金 年终奖金 带薪年假 节日福利 员工旅游 弹性工作 提成 培训 提供住宿 接受无经验 一对一带教 储备干部 Toc 个人 网络销售 运营支持 地产经纪 中介 外资 非欧美 5000 10000人 门店管培生 无责8k 解决单间 8千 1.2万 13薪 上海 绩效奖金 年终奖金 带薪年假 节日福利 员工旅游 弹性工作 提成 培训 提供住宿 接受无经验 一对一带教 储备干部 Toc 个人 网络销售 运营支持 上海太平洋房屋服务有限公司 地产经纪 中介外资 非欧美 5000 10000人 去聊聊 投递,,门店 管培生 无责 8k 解决 单间 绩效奖金 年终奖金 节日 员工 旅游 弹性 提成 培训 住宿 接受 经验 一对 一带 储备干部 Toc 个人 网络 销售 运营 支持 地产 经纪 中介 外资 欧美 门店 管培生 无责 8k 解决 单间 上海 绩效奖金 年终奖金 节日 员工 旅游 弹性 提成 培训 住宿 接受 经验 一对 一带 储备干部 Toc 个人 网络 销售 运营 支持 上海 太平洋 房屋 服务 有限公司 地产 经纪 中介 外资 欧美 聊聊 投递
178,线上面试呢发offer本科优先,8千-1.4万,8000.0,14000.0,11000.0,False,上海,,上海太平洋房屋服务有限公司,地产经纪/中介,未标明,5000-10000人,本科,未标明,住宿|有住宿|员工住宿|培训|互联网|资料整理|项目执行|业务流程优化|员工住宿,9,线上面试呢发offer本科优先 住宿 有住宿 员工住宿 培训 互联网 资料整理 项目执行 业务流程优化 员工住宿 地产经纪 中介 外资 非欧美 5000 10000人 线上面试呢发offer本科优先 8千 1.4万 上海 在线 住宿 有住宿 员工住宿 培训 互联网 资料整理 项目执行 业务流程优化 员工住宿 上海太平洋房屋服务有限公司 地产经纪 中介外资 非欧美 5000 10000人 去聊聊 投递,,线上 面试 offer 本科 住宿 住宿 员工 住宿 培训 互联网 资料 整理 项目 执行 业务流程 优化 员工 住宿 地产 经纪 中介 外资 欧美 线上 面试 offer 本科 上海 在线 住宿 住宿 员工 住宿 培训 互联网 资料 整理 项目 执行 业务流程 优化 员工 住宿 上海 太平洋 房屋 服务 有限公司 地产 经纪 中介 外资 欧美 聊聊 投递
179,零售管培生（九木杂物社）全国,7-8千,7000.0,8000.0,7500.0,False,上海,松江区,九木杂物社企业管理有限公司,新零售,民营,1000-5000人,不限,未标明,节日福利|带薪年假|晋升|晋升机会|有五险|晋升通道|培训,7,零售管培生 九木杂物社 全国 节日福利 带薪年假 晋升 晋升机会 有五险 晋升通道 培训 新零售 民营 1000 5000人 零售管培生 九木杂物社 全国 7 8千 上海 松江区 节日福利 带薪年假 晋升 晋升机会 有五险 晋升通道 培训 九木杂物社企业管理有限公司 新零售民营1000 5000人 去聊聊 投递,,零售 管培生 九木 杂物 全国 节日 晋升 晋升 机会 有五险 晋升 通道 培训 零售 民营 零售 管培生 九木 杂物 全国 上海 松江区 节日 晋升 晋升 机会 有五险 晋升 通道 培训 九木 杂物 企业 管理 有限公司 零售 民营 聊聊 投递
180,青云计划定向管培生招聘,9千-1.5万,9000.0,15000.0,12000.0,False,上海,浦东新区,上海天岳半导体材料有限公司,电子/半导体/集成电路,民营,500-1000人,不限,未标明,机械|金融|财务管理|人力资源|化学|行政管理|材料|物理|检测|工商管理|培训,11,青云计划定向管培生招聘 机械 金融 财务管理 人力资源 化学 行政管理 材料 物理 检测 工商管理 培训 电子 半导体 集成电路 民营 500 1000人 青云计划定向管培生招聘 9千 1.5万 上海 浦东新区 机械 金融 财务管理 人力资源 化学 行政管理 材料 物理 检测 工商管理 培训 上海天岳半导体材料有限公司 电子 半导体 集成电路民营500 1000人 去聊聊 投递,,青云 计划 定向 管培生 机械 金融 财务管理 人力资源 化学 行政 管理 材料 物理 检测 工商管理 培训 电子 半导体 集成电路 民营 青云 计划 定向 管培生 上海 浦东新区 机械 金融 财务管理 人力资源 化学 行政 管理 材料 物理 检测 工商管理 培训 上海 天岳 半导体 材料 有限公司 电子 半导体 集成电路 民营 聊聊 投递
181,储备干部,7-9千·13薪,7000.0,9000.0,8000.0,False,上海,,挪亚检验认证集团有限公司,检测/认证丨制药/生物工程丨新能源,民营,500-1000人,不限,未标明,运营管理|企业管理|项目策划|目标制定|岗位培训|技术提升|系统培训|岗位培训|储备干部|五险一金|交通补贴|餐饮补贴|通讯补贴|绩效奖金|年终奖金|专业培训|周末双休,17,储备干部 运营管理 企业管理 项目策划 目标制定 岗位培训 技术提升 系统培训 岗位培训 储备干部 五险一金 交通补贴 餐饮补贴 通讯补贴 绩效奖金 年终奖金 专业培训 周末双休 检测 认证丨制药 生物工程丨新能源 民营 500 1000人 储备干部 7 9千 13薪 上海 运营管理 企业管理 项目策划 目标制定 岗位培训 技术提升 系统培训 岗位培训 储备干部 五险一金 交通补贴 餐饮补贴 通讯补贴 绩效奖金 年终奖金 专业培训 周末双休 挪亚检验认证集团有限公司 检测 认证丨制药 生物工程丨新能源民营500 1000人 去聊聊 投递,,储备干部 运营 管理 企业 管理 项目 策划 目标 制定 岗位培训 技术 提升 系统 培训 岗位培训 储备干部 一金 交通 补贴 餐饮 补贴 通讯 补贴 绩效奖金 年终奖金 专业培训 周末 双休 检测 认证 制药 生物工程 新能源 民营 储备干部 上海 运营 管理 企业 管理 项目 策划 目标 制定 岗位培训 技术 提升 系统 培训 岗位培训 储备干部 一金 交通 补贴 餐饮 补贴 通讯 补贴 绩效奖金 年终奖金 专业培训 周末 双休 挪亚 检验 认证 集团 有限公司 检测 认证 制药 生物工程 新能源 民营 聊聊 投递
182,销售管培生/储备店长/季度晋升,1-1.5万,1000.0,15000.0,8000.0,False,上海,,上海太平洋房屋服务有限公司,地产经纪/中介,未标明,5000-10000人,不限,未标明,销售|培训|数据分析|客源开发|市场动态|房产买卖|谈判|团队建设|轮岗|晋升|季度晋升|团队建设|晋升,13,销售管培生 储备店长 季度晋升 销售 培训 数据分析 客源开发 市场动态 房产买卖 谈判 团队建设 轮岗 晋升 季度晋升 团队建设 晋升 地产经纪 中介 外资 非欧美 5000 10000人 销售管培生 储备店长 季度晋升 1 1.5万 上海 今日回复10+次 销售 培训 数据分析 客源开发 市场动态 房产买卖 谈判 团队建设 轮岗 晋升 季度晋升 团队建设 晋升 上海太平洋房屋服务有限公司 地产经纪 中介外资 非欧美 5000 10000人 去聊聊 投递,,销售 管培生 储备 店长 季度 晋升 销售 培训 数据分析 客源 开发 市场动态 房产 买卖 谈判 团队 建设 轮岗 晋升 季度 晋升 团队 建设 晋升 地产 经纪 中介 外资 欧美 销售 管培生 储备 店长 季度 晋升 上海 今日 回复 + 销售 培训 数据分析 客源 开发 市场动态 房产 买卖 谈判 团队 建设 轮岗 晋升 季度 晋升 团队 建设 晋升 上海 太平洋 房屋 服务 有限公司 地产 经纪 中介 外资 欧美 聊聊 投递
183,营销管培生（上海）,9-10万/年,9000.0,100000.0,54500.0,False,上海,徐汇区,中粮国际（北京）有限公司上海分公司,食品/饮料/粮油,未标明,150-500人,不限,未标明,销售|市场营销|营销|食品|客户管理|市场|五险一金|绩效奖金|专业培训|餐饮补贴|定期体检|节日福利|带薪年假|通讯补贴|周末双休|高温补贴,16,营销管培生 上海 销售 市场营销 营销 食品 客户管理 市场 五险一金 绩效奖金 专业培训 餐饮补贴 定期体检 节日福利 带薪年假 通讯补贴 周末双休 高温补贴 食品 饮料 粮油 外资 非欧美 150 500人 营销管培生 上海 9 10万 年 上海 徐汇区 销售 市场营销 营销 食品 客户管理 市场 五险一金 绩效奖金 专业培训 餐饮补贴 定期体检 节日福利 带薪年假 通讯补贴 周末双休 高温补贴 中粮国际 北京 有限公司上海分公司 食品 饮料 粮油外资 非欧美 150 500人 去聊聊 投递,,营销 管培生 上海 销售 市场营销 营销 食品 客户 管理 市场 一金 绩效奖金 专业培训 餐饮 补贴 定期 体检 节日 通讯 补贴 周末 双休 高温 补贴 食品 饮料 粮油 外资 欧美 营销 管培生 上海 上海 徐汇区 销售 市场营销 营销 食品 客户 管理 市场 一金 绩效奖金 专业培训 餐饮 补贴 定期 体检 节日 通讯 补贴 周末 双休 高温 补贴 中粮 国际 北京 有限公司 上海 分公司 食品 饮料 粮油 外资 欧美 聊聊 投递
184,管培生（营运方向）,7千-1万,7000.0,10000.0,8500.0,False,上海,金山区,上海金山万达广场商业管理有限公司,物业服务,民营,50-150人,不限,未标明,五险一金|绩效奖金|年终奖金|带薪年假|节日福利|弹性工作|做五休二,7,管培生 营运方向 五险一金 绩效奖金 年终奖金 带薪年假 节日福利 弹性工作 做五休二 物业服务 民营 50 150人 管培生 营运方向 7千 1万 上海 金山区 今日回复3次 五险一金 绩效奖金 年终奖金 带薪年假 节日福利 弹性工作 做五休二 上海金山万达广场商业管理有限公司 物业服务民营50 150人 去聊聊 投递,,管培生 营运 方向 一金 绩效奖金 年终奖金 节日 弹性 做五休 物业 服务 民营 管培生 营运 方向 上海 金山区 今日 回复 一金 绩效奖金 年终奖金 节日 弹性 做五休 上海 金山 万达 广场 商业 管理 有限公司 物业 服务 民营 聊聊 投递
185,线上面试 大厂管培生  应届生优先,9千-1.5万,9000.0,15000.0,12000.0,False,上海,,上海太平洋房屋服务有限公司,地产经纪/中介,未标明,5000-10000人,不限,无经验友好,旅游|带薪休假|社保|住宿|安排住宿|团建聚餐|带薪培训|带薪年假|提供住宿,9,线上面试 大厂管培生 应届生优先 旅游 带薪休假 社保 住宿 安排住宿 团建聚餐 带薪培训 带薪年假 提供住宿 地产经纪 中介 外资 非欧美 5000 10000人 线上面试 大厂管培生 应届生优先 9千 1.5万 上海 今日回复10+次 旅游 带薪休假 社保 住宿 安排住宿 团建聚餐 带薪培训 带薪年假 提供住宿 上海太平洋房屋服务有限公司 地产经纪 中介外资 非欧美 5000 10000人 去聊聊 投递,,线上 面试 大厂 管培生 应届生 旅游 带薪休假 社保 住宿 安排 住宿 团建 聚餐 培训 住宿 地产 经纪 中介 外资 欧美 线上 面试 大厂 管培生 应届生 上海 今日 回复 + 旅游 带薪休假 社保 住宿 安排 住宿 团建 聚餐 培训 住宿 上海 太平洋 房屋 服务 有限公司 地产 经纪 中介 外资 欧美 聊聊 投递
186,本科优先/提供住宿/带薪培训,8千-1.6万·13薪,8000.0,16000.0,12000.0,False,上海,松江区,上海太平洋房屋服务有限公司,地产经纪/中介,未标明,5000-10000人,本科,未标明,提供住宿|带薪培训|奖金|员工宿舍|弹性工作|五险一金|员工旅游|出国机会|绩效奖金|年终奖金|专业培训|补充公积金|晋升空间|宿舍|住宿,15,本科优先 提供住宿 带薪培训 提供住宿 带薪培训 奖金 员工宿舍 弹性工作 五险一金 员工旅游 出国机会 绩效奖金 年终奖金 专业培训 补充公积金 晋升空间 宿舍 住宿 地产经纪 中介 外资 非欧美 5000 10000人 本科优先 提供住宿 带薪培训 8千 1.6万 13薪 上海 松江区 在线 1分钟前回复 提供住宿 带薪培训 奖金 员工宿舍 弹性工作 五险一金 员工旅游 出国机会 绩效奖金 年终奖金 专业培训 补充公积金 晋升空间 宿舍 住宿 上海太平洋房屋服务有限公司 地产经纪 中介外资 非欧美 5000 10000人 去聊聊 投递,,本科 住宿 培训 住宿 培训 奖金 员工 宿舍 弹性 一金 员工 旅游 出国 机会 绩效奖金 年终奖金 专业培训 补充 公积金 晋升 空间 宿舍 住宿 地产 经纪 中介 外资 欧美 本科 住宿 培训 上海 松江区 在线 分钟 回复 住宿 培训 奖金 员工 宿舍 弹性 一金 员工 旅游 出国 机会 绩效奖金 年终奖金 专业培训 补充 公积金 晋升 空间 宿舍 住宿 上海 太平洋 房屋 服务 有限公司 地产 经纪 中介 外资 欧美 聊聊 投递
187,管培生,1-2万,1000.0,20000.0,10500.0,False,上海,嘉定区,上海希腾电子信息技术有限责任公司,仪器仪表/工业自动化,民营,50-150人,不限,未标明,技术交流|竞品分析|产品规划|机械结构|五险一金|补充公积金|带薪年假|年终奖金|项目奖金|出国机会|定期体检|免费工作餐|出差补贴|交通补贴,14,管培生 技术交流 竞品分析 产品规划 机械结构 五险一金 补充公积金 带薪年假 年终奖金 项目奖金 出国机会 定期体检 免费工作餐 出差补贴 交通补贴 仪器仪表 工业自动化 民营 50 150人 管培生 1 2万 上海 嘉定区 技术交流 竞品分析 产品规划 机械结构 五险一金 补充公积金 带薪年假 年终奖金 项目奖金 出国机会 定期体检 免费工作餐 出差补贴 交通补贴 上海希腾电子信息技术有限责任公司 仪器仪表 工业自动化民营50 150人 去聊聊 投递,,管培生 技术 交流 竞品 分析 产品 规划 机械 结构 一金 补充 公积金 年终奖金 项目 奖金 出国 机会 定期 体检 免费 工作餐 出差 补贴 交通 补贴 仪器仪表 工业 自动化 民营 管培生 上海 嘉定区 技术 交流 竞品 分析 产品 规划 机械 结构 一金 补充 公积金 年终奖金 项目 奖金 出国 机会 定期 体检 免费 工作餐 出差 补贴 交通 补贴 上海 希腾 电子 信息技术 有限责任 仪器仪表 工业 自动化 民营 聊聊 投递
188,管培生（主播方向）,8千-1万,8000.0,10000.0,9000.0,False,上海,青浦区,上海度士实业发展有限公司,电子商务,民营,少于50人,不限,未标明,电商行业|管培生|主播|专业培训|免费班车|员工旅游|弹性工作,7,管培生 主播方向 电商行业 管培生 主播 专业培训 免费班车 员工旅游 弹性工作 电子商务 民营 少于50人 管培生 主播方向 8千 1万 上海 青浦区 电商行业 管培生 主播 专业培训 免费班车 员工旅游 弹性工作 上海度士实业发展有限公司 电子商务民营少于50人 去聊聊 投递,,管培生 主播 方向 电商 行业 管培生 主播 专业培训 免费 班车 员工 旅游 弹性 电子商务 民营 少于 管培生 主播 方向 上海 青浦区 电商 行业 管培生 主播 专业培训 免费 班车 员工 旅游 弹性 上海 度士 实业 发展 有限公司 电子商务 民营 少于 聊聊 投递
189,益丰集团储备干部（质管方向）,1.2-2.4万·13薪,1200.0,24000.0,12600.0,False,上海,闵行区,上海益丰大药房连锁有限公司,批发/零售,未标明,10000人以上,不限,未标明,年终奖金|包住宿|餐补|五险一金|免费住宿|晋升机会,6,益丰集团储备干部 质管方向 年终奖金 包住宿 餐补 五险一金 免费住宿 晋升机会 批发 零售 已上市 10000人以上 益丰集团储备干部 质管方向 1.2 2.4万 13薪 上海 闵行区 年终奖金 包住宿 餐补 五险一金 免费住宿 晋升机会 上海益丰大药房连锁有限公司 批发 零售已上市10000人以上 去聊聊 投递,,益丰 集团 储备干部 质管 方向 年终奖金 住宿 餐补 一金 免费 住宿 晋升 机会 批发 零售 上市 益丰 集团 储备干部 质管 方向 上海 闵行区 年终奖金 住宿 餐补 一金 免费 住宿 晋升 机会 上海 益丰大 药房 连锁 有限公司 批发 零售 上市 聊聊 投递
190,青年公寓管家 大学生优先,8千-1.6万,8000.0,16000.0,12000.0,False,上海,浦东新区,上海太平洋房屋服务有限公司,地产经纪/中介,未标明,5000-10000人,不限,未标明,办公软件|社区文化活动|驾照|数据统计|水电维修|优化服务流程|管理策略|公共区域|消除安全隐患|文档排版,10,青年公寓管家 大学生优先 办公软件 社区文化活动 驾照 数据统计 水电维修 优化服务流程 管理策略 公共区域 消除安全隐患 文档排版 地产经纪 中介 外资 非欧美 5000 10000人 青年公寓管家 大学生优先 8千 1.6万 上海 浦东新区 在线 办公软件 社区文化活动 驾照 数据统计 水电维修 优化服务流程 管理策略 公共区域 消除安全隐患 文档排版 上海太平洋房屋服务有限公司 地产经纪 中介外资 非欧美 5000 10000人 去聊聊 投递,,青年 公寓 管家 大学生 办公软件 社区 文化 活动 驾照 数据 统计 水电 维修 优化 服务 流程 管理策略 公共 区域 消除 安全隐患 文档 排版 地产 经纪 中介 外资 欧美 青年 公寓 管家 大学生 上海 浦东新区 在线 办公软件 社区 文化 活动 驾照 数据 统计 水电 维修 优化 服务 流程 管理策略 公共 区域 消除 安全隐患 文档 排版 上海 太平洋 房屋 服务 有限公司 地产 经纪 中介 外资 欧美 聊聊 投递
191,管培生（生产运营）,7千-1万·14薪,7000.0,10000.0,8500.0,False,上海,松江区,曼盛包装（上海）有限公司,印刷/包装/造纸,未标明,150-500人,不限,未标明,管理培训生|材料|设备维修|模具|商业保险|节日福利|工作餐|年终奖|缴纳五险|五险一金|年休假|年度体检|工龄补贴|带薪年假|年终奖金|专业培训|定期体检|免费工作餐|绩效奖金,19,管培生 生产运营 管理培训生 材料 设备维修 模具 商业保险 节日福利 工作餐 年终奖 缴纳五险 五险一金 年休假 年度体检 工龄补贴 带薪年假 年终奖金 专业培训 定期体检 免费工作餐 绩效奖金 印刷 包装 造纸 外资 欧美 150 500人 管培生 生产运营 7千 1万 14薪 上海 松江区 管理培训生 材料 设备维修 模具 商业保险 节日福利 工作餐 年终奖 缴纳五险 五险一金 年休假 年度体检 工龄补贴 带薪年假 年终奖金 专业培训 定期体检 免费工作餐 绩效奖金 曼盛包装 上海 有限公司 印刷 包装 造纸外资 欧美 150 500人 去聊聊 投递,,管培生 生产 运营 管理 培训生 材料 设备 维修 模具 商业保险 节日 工作餐 年终奖 一金 年休假 年度 体检 工龄 补贴 年终奖金 专业培训 定期 体检 免费 工作餐 绩效奖金 印刷 包装 造纸 外资 欧美 管培生 生产 运营 上海 松江区 管理 培训生 材料 设备 维修 模具 商业保险 节日 工作餐 年终奖 一金 年休假 年度 体检 工龄 补贴 年终奖金 专业培训 定期 体检 免费 工作餐 绩效奖金 曼盛 包装 上海 有限公司 印刷 包装 造纸 外资 欧美 聊聊 投递
192,管理培训生（销售方向）,7千-1万,7000.0,10000.0,8500.0,False,上海,松江区,江苏洞庭山泉矿泉水集团有限公司,食品/饮料/粮油,民营,500-1000人,不限,未标明,五险一金|年终奖金|专业培训|带薪年假|管理培训|项目奖金|有餐补|交通补贴,8,管理培训生 销售方向 五险一金 年终奖金 专业培训 带薪年假 管理培训 项目奖金 有餐补 交通补贴 食品 饮料 粮油 民营 500 1000人 管理培训生 销售方向 7千 1万 上海 松江区 五险一金 年终奖金 专业培训 带薪年假 管理培训 项目奖金 有餐补 交通补贴 江苏洞庭山泉矿泉水集团有限公司 食品 饮料 粮油民营500 1000人 去聊聊 投递,,管理 培训生 销售 方向 一金 年终奖金 专业培训 管理 培训 项目 奖金 有餐 交通 补贴 食品 饮料 粮油 民营 管理 培训生 销售 方向 上海 松江区 一金 年终奖金 专业培训 管理 培训 项目 奖金 有餐 交通 补贴 江苏 洞庭 山泉 矿泉水 集团 有限公司 食品 饮料 粮油 民营 聊聊 投递
193,销售管培生,1.2-1.5万·13薪,1200.0,15000.0,8100.0,False,上海,奉贤区,和骋新材料科技（上海）有限公司,汽车零部件,民营,150-500人,不限,未标明,五险一金|带薪年假|年终奖金|员工旅游|专业培训|定期团建|免费工作餐|销售|开发|销售计划|理工科|客户需求调研|客户信息收集|展会接待|竞争对手分析,15,销售管培生 五险一金 带薪年假 年终奖金 员工旅游 专业培训 定期团建 免费工作餐 销售 开发 销售计划 理工科 客户需求调研 客户信息收集 展会接待 竞争对手分析 汽车零部件 民营 150 500人 销售管培生 1.2 1.5万 13薪 上海 奉贤区 在线 11分钟前回复 五险一金 带薪年假 年终奖金 员工旅游 专业培训 定期团建 免费工作餐 销售 开发 销售计划 理工科 客户需求调研 客户信息收集 展会接待 竞争对手分析 和骋新材料科技 上海 有限公司 汽车零部件民营150 500人 去聊聊 投递,,销售 管培生 一金 年终奖金 员工 旅游 专业培训 定期 团建 免费 工作餐 销售 开发 销售 计划 理工科 客户 需求 调研 客户 信息 收集 展会 接待 竞争对手 分析 汽车 零部件 民营 销售 管培生 上海 奉贤区 在线 分钟 回复 一金 年终奖金 员工 旅游 专业培训 定期 团建 免费 工作餐 销售 开发 销售 计划 理工科 客户 需求 调研 客户 信息 收集 展会 接待 竞争对手 分析 材料 科技 上海 有限公司 汽车 零部件 民营 聊聊 投递
194,马厂老火锅管培生,3-6万,3000.0,60000.0,31500.0,False,上海,,上海市奉贤区马百桥餐饮店（个体工商户）,餐饮业,民营,少于50人,不限,未标明,创业|专业培训,2,马厂老火锅管培生 创业 专业培训 餐饮业 民营 少于50人 马厂老火锅管培生 3 6万 上海 本周查看简历28次 创业 专业培训 上海市奉贤区马百桥餐饮店 个体工商户 餐饮业民营少于50人 去聊聊 投递,,马厂 火锅 管培生 创业 专业培训 餐饮业 民营 少于 马厂 火锅 管培生 上海 本周 查看 简历 创业 专业培训 上海市 奉贤区 马百桥 餐饮店 个体 工商户 餐饮业 民营 少于 聊聊 投递
195,管理培训生/储备干部,8千-1.5万·13薪,8000.0,15000.0,11500.0,False,上海,浦东新区,上海蓝木化工有限公司,制药/生物工程,合资,150-500人,不限,未标明,生物工程|市场营销|管理培训生|品牌|采购|供应链|行政管理方向|生物技术|项目管理|英语|专业培训|五险一金|带薪年假|年终奖金|节日福利|周末双休|高温补贴|系统培训|储备干部|管理培训|培训|晋升|法定节假,23,管理培训生 储备干部 生物工程 市场营销 管理培训生 品牌 采购 供应链 行政管理方向 生物技术 项目管理 英语 专业培训 五险一金 带薪年假 年终奖金 节日福利 周末双休 高温补贴 系统培训 储备干部 管理培训 培训 晋升 法定节假 制药 生物工程 合资 150 500人 管理培训生 储备干部 8千 1.5万 13薪 上海 浦东新区 本周查看简历1次 生物工程 市场营销 管理培训生 品牌 采购 供应链 行政管理方向 生物技术 项目管理 英语 专业培训 五险一金 带薪年假 年终奖金 节日福利 周末双休 高温补贴 系统培训 储备干部 管理培训 培训 晋升 法定节假 上海蓝木化工有限公司 制药 生物工程合资150 500人 去聊聊 投递,,管理 培训生 储备干部 生物工程 市场营销 管理 培训生 品牌 采购 供应链 行政 管理 方向 生物 技术 项目管理 英语 专业培训 一金 年终奖金 节日 周末 双休 高温 补贴 系统 培训 储备干部 管理 培训 培训 晋升 法定 节假 制药 生物工程 合资 管理 培训生 储备干部 上海 浦东新区 本周 查看 简历 生物工程 市场营销 管理 培训生 品牌 采购 供应链 行政 管理 方向 生物 技术 项目管理 英语 专业培训 一金 年终奖金 节日 周末 双休 高温 补贴 系统 培训 储备干部 管理 培训 培训 晋升 法定 节假 上海 蓝木 化工 有限公司 制药 生物工程 合资 聊聊 投递
196,26/27届销售管培生,7千-1万,7000.0,10000.0,8500.0,False,上海,闵行区,上海新川崎食品有限公司,食品/饮料/粮油,民营,150-500人,不限,未标明,销售|培训|食品行业|铺货|销售数据|动销|学生会|处理订单|社团干部|走访市场|提供住宿|五险一金|补贴|住房补贴|团建旅游|晋升|晋升平台|法定假日|晋升空间|节日慰问|培训,21,26 27届销售管培生 销售 培训 食品行业 铺货 销售数据 动销 学生会 处理订单 社团干部 走访市场 提供住宿 五险一金 补贴 住房补贴 团建旅游 晋升 晋升平台 法定假日 晋升空间 节日慰问 培训 食品 饮料 粮油 民营 150 500人 26 27届销售管培生 7千 1万 上海 闵行区 在线 13分钟前回复 销售 培训 食品行业 铺货 销售数据 动销 学生会 处理订单 社团干部 走访市场 提供住宿 五险一金 补贴 住房补贴 团建旅游 晋升 晋升平台 法定假日 晋升空间 节日慰问 培训 上海新川崎食品有限公司 食品 饮料 粮油民营150 500人 去聊聊 投递,,销售 管培生 销售 培训 食品行业 铺货 销售 数据 动销 学生会 处理 订单 社团 干部 走访 市场 住宿 一金 补贴 住房补贴 团建 旅游 晋升 晋升 平台 法定 假日 晋升 空间 节日 慰问 培训 食品 饮料 粮油 民营 销售 管培生 上海 闵行区 在线 分钟 回复 销售 培训 食品行业 铺货 销售 数据 动销 学生会 处理 订单 社团 干部 走访 市场 住宿 一金 补贴 住房补贴 团建 旅游 晋升 晋升 平台 法定 假日 晋升 空间 节日 慰问 培训 上海 川崎 食品 有限公司 食品 饮料 粮油 民营 聊聊 投递
197,储备干部本科优先接受小白,7千-1.3万,7000.0,13000.0,10000.0,False,上海,,上海太平洋房屋服务有限公司,地产经纪/中介,未标明,5000-10000人,本科,未标明,培训|互联网|资料整理|项目执行|运营支持|业务流程优化|轮岗|员工住宿|员工住宿|住宿,10,储备干部本科优先接受小白 培训 互联网 资料整理 项目执行 运营支持 业务流程优化 轮岗 员工住宿 员工住宿 住宿 地产经纪 中介 外资 非欧美 5000 10000人 储备干部本科优先接受小白 7千 1.3万 上海 在线 1分钟前回复 培训 互联网 资料整理 项目执行 运营支持 业务流程优化 轮岗 员工住宿 员工住宿 住宿 上海太平洋房屋服务有限公司 地产经纪 中介外资 非欧美 5000 10000人 去聊聊 投递,,储备干部 本科 接受 小白 培训 互联网 资料 整理 项目 执行 运营 支持 业务流程 优化 轮岗 员工 住宿 员工 住宿 住宿 地产 经纪 中介 外资 欧美 储备干部 本科 接受 小白 上海 在线 分钟 回复 培训 互联网 资料 整理 项目 执行 运营 支持 业务流程 优化 轮岗 员工 住宿 员工 住宿 住宿 上海 太平洋 房屋 服务 有限公司 地产 经纪 中介 外资 欧美 聊聊 投递
198,管理培训生/储备干部,8千-1.5万·13薪,8000.0,15000.0,11500.0,False,上海,浦东新区,上海赛徕克生物科技有限公司,制药/生物工程,合资,150-500人,不限,未标明,数据分析|供应链|系统培训|品牌|项目|英语|海外市场|后勤支持|商务助理|市场推广|专业培训|五险一金|带薪年假|节日福利|周末双休|通讯补贴|储备干部|带薪病假|出国机会|高温补贴|晋升,21,管理培训生 储备干部 数据分析 供应链 系统培训 品牌 项目 英语 海外市场 后勤支持 商务助理 市场推广 专业培训 五险一金 带薪年假 节日福利 周末双休 通讯补贴 储备干部 带薪病假 出国机会 高温补贴 晋升 制药 生物工程 合资 150 500人 管理培训生 储备干部 8千 1.5万 13薪 上海 浦东新区 数据分析 供应链 系统培训 品牌 项目 英语 海外市场 后勤支持 商务助理 市场推广 专业培训 五险一金 带薪年假 节日福利 周末双休 通讯补贴 储备干部 带薪病假 出国机会 高温补贴 晋升 上海赛徕克生物科技有限公司 制药 生物工程合资150 500人 去聊聊 投递,,管理 培训生 储备干部 数据分析 供应链 系统 培训 品牌 项目 英语 海外 市场 后勤 支持 商务 助理 市场推广 专业培训 一金 节日 周末 双休 通讯 补贴 储备干部 病假 出国 机会 高温 补贴 晋升 制药 生物工程 合资 管理 培训生 储备干部 上海 浦东新区 数据分析 供应链 系统 培训 品牌 项目 英语 海外 市场 后勤 支持 商务 助理 市场推广 专业培训 一金 节日 周末 双休 通讯 补贴 储备干部 病假 出国 机会 高温 补贴 晋升 上海 赛徕 生物科技 有限公司 制药 生物工程 合资 聊聊 投递
199,企业管培生,6-8千,6000.0,8000.0,7000.0,False,上海,宝山区,云纳智能科技（苏州）有限公司,批发/零售,民营,少于50人,不限,未标明,人员管理|团队建设|项目开发|日常管理|培训体系|激励|团队日常管理|五险一金|节日福利|社保|团队建设|公积金|员工活动|法定节假日,14,企业管培生 人员管理 团队建设 项目开发 日常管理 培训体系 激励 团队日常管理 五险一金 节日福利 社保 团队建设 公积金 员工活动 法定节假日 批发 零售 民营 少于50人 企业管培生 6 8千 上海 宝山区 今日回复10+次 人员管理 团队建设 项目开发 日常管理 培训体系 激励 团队日常管理 五险一金 节日福利 社保 团队建设 公积金 员工活动 法定节假日 云纳智能科技 苏州 有限公司 批发 零售民营少于50人 去聊聊 投递,,企业 管培生 人员 管理 团队 建设 项目 开发 日常 管理 培训 体系 激励 团队 日常 管理 一金 节日 社保 团队 建设 公积金 员工 活动 法定 节假日 批发 零售 民营 少于 企业 管培生 上海 宝山区 今日 回复 + 人员 管理 团队 建设 项目 开发 日常 管理 培训 体系 激励 团队 日常 管理 一金 节日 社保 团队 建设 公积金 员工 活动 法定 节假日 云纳 智能 科技 苏州 有限公司 批发 零售 民营 少于 聊聊 投递
200,总助/管培生,8千-1.5万,8000.0,15000.0,11500.0,False,上海,虹口区,上海澹谧科技有限公司,餐饮丨宠物服务丨其他服务业,民营,50-150人,不限,未标明,办公软件|excel|市场营销|word|销售策略|写作|计算机科学|信息技术|经济管理|销售运营|五险一金|带薪病假|带薪年假|年终奖金|绩效奖金|定期体检|有餐补|出差补贴,18,总助 管培生 办公软件 excel 市场营销 word 销售策略 写作 计算机科学 信息技术 经济管理 销售运营 五险一金 带薪病假 带薪年假 年终奖金 绩效奖金 定期体检 有餐补 出差补贴 餐饮丨宠物服务丨其他服务业 民营 50 150人 总助 管培生 8千 1.5万 上海 虹口区 办公软件 excel 市场营销 word 销售策略 写作 计算机科学 信息技术 经济管理 销售运营 五险一金 带薪病假 带薪年假 年终奖金 绩效奖金 定期体检 有餐补 出差补贴 上海澹谧科技有限公司 餐饮丨宠物服务丨其他服务业民营50 150人 去聊聊 投递,,总助 管培生 办公软件 excel 市场营销 word 销售策略 写作 计算机科学 信息技术 经济 管理 销售 运营 一金 病假 年终奖金 绩效奖金 定期 体检 有餐 出差 补贴 餐饮 宠物 服务 其他 服务业 民营 总助 管培生 上海 虹口区 办公软件 excel 市场营销 word 销售策略 写作 计算机科学 信息技术 经济 管理 销售 运营 一金 病假 年终奖金 绩效奖金 定期 体检 有餐 出差 补贴 上海 科技 有限公司 餐饮 宠物 服务 其他 服务业 民营 聊聊 投递
201,人力资源实习生 (MJ000117),3千及以下,3000.0,3000.0,3000.0,False,上海,奉贤区,上海海融食品科技股份有限公司,食品/饮料/粮油,未标明,500-1000人,不限,未标明,办公软件|招聘|excel|word|人力资源|管理学|powerpoint|心理学|校园招聘|筛选简历|员工活动,11,人力资源实习生 MJ000117 办公软件 招聘 excel word 人力资源 管理学 powerpoint 心理学 校园招聘 筛选简历 员工活动 食品 饮料 粮油 已上市 500 1000人 人力资源实习生 MJ000117 3千及以下 上海 奉贤区 本周查看简历2次 办公软件 招聘 excel word 人力资源 管理学 powerpoint 心理学 校园招聘 筛选简历 员工活动 上海海融食品科技股份有限公司 食品 饮料 粮油已上市500 1000人 去聊聊 投递,,人力资源 实习生 MJ000117 办公软件 excel word 人力资源 管理学 powerpoint 心理学 校园 筛选 简历 员工 活动 食品 饮料 粮油 上市 人力资源 实习生 MJ000117 千及 上海 奉贤区 本周 查看 简历 办公软件 excel word 人力资源 管理学 powerpoint 心理学 校园 筛选 简历 员工 活动 上海 海融 食品 科技股份 有限公司 食品 饮料 粮油 上市 聊聊 投递
202,人事行政实习生,3.5-4.5千,3500.0,4500.0,4000.0,False,上海,松江区,上海豫彬智能科技有限公司,仪器仪表/工业自动化,民营,50-150人,不限,未标明,数据分析|招聘|行政|人力资源|行政管理|数据统计|固定资产管理|办公用品采购|简历筛选|新能源|弹性工作|新能源|五险一金|带薪病假|带薪年假|年终奖金|出国机会|有餐补|出差补贴,19,人事行政实习生 数据分析 招聘 行政 人力资源 行政管理 数据统计 固定资产管理 办公用品采购 简历筛选 新能源 弹性工作 新能源 五险一金 带薪病假 带薪年假 年终奖金 出国机会 有餐补 出差补贴 仪器仪表 工业自动化 民营 50 150人 人事行政实习生 3.5 4.5千 上海 松江区 数据分析 招聘 行政 人力资源 行政管理 数据统计 固定资产管理 办公用品采购 简历筛选 新能源 弹性工作 新能源 五险一金 带薪病假 带薪年假 年终奖金 出国机会 有餐补 出差补贴 上海豫彬智能科技有限公司 仪器仪表 工业自动化民营50 150人 去聊聊 投递,,人事行政 实习生 数据分析 行政 人力资源 行政 管理 数据 统计 固定资产 管理 办公用品 采购 简历 筛选 新能源 弹性 新能源 一金 病假 年终奖金 出国 机会 有餐 出差 补贴 仪器仪表 工业 自动化 民营 人事行政 实习生 上海 松江区 数据分析 行政 人力资源 行政 管理 数据 统计 固定资产 管理 办公用品 采购 简历 筛选 新能源 弹性 新能源 一金 病假 年终奖金 出国 机会 有餐 出差 补贴 上海 豫彬 智能 科技 有限公司 仪器仪表 工业 自动化 民营 聊聊 投递
203,人力资源实习生,150元/天,150.0,150.0,3262.5,True,上海,浦东新区,上海艾力斯医药科技股份有限公司,制药/生物工程,合资,1000-5000人,不限,未标明,办公软件|excel|word|ppt|数据统计|资料整理|海报|排版|数据整理|资料归档|大学生|团队建设|入职培训|员工活动|培训|五险一金|免费班车|通讯补贴|餐饮补贴|交通补贴|绩效奖金|年终奖金|定期体检|节假日礼金|员工落户上海,25,人力资源实习生 办公软件 excel word ppt 数据统计 资料整理 海报 排版 数据整理 资料归档 大学生 团队建设 入职培训 员工活动 培训 五险一金 免费班车 通讯补贴 餐饮补贴 交通补贴 绩效奖金 年终奖金 定期体检 节假日礼金 员工落户上海 制药 生物工程 合资 1000 5000人 人力资源实习生 150元 天 上海 浦东新区 办公软件 excel word ppt 数据统计 资料整理 海报 排版 数据整理 资料归档 大学生 团队建设 入职培训 员工活动 培训 五险一金 免费班车 通讯补贴 餐饮补贴 交通补贴 绩效奖金 年终奖金 定期体检 节假日礼金 员工落户上海 上海艾力斯医药科技股份有限公司 制药 生物工程合资1000 5000人 去聊聊 投递,,人力资源 实习生 办公软件 excel word ppt 数据 统计 资料 整理 海报 排版 数据 整理 资料 归档 大学生 团队 建设 入职 培训 员工 活动 培训 一金 免费 班车 通讯 补贴 餐饮 补贴 交通 补贴 绩效奖金 年终奖金 定期 体检 节假日 礼金 员工 落户 上海 制药 生物工程 合资 人力资源 实习生 上海 浦东新区 办公软件 excel word ppt 数据 统计 资料 整理 海报 排版 数据 整理 资料 归档 大学生 团队 建设 入职 培训 员工 活动 培训 一金 免费 班车 通讯 补贴 餐饮 补贴 交通 补贴 绩效奖金 年终奖金 定期 体检 节假日 礼金 员工 落户 上海 上海 艾力斯 医药 科技股份 有限公司 制药 生物工程 合资 聊聊 投递
204,人事行政助理（实习生也可）,4-7千,4000.0,7000.0,5500.0,False,上海,普陀区,上海锦泰园林工程有限公司,工程施工,民营,50-150人,不限,未标明,人事助理|年终奖金|员工旅游|餐饮补贴,4,人事行政助理 实习生也可 人事助理 年终奖金 员工旅游 餐饮补贴 工程施工 民营 50 150人 人事行政助理 实习生也可 4 7千 上海 普陀区 在线 6分钟前回复 人事助理 年终奖金 员工旅游 餐饮补贴 上海锦泰园林工程有限公司 工程施工民营50 150人 去聊聊 投递,,人事 行政助理 实习生 人事 助理 年终奖金 员工 旅游 餐饮 补贴 工程施工 民营 人事 行政助理 实习生 上海 普陀区 在线 分钟 回复 人事 助理 年终奖金 员工 旅游 餐饮 补贴 上海 锦泰 园林工程 有限公司 工程施工 民营 聊聊 投递
205,人事（实习）,260元/天,260.0,260.0,5655.0,True,上海,长宁区,上海祥福颐养院,非营利组织,未标明,未标明,不限,未标明,行政|人力资源管理|人员招聘|企业文化建设|简历筛选|离职|人事档案|转正|面试安排|员工入职|员工培训|团建活动|公司福利,13,人事 实习 行政 人力资源管理 人员招聘 企业文化建设 简历筛选 离职 人事档案 转正 面试安排 员工入职 员工培训 团建活动 公司福利 非营利组织 非营利组织 人事 实习 260元 天 上海 长宁区 行政 人力资源管理 人员招聘 企业文化建设 简历筛选 离职 人事档案 转正 面试安排 员工入职 员工培训 团建活动 公司福利 上海祥福颐养院 非营利组织非营利组织 去聊聊 投递,,人事 实习 行政 人力资源管理 人员 企业 文化 建设 简历 筛选 离职 人事档案 转正 面试 安排 员工 入职 员工 培训 团建 活动 非营利 组织 非营利 组织 人事 实习 上海 长宁区 行政 人力资源管理 人员 企业 文化 建设 简历 筛选 离职 人事档案 转正 面试 安排 员工 入职 员工 培训 团建 活动 上海 祥福 颐养 非营利 组织 非营利 组织 聊聊 投递
206,行政人事实习生,2-4千,2000.0,4000.0,3000.0,False,上海,闵行区,华乘电气科技股份有限公司,仪器仪表/工业自动化,民营,150-500人,不限,未标明,保洁|统计分析|调度|物业维修|快递收发|访客接待|访客登记|检查卫生|前台电话转接|公租房,10,行政人事实习生 保洁 统计分析 调度 物业维修 快递收发 访客接待 访客登记 检查卫生 前台电话转接 公租房 仪器仪表 工业自动化 民营 150 500人 行政人事实习生 2 4千 上海 闵行区 保洁 统计分析 调度 物业维修 快递收发 访客接待 访客登记 检查卫生 前台电话转接 公租房 华乘电气科技股份有限公司 仪器仪表 工业自动化民营150 500人 去聊聊 投递,,行政 人事 实习生 保洁 统计分析 调度 物业 维修 快递 收发 访客 接待 访客 登记 检查 卫生 前台 电话 转接 租房 仪器仪表 工业 自动化 民营 行政 人事 实习生 上海 闵行区 保洁 统计分析 调度 物业 维修 快递 收发 访客 接待 访客 登记 检查 卫生 前台 电话 转接 租房 华乘 电气 科技股份 有限公司 仪器仪表 工业 自动化 民营 聊聊 投递
207,行政实习生,3-3.5千,3000.0,3500.0,3250.0,False,上海,奉贤区,都创（上海）医药开发有限公司,制药/生物工程,民营,500-1000人,不限,未标明,办公软件|excel|word|ppt|oa|员工关系管理|行政后勤|资料准备|会务支持|办公用品保管|五险一金|带薪年假|带薪病假|员工旅游|年终奖金|绩效奖金|股票期权|项目奖金|专业培训|零食下午茶,20,行政实习生 办公软件 excel word ppt oa 员工关系管理 行政后勤 资料准备 会务支持 办公用品保管 五险一金 带薪年假 带薪病假 员工旅游 年终奖金 绩效奖金 股票期权 项目奖金 专业培训 零食下午茶 制药 生物工程 民营 500 1000人 行政实习生 3 3.5千 上海 奉贤区 今日回复10+次 办公软件 excel word ppt oa 员工关系管理 行政后勤 资料准备 会务支持 办公用品保管 五险一金 带薪年假 带薪病假 员工旅游 年终奖金 绩效奖金 股票期权 项目奖金 专业培训 零食下午茶 都创 上海 医药开发有限公司 制药 生物工程民营500 1000人 去聊聊 投递,,行政 实习生 办公软件 excel word ppt oa 员工 关系 管理 行政 后勤 资料 准备 会务 支持 办公用品 保管 一金 病假 员工 旅游 年终奖金 绩效奖金 股票 期权 项目 奖金 专业培训 零食 下午茶 制药 生物工程 民营 行政 实习生 上海 奉贤区 今日 回复 + 办公软件 excel word ppt oa 员工 关系 管理 行政 后勤 资料 准备 会务 支持 办公用品 保管 一金 病假 员工 旅游 年终奖金 绩效奖金 股票 期权 项目 奖金 专业培训 零食 下午茶 上海 医药 开发 有限公司 制药 生物工程 民营 聊聊 投递
208,行政人事实习生,150元/天,150.0,150.0,3262.5,True,上海,浦东新区,上海浦东软件园汇智科技有限公司,计算机软件,国企,少于50人,不限,未标明,餐饮补贴,1,行政人事实习生 餐饮补贴 计算机软件 国企 少于50人 行政人事实习生 150元 天 上海 浦东新区 在线 2分钟前回复 餐饮补贴 上海浦东软件园汇智科技有限公司 计算机软件国企少于50人 去聊聊 投递,,行政 人事 实习生 餐饮 补贴 计算机软件 国企 少于 行政 人事 实习生 上海 浦东新区 在线 分钟 回复 餐饮 补贴 上海浦东 软件园 汇智 科技 有限公司 计算机软件 国企 少于 聊聊 投递
209,HR 实习生,3千及以下,3000.0,3000.0,3000.0,False,上海,浦东新区,马瑞利（中国）有限公司,汽车零部件,未标明,5000-10000人,不限,未标明,实习岗,1,HR 实习生 实习岗 汽车零部件 外资 欧美 5000 10000人 HR 实习生 3千及以下 上海 浦东新区 实习岗 马瑞利 中国 有限公司 汽车零部件外资 欧美 5000 10000人 去聊聊 投递,,HR 实习生 实习 汽车 零部件 外资 欧美 HR 实习生 千及 上海 浦东新区 实习 瑞利 中国 有限公司 汽车 零部件 外资 欧美 聊聊 投递
210,招聘实习生-研发中台,3千及以下,3000.0,3000.0,3000.0,False,上海,,字节跳动,在线生活服务(O2O)丨新零售丨电子商务,民营,10000人以上,不限,未标明,健身瑜伽|团队氛围好|免费三餐|租房补贴,4,招聘实习生 研发中台 健身瑜伽 团队氛围好 免费三餐 租房补贴 在线生活服务 O2O 丨新零售丨电子商务 民营 10000人以上 招聘实习生 研发中台 3千及以下 上海 健身瑜伽 团队氛围好 免费三餐 租房补贴 字节跳动 在线生活服务 O2O 丨新零售丨电子商务民营10000人以上 去聊聊 投递,,实习生 研发 健身 瑜伽 团队 氛围 免费 三餐 租房 补贴 在线 生活 服务 O2O 零售 电子商务 民营 实习生 研发 千及 上海 健身 瑜伽 团队 氛围 免费 三餐 租房 补贴 字节 跳动 在线 生活 服务 O2O 零售 电子商务 民营 聊聊 投递
211,助理（实习）,160元/天,160.0,160.0,3480.0,True,上海,黄浦区,上海东松医疗科技股份有限公司,货运/物流/仓储,国企,50-150人,不限,未标明,,0,助理 实习 货运 物流 仓储 国企 50 150人 助理 实习 160元 天 上海 黄浦区 本周查看简历14次 上海东松医疗科技股份有限公司 货运 物流 仓储国企50 150人 去聊聊 投递,,助理 实习 货运 物流 仓储 国企 助理 实习 上海 黄浦区 本周 查看 简历 上海 东松 医疗 科技股份 有限公司 货运 物流 仓储 国企 聊聊 投递
212,行政实习生,3千及以下,3000.0,3000.0,3000.0,False,上海,浦东新区,上海予御计算机科技有限公司,医疗设备/器械,民营,50-150人,不限,未标明,计算机|excel|行政|word|ppt|行政管理|数据统计|办公用品采购|人事档案|时间管理,10,行政实习生 计算机 excel 行政 word ppt 行政管理 数据统计 办公用品采购 人事档案 时间管理 医疗设备 器械 民营 50 150人 行政实习生 3千及以下 上海 浦东新区 本周查看简历1次 计算机 excel 行政 word ppt 行政管理 数据统计 办公用品采购 人事档案 时间管理 上海予御计算机科技有限公司 医疗设备 器械民营50 150人 去聊聊 投递,,行政 实习生 计算机 excel 行政 word ppt 行政 管理 数据 统计 办公用品 采购 人事档案 时间 管理 医疗 设备 器械 民营 行政 实习生 千及 上海 浦东新区 本周 查看 简历 计算机 excel 行政 word ppt 行政 管理 数据 统计 办公用品 采购 人事档案 时间 管理 上海 予御 计算机 科技 有限公司 医疗 设备 器械 民营 聊聊 投递
213,HR Intern 人事见习生,3千及以下,3000.0,3000.0,3000.0,False,上海,青浦区,永恒力叉车制造（上海）有限公司,机械/设备/重工,未标明,150-500人,不限,未标明,,0,HR Intern 人事见习生 机械 设备 重工 外资 欧美 150 500人 HR Intern 人事见习生 3千及以下 上海 青浦区 39分钟前回复 永恒力叉车制造 上海 有限公司 机械 设备 重工外资 欧美 150 500人 去聊聊 投递,,HR Intern 人事 见习生 机械 设备 重工 外资 欧美 HR Intern 人事 见习生 千及 上海 青浦区 分钟 回复 永恒 叉车 制造 上海 有限公司 机械 设备 重工 外资 欧美 聊聊 投递
214,市场部实习岗,4-4千,4000.0,4000.0,4000.0,False,上海,浦东新区,上海浦公检测技术股份有限公司,检测/认证丨食品/饮料/粮油,民营,150-500人,不限,未标明,助理|excel|word|新闻推送|客户拜访|图片编辑,6,市场部实习岗 助理 excel word 新闻推送 客户拜访 图片编辑 检测 认证丨食品 饮料 粮油 民营 150 500人 市场部实习岗 4 4千 上海 浦东新区 助理 excel word 新闻推送 客户拜访 图片编辑 上海浦公检测技术股份有限公司 检测 认证丨食品 饮料 粮油民营150 500人 去聊聊 投递,,市场部 实习 助理 excel word 新闻 推送 客户 拜访 图片 编辑 检测 认证 食品 饮料 粮油 民营 市场部 实习 上海 浦东新区 助理 excel word 新闻 推送 客户 拜访 图片 编辑 上海 浦公 检测 技术 股份 有限公司 检测 认证 食品 饮料 粮油 民营 聊聊 投递
215,综合实习生,100元/天,100.0,100.0,2175.0,True,上海,浦东新区,四川海博国际贸易有限责任公司,贸易/进出口,国企,少于50人,不限,未标明,行政|资料整理|会议安排|文档归档|数据处理|业务支持|综合办公|交通补贴|餐饮补贴,9,综合实习生 行政 资料整理 会议安排 文档归档 数据处理 业务支持 综合办公 交通补贴 餐饮补贴 贸易 进出口 国企 少于50人 综合实习生 100元 天 上海 浦东新区 35分钟前回复 行政 资料整理 会议安排 文档归档 数据处理 业务支持 综合办公 交通补贴 餐饮补贴 四川海博国际贸易有限责任公司 贸易 进出口国企少于50人 去聊聊 投递,,综合 实习生 行政 资料 整理 会议 安排 文档 归档 数据处理 业务 支持 综合 办公 交通 补贴 餐饮 补贴 贸易 进出口 国企 少于 综合 实习生 上海 浦东新区 分钟 回复 行政 资料 整理 会议 安排 文档 归档 数据处理 业务 支持 综合 办公 交通 补贴 餐饮 补贴 四川 海博 国际贸易 有限责任 贸易 进出口 国企 少于 聊聊 投递
216,人力资源实习生,3千及以下,3000.0,3000.0,3000.0,False,上海,嘉定区,中国科学院上海光学精密机械研究所,政府/公共事业,事业单位,1000-5000人,不限,未标明,实习津贴|实习证明,2,人力资源实习生 实习津贴 实习证明 政府 公共事业 事业单位 1000 5000人 人力资源实习生 3千及以下 上海 嘉定区 实习津贴 实习证明 中国科学院上海光学精密机械研究所 政府 公共事业事业单位1000 5000人 去聊聊 投递,,人力资源 实习生 实习 津贴 实习 证明 政府 公共事业 事业单位 人力资源 实习生 千及 上海 嘉定区 实习 津贴 实习 证明 中国科学院 上海 光学 精密机械 研究所 政府 公共事业 事业单位 聊聊 投递
217,行政助理实习生,3千及以下,3000.0,3000.0,3000.0,False,上海,松江区,上海誉向电子科技有限公司,电子/半导体/集成电路,民营,少于50人,不限,未标明,公司团建|定期体检|出差补贴|定期团建|通讯补贴|有餐补|零食下午茶|年终奖金|绩效奖金|五险一金|带薪年假,11,行政助理实习生 公司团建 定期体检 出差补贴 定期团建 通讯补贴 有餐补 零食下午茶 年终奖金 绩效奖金 五险一金 带薪年假 电子 半导体 集成电路 民营 少于50人 行政助理实习生 3千及以下 上海 松江区 公司团建 定期体检 出差补贴 定期团建 通讯补贴 有餐补 零食下午茶 年终奖金 绩效奖金 五险一金 带薪年假 上海誉向电子科技有限公司 电子 半导体 集成电路民营少于50人 去聊聊 投递,,行政助理 实习生 团建 定期 体检 出差 补贴 定期 团建 通讯 补贴 有餐 零食 下午茶 年终奖金 绩效奖金 一金 电子 半导体 集成电路 民营 少于 行政助理 实习生 千及 上海 松江区 团建 定期 体检 出差 补贴 定期 团建 通讯 补贴 有餐 零食 下午茶 年终奖金 绩效奖金 一金 上海 誉向 电子科技 有限公司 电子 半导体 集成电路 民营 少于 聊聊 投递
218,人事实习生,3-4千,3000.0,4000.0,3500.0,False,上海,松江区,美联钢结构建筑系统（上海）股份有限公司,建筑设计丨工程施工丨环保,合资,150-500人,不限,未标明,人力资源|建筑行业|行政管理|招聘渠道|离职|人事档案|筛选简历|转正|招聘流程|文档撰写|公司团建|团建活动,12,人事实习生 人力资源 建筑行业 行政管理 招聘渠道 离职 人事档案 筛选简历 转正 招聘流程 文档撰写 公司团建 团建活动 建筑设计丨工程施工丨环保 合资 150 500人 人事实习生 3 4千 上海 松江区 今日回复10+次 人力资源 建筑行业 行政管理 招聘渠道 离职 人事档案 筛选简历 转正 招聘流程 文档撰写 公司团建 团建活动 美联钢结构建筑系统 上海 股份有限公司 建筑设计丨工程施工丨环保合资150 500人 去聊聊 投递,,人事 实习生 人力资源 建筑行业 行政 管理 渠道 离职 人事档案 筛选 简历 转正 流程 文档 撰写 团建 团建 活动 建筑设计 工程施工 环保 合资 人事 实习生 上海 松江区 今日 回复 + 人力资源 建筑行业 行政 管理 渠道 离职 人事档案 筛选 简历 转正 流程 文档 撰写 团建 团建 活动 美联 钢结构 建筑 系统 上海 股份 有限公司 建筑设计 工程施工 环保 合资 聊聊 投递
219,综管实习生（上海）,3千及以下,3000.0,3000.0,3000.0,False,上海,长宁区,罗集帝物流（上海）有限公司,货运/物流/仓储,未标明,500-1000人,不限,未标明,英文翻译|班车|五险一金|补充医疗保险|子女医疗保险|带薪年假|年终奖金|定期体检|有餐补|通讯补贴|交通补贴|出差补贴,12,综管实习生 上海 英文翻译 班车 五险一金 补充医疗保险 子女医疗保险 带薪年假 年终奖金 定期体检 有餐补 通讯补贴 交通补贴 出差补贴 货运 物流 仓储 外资 非欧美 500 1000人 综管实习生 上海 3千及以下 上海 长宁区 在线 英文翻译 班车 五险一金 补充医疗保险 子女医疗保险 带薪年假 年终奖金 定期体检 有餐补 通讯补贴 交通补贴 出差补贴 罗集帝物流 上海 有限公司 货运 物流 仓储外资 非欧美 500 1000人 去聊聊 投递,,综管 实习生 上海 英文翻译 班车 一金 补充 医疗保险 子女 医疗保险 年终奖金 定期 体检 有餐 通讯 补贴 交通 补贴 出差 补贴 货运 物流 仓储 外资 欧美 综管 实习生 上海 千及 上海 长宁区 在线 英文翻译 班车 一金 补充 医疗保险 子女 医疗保险 年终奖金 定期 体检 有餐 通讯 补贴 交通 补贴 出差 补贴 罗集帝 物流 上海 有限公司 货运 物流 仓储 外资 欧美 聊聊 投递
220,实习生,3-5千,3000.0,5000.0,4000.0,False,上海,静安区,明园集团有限公司,其他专业服务丨玩具/礼品,民营,1000-5000人,不限,未标明,公司食堂,1,实习生 公司食堂 其他专业服务丨玩具 礼品 民营 1000 5000人 实习生 3 5千 上海 静安区 公司食堂 明园集团有限公司 其他专业服务丨玩具 礼品民营1000 5000人 去聊聊 投递,,实习生 食堂 其他 专业 服务 玩具 礼品 民营 实习生 上海 静安区 食堂 明园 集团 有限公司 其他 专业 服务 玩具 礼品 民营 聊聊 投递
221,人事实习生（上海咪咕）,3-4千,3000.0,4000.0,3500.0,False,上海,,中城工联信息产业有限公司,人力资源服务,国企,150-500人,不限,未标明,双休|保险|社保|公积金|员工体检|团建活动|年终奖金|五险一金|五险|带薪年假|绩效奖金|专业培训|有餐补|定期体检,14,人事实习生 上海咪咕 双休 保险 社保 公积金 员工体检 团建活动 年终奖金 五险一金 五险 带薪年假 绩效奖金 专业培训 有餐补 定期体检 人力资源服务 国企 150 500人 人事实习生 上海咪咕 3 4千 上海 双休 保险 社保 公积金 员工体检 团建活动 年终奖金 五险一金 五险 带薪年假 绩效奖金 专业培训 有餐补 定期体检 中城工联信息产业有限公司 人力资源服务国企150 500人 去聊聊 投递,,人事 实习生 上海 咪咕 双休 保险 社保 公积金 员工 体检 团建 活动 年终奖金 一金 绩效奖金 专业培训 有餐 定期 体检 人力资源 服务 国企 人事 实习生 上海 咪咕 上海 双休 保险 社保 公积金 员工 体检 团建 活动 年终奖金 一金 绩效奖金 专业培训 有餐 定期 体检 工联 信息产业 有限公司 人力资源 服务 国企 聊聊 投递
222,人事行政实习生,4-5千,4000.0,5000.0,4500.0,False,上海,松江区,上海顶粲食品科技有限公司,食品/饮料/粮油,民营,50-150人,不限,未标明,五险一金|带薪年假|绩效奖金|年终奖金|专业培训|定期体检|有餐补|包住|出差补贴|定期团建,10,人事行政实习生 五险一金 带薪年假 绩效奖金 年终奖金 专业培训 定期体检 有餐补 包住 出差补贴 定期团建 食品 饮料 粮油 民营 50 150人 人事行政实习生 4 5千 上海 松江区 五险一金 带薪年假 绩效奖金 年终奖金 专业培训 定期体检 有餐补 包住 出差补贴 定期团建 上海顶粲食品科技有限公司 食品 饮料 粮油民营50 150人 去聊聊 投递,,人事行政 实习生 一金 绩效奖金 年终奖金 专业培训 定期 体检 有餐 包住 出差 补贴 定期 团建 食品 饮料 粮油 民营 人事行政 实习生 上海 松江区 一金 绩效奖金 年终奖金 专业培训 定期 体检 有餐 包住 出差 补贴 定期 团建 上海 食品科技 有限公司 食品 饮料 粮油 民营 聊聊 投递
223,实习生,200元/天,200.0,200.0,4350.0,True,上海,静安区,上海旭建企业管理有限公司,公关/市场推广/会展,民营,少于50人,不限,未标明,,0,实习生 公关 市场推广 会展 民营 少于50人 实习生 200元 天 上海 静安区 上海旭建企业管理有限公司 公关 市场推广 会展民营少于50人 去聊聊 投递,,实习生 公关 市场推广 会展 民营 少于 实习生 上海 静安区 上海 旭建 企业 管理 有限公司 公关 市场推广 会展 民营 少于 聊聊 投递
224,实习生,120元/天,120.0,120.0,2610.0,True,上海,,新城控股集团股份有限公司,物业服务丨房地产开发,未标明,10000人以上,不限,未标明,,0,实习生 物业服务丨房地产开发 已上市 10000人以上 实习生 120元 天 上海 新城控股集团股份有限公司 物业服务丨房地产开发已上市10000人以上 去聊聊 投递,,实习生 物业 服务 房地产 开发 上市 实习生 上海 新城 控股集团 股份 有限公司 物业 服务 房地产 开发 上市 聊聊 投递
225,人事行政实习生,120元/天,120.0,120.0,2610.0,True,上海,闵行区,上海奥萝拉医药科技有限公司,制药/生物工程,民营,少于50人,不限,未标明,提供实习证明|五险一金|交通补贴|餐饮补贴|绩效奖金|年终奖金|定期体检|员工旅游,8,人事行政实习生 提供实习证明 五险一金 交通补贴 餐饮补贴 绩效奖金 年终奖金 定期体检 员工旅游 制药 生物工程 民营 少于50人 人事行政实习生 120元 天 上海 闵行区 今日回复3次 提供实习证明 五险一金 交通补贴 餐饮补贴 绩效奖金 年终奖金 定期体检 员工旅游 上海奥萝拉医药科技有限公司 制药 生物工程民营少于50人 去聊聊 投递,,人事行政 实习生 实习 证明 一金 交通 补贴 餐饮 补贴 绩效奖金 年终奖金 定期 体检 员工 旅游 制药 生物工程 民营 少于 人事行政 实习生 上海 闵行区 今日 回复 实习 证明 一金 交通 补贴 餐饮 补贴 绩效奖金 年终奖金 定期 体检 员工 旅游 上海 奥萝拉 医药 科技 有限公司 制药 生物工程 民营 少于 聊聊 投递
226,行政前台实习生,3千及以下,3000.0,3000.0,3000.0,False,上海,杨浦区,上海卓赢丰科技有限公司,人力资源服务,民营,少于50人,不限,未标明,双休,1,行政前台实习生 双休 人力资源服务 民营 少于50人 行政前台实习生 3千及以下 上海 杨浦区 双休 上海卓赢丰科技有限公司 人力资源服务民营少于50人 去聊聊 投递,,行政 前台 实习生 双休 人力资源 服务 民营 少于 行政 前台 实习生 千及 上海 杨浦区 双休 上海 卓赢 科技 有限公司 人力资源 服务 民营 少于 聊聊 投递
227,人事实习生,150元/天,150.0,150.0,3262.5,True,上海,普陀区,上海毓舫医疗科技（集团）有限公司,其他专业服务,民营,500-1000人,不限,未标明,可转正|五险一金,2,人事实习生 可转正 五险一金 其他专业服务 民营 500 1000人 人事实习生 150元 天 上海 普陀区 可转正 五险一金 上海毓舫医疗科技 集团 有限公司 其他专业服务民营500 1000人 去聊聊 投递,,人事 实习生 转正 一金 其他 专业 服务 民营 人事 实习生 上海 普陀区 转正 一金 上海 医疗 科技 集团 有限公司 其他 专业 服务 民营 聊聊 投递
228,行政实习生,3千及以下,3000.0,3000.0,3000.0,False,上海,青浦区,上海熊猫机械（集团）有限公司,机械/设备/重工,民营,1000-5000人,不限,未标明,行政|行政管理|整改|巡视|检查|综合办公|餐饮补贴|免费班车,8,行政实习生 行政 行政管理 整改 巡视 检查 综合办公 餐饮补贴 免费班车 机械 设备 重工 民营 1000 5000人 行政实习生 3千及以下 上海 青浦区 今日回复4次 行政 行政管理 整改 巡视 检查 综合办公 餐饮补贴 免费班车 上海熊猫机械 集团 有限公司 机械 设备 重工民营1000 5000人 去聊聊 投递,,行政 实习生 行政 行政 管理 整改 巡视 检查 综合 办公 餐饮 补贴 免费 班车 机械 设备 重工 民营 行政 实习生 千及 上海 青浦区 今日 回复 行政 行政 管理 整改 巡视 检查 综合 办公 餐饮 补贴 免费 班车 上海 熊猫 机械 集团 有限公司 机械 设备 重工 民营 聊聊 投递
229,实习生,4-4.5千,4000.0,4500.0,4250.0,False,上海,松江区,上海唯仁宠物用品有限公司,食品/饮料/粮油,民营,150-500人,不限,未标明,市场助理|新媒体助理|餐饮补贴|专业培训|商业险|周末双休,6,实习生 市场助理 新媒体助理 餐饮补贴 专业培训 商业险 周末双休 食品 饮料 粮油 民营 150 500人 实习生 4 4.5千 上海 松江区 本周查看简历1次 市场助理 新媒体助理 餐饮补贴 专业培训 商业险 周末双休 上海唯仁宠物用品有限公司 食品 饮料 粮油民营150 500人 去聊聊 投递,,实习生 市场 助理 媒体 助理 餐饮 补贴 专业培训 商业 周末 双休 食品 饮料 粮油 民营 实习生 上海 松江区 本周 查看 简历 市场 助理 媒体 助理 餐饮 补贴 专业培训 商业 周末 双休 上海 唯仁 宠物用品 有限公司 食品 饮料 粮油 民营 聊聊 投递
230,实习生（人事行政）,3-3.5千,3000.0,3500.0,3250.0,False,上海,,极三科技有限公司,通信/网络设备,民营,50-150人,不限,未标明,人事|行政|实习|五险一金|带薪年假|节日福利|年终奖金|弹性工作|通讯补贴|绩效奖金,10,实习生 人事行政 人事 行政 实习 五险一金 带薪年假 节日福利 年终奖金 弹性工作 通讯补贴 绩效奖金 通信 网络设备 民营 50 150人 实习生 人事行政 3 3.5千 上海 今日回复4次 人事 行政 实习 五险一金 带薪年假 节日福利 年终奖金 弹性工作 通讯补贴 绩效奖金 极三科技有限公司 通信 网络设备民营50 150人 去聊聊 投递,,实习生 人事行政 人事 行政 实习 一金 节日 年终奖金 弹性 通讯 补贴 绩效奖金 通信 网络设备 民营 实习生 人事行政 上海 今日 回复 人事 行政 实习 一金 节日 年终奖金 弹性 通讯 补贴 绩效奖金 极三 科技 有限公司 通信 网络设备 民营 聊聊 投递
231,实习生,3千及以下,3000.0,3000.0,3000.0,False,上海,静安区,上海静安太保家园养老服务有限公司,其他服务业,民营,150-500人,不限,未标明,可转正,1,实习生 可转正 其他服务业 民营 150 500人 实习生 3千及以下 上海 静安区 在线 今日回复5次 可转正 上海静安太保家园养老服务有限公司 其他服务业民营150 500人 去聊聊 投递,,实习生 转正 其他 服务业 民营 实习生 千及 上海 静安区 在线 今日 回复 转正 上海 静安 太保 家园 养老 服务 有限公司 其他 服务业 民营 聊聊 投递
232,零售部实习生,150元/天,150.0,150.0,3262.5,True,上海,静安区,御木本珠宝商贸（上海）有限公司,珠宝/首饰,未标明,50-150人,不限,未标明,excel|行政|报表|ad_hoc|tasks|五险一金|补充医疗保险|带薪年假|年终奖金,9,零售部实习生 excel 行政 报表 ad hoc tasks 五险一金 补充医疗保险 带薪年假 年终奖金 珠宝 首饰 外资 非欧美 50 150人 零售部实习生 150元 天 上海 静安区 本周查看简历5次 excel 行政 报表 ad hoc tasks 五险一金 补充医疗保险 带薪年假 年终奖金 御木本珠宝商贸 上海 有限公司 珠宝 首饰外资 非欧美 50 150人 去聊聊 投递,,零售 实习生 excel 行政 报表 ad hoc tasks 一金 补充 医疗保险 年终奖金 珠宝 首饰 外资 欧美 零售 实习生 上海 静安区 本周 查看 简历 excel 行政 报表 ad hoc tasks 一金 补充 医疗保险 年终奖金 木本 珠宝 商贸 上海 有限公司 珠宝 首饰 外资 欧美 聊聊 投递
233,项目主管（实习生）（东方国际）,150元/天,150.0,150.0,3262.5,True,上海,长宁区,上海市宣传文化人才服务中心,新闻/出版,事业单位,50-150人,不限,未标明,办公软件|数据统计|中文|新闻|项目评审|表格制作|整理归档|材料审核|项目主管|会务筹备|实习证明|全职,12,项目主管 实习生 东方国际 办公软件 数据统计 中文 新闻 项目评审 表格制作 整理归档 材料审核 项目主管 会务筹备 实习证明 全职 新闻 出版 事业单位 50 150人 项目主管 实习生 东方国际 150元 天 上海 长宁区 办公软件 数据统计 中文 新闻 项目评审 表格制作 整理归档 材料审核 项目主管 会务筹备 实习证明 全职 上海市宣传文化人才服务中心 新闻 出版事业单位50 150人 去聊聊 投递,,项目 主管 实习生 东方 国际 办公软件 数据 统计 中文 新闻 项目 评审 表格 制作 整理 归档 材料 审核 项目 主管 会务 筹备 实习 证明 全职 新闻 出版 事业单位 项目 主管 实习生 东方 国际 上海 长宁区 办公软件 数据 统计 中文 新闻 项目 评审 表格 制作 整理 归档 材料 审核 项目 主管 会务 筹备 实习 证明 全职 上海市 宣传 文化 人才 服务中心 新闻 出版事业 单位 聊聊 投递
234,实习生招聘——新媒体运营 & 内容创作方向,100元/天,100.0,100.0,2175.0,True,上海,普陀区,上海时尚之都专修学院有限公司,培训机构,民营,少于50人,不限,未标明,photoshop|美术|资料收集|海报|短视频|新媒体|视频|信息整理|内容发布|主题策划,10,实习生招聘 新媒体运营 内容创作方向 photoshop 美术 资料收集 海报 短视频 新媒体 视频 信息整理 内容发布 主题策划 培训机构 民营 少于50人 实习生招聘 新媒体运营 内容创作方向 100元 天 上海 普陀区 photoshop 美术 资料收集 海报 短视频 新媒体 视频 信息整理 内容发布 主题策划 上海时尚之都专修学院有限公司 培训机构民营少于50人 去聊聊 投递,,实习生 媒体 运营 创作 方向 photoshop 美术 资料 收集 海报 视频 媒体 视频 信息 整理 发布 主题 策划 培训 机构 民营 少于 实习生 媒体 运营 创作 方向 上海 普陀区 photoshop 美术 资料 收集 海报 视频 媒体 视频 信息 整理 发布 主题 策划 上海 时尚 专修 学院 有限公司 培训 机构 民营 少于 聊聊 投递
235,实习生,3.3-6.6千,3300.0,6600.0,4950.0,False,上海,,上海诚利供应链管理（集团）有限公司,货运/物流/仓储,民营,50-150人,不限,未标明,餐饮补贴,1,实习生 餐饮补贴 货运 物流 仓储 民营 50 150人 实习生 3.3 6.6千 上海 今日回复10+次 餐饮补贴 上海诚利供应链管理 集团 有限公司 货运 物流 仓储民营50 150人 去聊聊 投递,,实习生 餐饮 补贴 货运 物流 仓储 民营 实习生 上海 今日 回复 + 餐饮 补贴 上海 诚利 供应链 管理 集团 有限公司 货运 物流 仓储 民营 聊聊 投递
236,人力资源部实习生,3千及以下,3000.0,3000.0,3000.0,False,上海,浦东新区,上海沛塬电子有限公司,电子/半导体/集成电路,民营,50-150人,不限,未标明,excel|人力资源支持|信息管理|五险一金|补充公积金|零食下午茶|定期体检|包住|通讯补贴|交通补贴|定期团建,11,人力资源部实习生 excel 人力资源支持 信息管理 五险一金 补充公积金 零食下午茶 定期体检 包住 通讯补贴 交通补贴 定期团建 电子 半导体 集成电路 民营 50 150人 人力资源部实习生 3千及以下 上海 浦东新区 在线 excel 人力资源支持 信息管理 五险一金 补充公积金 零食下午茶 定期体检 包住 通讯补贴 交通补贴 定期团建 上海沛塬电子有限公司 电子 半导体 集成电路民营50 150人 去聊聊 投递,,人力资源部 实习生 excel 人力资源 支持 信息管理 一金 补充 公积金 零食 下午茶 定期 体检 包住 通讯 补贴 交通 补贴 定期 团建 电子 半导体 集成电路 民营 人力资源部 实习生 千及 上海 浦东新区 在线 excel 人力资源 支持 信息管理 一金 补充 公积金 零食 下午茶 定期 体检 包住 通讯 补贴 交通 补贴 定期 团建 上海 电子 有限公司 电子 半导体 集成电路 民营 聊聊 投递
237,27届校招-郑州大学校园大使,3千及以下,3000.0,3000.0,3000.0,False,上海,松江区,上海回天新材料有限公司,化工,未标明,1000-5000人,不限,未标明,津贴,1,27届校招 郑州大学校园大使 津贴 化工 已上市 1000 5000人 27届校招 郑州大学校园大使 3千及以下 上海 松江区 津贴 上海回天新材料有限公司 化工已上市1000 5000人 去聊聊 投递,,届校 郑州大学 校园 大使 津贴 化工 上市 届校 郑州大学 校园 大使 千及 上海 松江区 津贴 上海 回天 材料 有限公司 化工 上市 聊聊 投递
238,外贸实习生,3-4千,3000.0,4000.0,3500.0,False,上海,浦东新区,玛琳斯船舶服务（上海）有限公司,交通/运输/客运,民营,少于50人,不限,未标明,外贸|国际贸易|商务英语|英语六级|网络推广|数据汇总|网站维护|船舶|英文邮件|销售统计报表|年终奖金|带薪年假|五险一金|出国机会|零食下午茶|出差补贴|员工旅游,17,外贸实习生 外贸 国际贸易 商务英语 英语六级 网络推广 数据汇总 网站维护 船舶 英文邮件 销售统计报表 年终奖金 带薪年假 五险一金 出国机会 零食下午茶 出差补贴 员工旅游 交通 运输 客运 民营 少于50人 外贸实习生 3 4千 上海 浦东新区 今日回复10+次 外贸 国际贸易 商务英语 英语六级 网络推广 数据汇总 网站维护 船舶 英文邮件 销售统计报表 年终奖金 带薪年假 五险一金 出国机会 零食下午茶 出差补贴 员工旅游 玛琳斯船舶服务 上海 有限公司 交通 运输 客运民营少于50人 去聊聊 投递,,外贸 实习生 外贸 国际贸易 商务英语 英语六级 网络 推广 数据 汇总 网站 维护 船舶 英文 邮件 销售 统计 报表 年终奖金 一金 出国 机会 零食 下午茶 出差 补贴 员工 旅游 交通 运输 客运 民营 少于 外贸 实习生 上海 浦东新区 今日 回复 + 外贸 国际贸易 商务英语 英语六级 网络 推广 数据 汇总 网站 维护 船舶 英文 邮件 销售 统计 报表 年终奖金 一金 出国 机会 零食 下午茶 出差 补贴 员工 旅游 玛琳斯 船舶 服务 上海 有限公司 交通 运输 客运 民营 少于 聊聊 投递
239,人事行政实习生,3千及以下,3000.0,3000.0,3000.0,False,上海,,思澈科技（南京）有限公司,电子/半导体/集成电路,民营,少于50人,不限,未标明,办公软件|人力资源|行政管理|办公用品采购|后勤保障|资料归档|福利采购|维护办公环境|人事档案系统,9,人事行政实习生 办公软件 人力资源 行政管理 办公用品采购 后勤保障 资料归档 福利采购 维护办公环境 人事档案系统 电子 半导体 集成电路 民营 少于50人 人事行政实习生 3千及以下 上海 办公软件 人力资源 行政管理 办公用品采购 后勤保障 资料归档 福利采购 维护办公环境 人事档案系统 思澈科技 南京 有限公司 电子 半导体 集成电路民营少于50人 去聊聊 投递,,人事行政 实习生 办公软件 人力资源 行政 管理 办公用品 采购 后勤保障 资料 归档 采购 维护 办公 环境 人事档案 系统 电子 半导体 集成电路 民营 少于 人事行政 实习生 千及 上海 办公软件 人力资源 行政 管理 办公用品 采购 后勤保障 资料 归档 采购 维护 办公 环境 人事档案 系统 思澈 科技 南京 有限公司 电子 半导体 集成电路 民营 少于 聊聊 投递
240,综合管理部实习生,80元/天,80.0,80.0,1740.0,True,上海,虹口区,徽商期货有限责任公司,证券/期货,国企,150-500人,不限,未标明,行政人事|实习证明,2,综合管理部实习生 行政人事 实习证明 证券 期货 国企 150 500人 综合管理部实习生 80元 天 上海 虹口区 18分钟前回复 行政人事 实习证明 徽商期货有限责任公司 证券 期货国企150 500人 去聊聊 投递,,综合 管理部 实习生 行政 人事 实习 证明 证券 期货 国企 综合 管理部 实习生 上海 虹口区 分钟 回复 行政 人事 实习 证明 徽商 期货 有限责任 证券 期货 国企 聊聊 投递
241,人力资源助理,9-13万/年,9000.0,130000.0,69500.0,False,上海,浦东新区,利勃海尔（中国）有限公司,机械/设备/重工,未标明,150-500人,不限,未标明,五险一金|专业培训|做五休二|培训|公积金,5,人力资源助理 五险一金 专业培训 做五休二 培训 公积金 机械 设备 重工 外资 欧美 150 500人 人力资源助理 9 13万 年 上海 浦东新区 五险一金 专业培训 做五休二 培训 公积金 利勃海尔 中国 有限公司 机械 设备 重工外资 欧美 150 500人 去聊聊 投递,,人力资源 助理 一金 专业培训 做五休 培训 公积金 机械 设备 重工 外资 欧美 人力资源 助理 上海 浦东新区 一金 专业培训 做五休 培训 公积金 利勃 海尔 中国 有限公司 机械 设备 重工 外资 欧美 聊聊 投递
242,人事专员（接受应届生）,7千-1万,7000.0,10000.0,8500.0,False,上海,静安区,上海吉程信达城市运营管理有限公司,其他专业服务,民营,500-1000人,不限,无经验友好,接受应届生|做五休二,2,人事专员 接受应届生 接受应届生 做五休二 其他专业服务 民营 500 1000人 人事专员 接受应届生 7千 1万 上海 静安区 56分钟前处理简历 接受应届生 做五休二 上海吉程信达城市运营管理有限公司 其他专业服务民营500 1000人 去聊聊 投递,,人事 专员 接受 应届生 接受 应届生 做五休 其他 专业 服务 民营 人事 专员 接受 应届生 上海 静安区 分钟 处理 简历 接受 应届生 做五休 上海 吉程 信达 城市 运营 管理 有限公司 其他 专业 服务 民营 聊聊 投递
243,6K-8K  五险一金  HRBP-招聘专员,6-8千·13薪,6000.0,8000.0,7000.0,False,上海,奉贤区,温州静音轴承有限公司,机械/设备/重工丨汽车零部件丨船舶/航空/航天,民营,10000人以上,不限,未标明,年终奖金|定期体检|员工旅游|五险一金|餐饮补贴|节日福利|专业培训|带薪年假|包住宿|入职培训|有餐补|出差补贴|包住|生日补贴|高温补贴,15,6K 8K 五险一金 HRBP 招聘专员 年终奖金 定期体检 员工旅游 五险一金 餐饮补贴 节日福利 专业培训 带薪年假 包住宿 入职培训 有餐补 出差补贴 包住 生日补贴 高温补贴 机械 设备 重工丨汽车零部件丨船舶 航空 航天 民营 10000人以上 6K 8K 五险一金 HRBP 招聘专员 6 8千 13薪 上海 奉贤区 27分钟前处理简历 年终奖金 定期体检 员工旅游 五险一金 餐饮补贴 节日福利 专业培训 带薪年假 包住宿 入职培训 有餐补 出差补贴 包住 生日补贴 高温补贴 温州静音轴承有限公司 机械 设备 重工丨汽车零部件丨船舶 航空 航天民营10000人以上 去聊聊 投递,,6K 8K 一金 HRBP 专员 年终奖金 定期 体检 员工 旅游 一金 餐饮 补贴 节日 专业培训 住宿 入职 培训 有餐 出差 补贴 包住 生日 补贴 高温 补贴 机械 设备 重工 汽车 零部件 船舶 航空 航天 民营 6K 8K 一金 HRBP 专员 上海 奉贤区 分钟 处理 简历 年终奖金 定期 体检 员工 旅游 一金 餐饮 补贴 节日 专业培训 住宿 入职 培训 有餐 出差 补贴 包住 生日 补贴 高温 补贴 温州 静音 轴承 有限公司 机械 设备 重工 汽车 零部件 船舶 航空 航天 民营 聊聊 投递
244,招聘助理（外包）(J10163),7-8千·13薪,7000.0,8000.0,7500.0,False,上海,浦东新区,芯曜鑫技术（上海）有限公司,电子/半导体/集成电路,合资,500-1000人,不限,未标明,五险一金|绩效奖金|专业培训|年终奖金|定期体检|餐饮补贴|带薪年假|节日福利|通讯补贴|交通补贴|补充医疗保险|周末双休|培训|补充公积金,14,招聘助理 外包 J10163 五险一金 绩效奖金 专业培训 年终奖金 定期体检 餐饮补贴 带薪年假 节日福利 通讯补贴 交通补贴 补充医疗保险 周末双休 培训 补充公积金 电子 半导体 集成电路 合资 500 1000人 招聘助理 外包 J10163 7 8千 13薪 上海 浦东新区 本周处理简历1次 五险一金 绩效奖金 专业培训 年终奖金 定期体检 餐饮补贴 带薪年假 节日福利 通讯补贴 交通补贴 补充医疗保险 周末双休 培训 补充公积金 芯曜鑫技术 上海 有限公司 电子 半导体 集成电路合资500 1000人 去聊聊 投递,,助理 J10163 一金 绩效奖金 专业培训 年终奖金 定期 体检 餐饮 补贴 节日 通讯 补贴 交通 补贴 补充 医疗保险 周末 双休 培训 补充 公积金 电子 半导体 集成电路 合资 助理 J10163 上海 浦东新区 本周 处理 简历 一金 绩效奖金 专业培训 年终奖金 定期 体检 餐饮 补贴 节日 通讯 补贴 交通 补贴 补充 医疗保险 周末 双休 培训 补充 公积金 芯曜鑫 技术 上海 有限公司 电子 半导体 集成电路 合资 聊聊 投递
245,人事行政助理（全职或见习）,7千-1万,7000.0,10000.0,8500.0,False,上海,闵行区,上海锦珂塑胶科技有限公司,机械/设备/重工,未标明,150-500人,不限,未标明,补贴,1,人事行政助理 全职或见习 补贴 机械 设备 重工 外资 非欧美 150 500人 人事行政助理 全职或见习 7千 1万 上海 闵行区 补贴 上海锦珂塑胶科技有限公司 机械 设备 重工外资 非欧美 150 500人 去聊聊 投递,,人事 行政助理 全职 见习 补贴 机械 设备 重工 外资 欧美 人事 行政助理 全职 见习 上海 闵行区 补贴 上海 锦珂 塑胶 科技 有限公司 机械 设备 重工 外资 欧美 聊聊 投递
246,外运物流-华东区域-管理培训生（2027届秋招）(J32742),6-8千·13薪,6000.0,8000.0,7000.0,False,上海,宝山区,中外运物流有限公司,货运/物流/仓储,国企,10000人以上,不限,未标明,五险一金|绩效奖金|年终奖金|专业培训|节日福利|带薪年假|餐饮补贴|定期体检|通讯补贴|弹性工作|周末双休|补充医疗保险|免费班车|高温补贴|管理培训|市场营销|项目管理|物流管理|运营|国际商务|供应链管理|计算机类,22,外运物流 华东区域 管理培训生 2027届秋招 J32742 五险一金 绩效奖金 年终奖金 专业培训 节日福利 带薪年假 餐饮补贴 定期体检 通讯补贴 弹性工作 周末双休 补充医疗保险 免费班车 高温补贴 管理培训 市场营销 项目管理 物流管理 运营 国际商务 供应链管理 计算机类 货运 物流 仓储 国企 10000人以上 外运物流 华东区域 管理培训生 2027届秋招 J32742 6 8千 13薪 上海 宝山区 30分钟前查看简历 五险一金 绩效奖金 年终奖金 专业培训 节日福利 带薪年假 餐饮补贴 定期体检 通讯补贴 弹性工作 周末双休 补充医疗保险 免费班车 高温补贴 管理培训 市场营销 项目管理 物流管理 运营 国际商务 供应链管理 计算机类 中外运物流有限公司 货运 物流 仓储国企10000人以上 去聊聊 投递,,外运 物流 华东 区域 管理 培训生 届秋招 J32742 一金 绩效奖金 年终奖金 专业培训 节日 餐饮 补贴 定期 体检 通讯 补贴 弹性 周末 双休 补充 医疗保险 免费 班车 高温 补贴 管理 培训 市场营销 项目管理 物流 管理 运营 国际 商务 供应链 管理 计算机 货运 物流 仓储 国企 外运 物流 华东 区域 管理 培训生 届秋招 J32742 上海 宝山区 分钟 查看 简历 一金 绩效奖金 年终奖金 专业培训 节日 餐饮 补贴 定期 体检 通讯 补贴 弹性 周末 双休 补充 医疗保险 免费 班车 高温 补贴 管理 培训 市场营销 项目管理 物流 管理 运营 国际 商务 供应链 管理 计算机 中外运 物流 有限公司 货运 物流 仓储 国企 聊聊 投递
247,物流&人力外包管培生,6千-1万,6000.0,10000.0,8000.0,False,上海,松江区,上海龙渤实业发展有限公司,食品/饮料/粮油,民营,1000-5000人,不限,未标明,五险一金|绩效奖金|专业培训|定期体检|带薪年假|节日福利|包住宿|弹性工作|业绩提成|年终奖|管理津贴|晋升|晋升快|补贴|培训,15,物流 人力外包管培生 五险一金 绩效奖金 专业培训 定期体检 带薪年假 节日福利 包住宿 弹性工作 业绩提成 年终奖 管理津贴 晋升 晋升快 补贴 培训 食品 饮料 粮油 民营 1000 5000人 物流 人力外包管培生 6千 1万 上海 松江区 34分钟前回复 五险一金 绩效奖金 专业培训 定期体检 带薪年假 节日福利 包住宿 弹性工作 业绩提成 年终奖 管理津贴 晋升 晋升快 补贴 培训 上海龙渤实业发展有限公司 食品 饮料 粮油民营1000 5000人 去聊聊 投递,,物流 人力 管培生 一金 绩效奖金 专业培训 定期 体检 节日 住宿 弹性 业绩 提成 年终奖 管理 津贴 晋升 晋升 补贴 培训 食品 饮料 粮油 民营 物流 人力 管培生 上海 松江区 分钟 回复 一金 绩效奖金 专业培训 定期 体检 节日 住宿 弹性 业绩 提成 年终奖 管理 津贴 晋升 晋升 补贴 培训 上海 实业 发展 有限公司 食品 饮料 粮油 民营 聊聊 投递
248,管理培训生,6-8千,6000.0,8000.0,7000.0,False,上海,嘉定区,东风物流集团股份有限公司广州分公司,货运/物流/仓储,国企,未标明,不限,未标明,五险一金|绩效奖金|年终奖金|专业培训|带薪年假|定期体检|节日福利|餐饮补贴|通讯补贴|交通补贴|补充医疗保险|高温补贴|办公软件|数据分析|物流|office|供应链管理|工业工程|成本优化|计划管理|交通运输|英语cet_4,22,管理培训生 五险一金 绩效奖金 年终奖金 专业培训 带薪年假 定期体检 节日福利 餐饮补贴 通讯补贴 交通补贴 补充医疗保险 高温补贴 办公软件 数据分析 物流 office 供应链管理 工业工程 成本优化 计划管理 交通运输 英语cet 4 货运 物流 仓储 国企 管理培训生 6 8千 上海 嘉定区 五险一金 绩效奖金 年终奖金 专业培训 带薪年假 定期体检 节日福利 餐饮补贴 通讯补贴 交通补贴 补充医疗保险 高温补贴 办公软件 数据分析 物流 office 供应链管理 工业工程 成本优化 计划管理 交通运输 英语cet 4 东风物流集团股份有限公司广州分公司 货运 物流 仓储国企 去聊聊 投递,,管理 培训生 一金 绩效奖金 年终奖金 专业培训 定期 体检 节日 餐饮 补贴 通讯 补贴 交通 补贴 补充 医疗保险 高温 补贴 办公软件 数据分析 物流 office 供应链 管理 工业 工程 成本 优化 计划 管理 交通运输 英语 cet 货运 物流 仓储 国企 管理 培训生 上海 嘉定区 一金 绩效奖金 年终奖金 专业培训 定期 体检 节日 餐饮 补贴 通讯 补贴 交通 补贴 补充 医疗保险 高温 补贴 办公软件 数据分析 物流 office 供应链 管理 工业 工程 成本 优化 计划 管理 交通运输 英语 cet 东风 物流 集团股份 有限公司 广州 分公司 货运 物流 仓储 国企 聊聊 投递
249,储备干部（平台好-面试后定岗）,8千-1万,8000.0,10000.0,9000.0,False,上海,浦东新区,挪亚检验认证集团有限公司,检测/认证丨制药/生物工程丨新能源,民营,500-1000人,不限,未标明,高学历|平台好|储备干部|岗位培训|五险一金|交通补贴|餐饮补贴|通讯补贴|绩效奖金|年终奖金|专业培训|周末双休,12,储备干部 平台好 面试后定岗 高学历 平台好 储备干部 岗位培训 五险一金 交通补贴 餐饮补贴 通讯补贴 绩效奖金 年终奖金 专业培训 周末双休 检测 认证丨制药 生物工程丨新能源 民营 500 1000人 储备干部 平台好 面试后定岗 8千 1万 上海 浦东新区 今日回复4次 高学历 平台好 储备干部 岗位培训 五险一金 交通补贴 餐饮补贴 通讯补贴 绩效奖金 年终奖金 专业培训 周末双休 挪亚检验认证集团有限公司 检测 认证丨制药 生物工程丨新能源民营500 1000人 去聊聊 投递,,储备干部 平台 面试 定岗 高学历 平台 储备干部 岗位培训 一金 交通 补贴 餐饮 补贴 通讯 补贴 绩效奖金 年终奖金 专业培训 周末 双休 检测 认证 制药 生物工程 新能源 民营 储备干部 平台 面试 定岗 上海 浦东新区 今日 回复 高学历 平台 储备干部 岗位培训 一金 交通 补贴 餐饮 补贴 通讯 补贴 绩效奖金 年终奖金 专业培训 周末 双休 挪亚 检验 认证 集团 有限公司 检测 认证 制药 生物工程 新能源 民营 聊聊 投递
250,销售工程师（中文/哲学/历史/心理学等人文类专业）,12-24万/年,12000.0,240000.0,126000.0,False,上海,金山区,上海瑞气气体科技有限公司,机械/设备/重工,民营,50-150人,不限,未标明,周末双休|带薪假期|出差补贴|工作餐|餐补|五险一金|业绩奖金|绩效奖金|餐饮补贴|通讯补贴|节日福利|高提成|高底薪|提成|带薪年假|销售|招投标|crm|产品销售|经销商资源|销售技巧|学习平台,22,销售工程师 中文 哲学 历史 心理学等人文类专业 周末双休 带薪假期 出差补贴 工作餐 餐补 五险一金 业绩奖金 绩效奖金 餐饮补贴 通讯补贴 节日福利 高提成 高底薪 提成 带薪年假 销售 招投标 crm 产品销售 经销商资源 销售技巧 学习平台 机械 设备 重工 民营 50 150人 销售工程师 中文 哲学 历史 心理学等人文类专业 12 24万 年 上海 金山区 今日处理简历3次 周末双休 带薪假期 出差补贴 工作餐 餐补 五险一金 业绩奖金 绩效奖金 餐饮补贴 通讯补贴 节日福利 高提成 高底薪 提成 带薪年假 销售 招投标 crm 产品销售 经销商资源 销售技巧 学习平台 上海瑞气气体科技有限公司 机械 设备 重工民营50 150人 去聊聊 投递,,销售 工程师 中文 哲学 历史 心理学 人文 专业 周末 双休 假期 出差 补贴 工作餐 餐补 一金 业绩 奖金 绩效奖金 餐饮 补贴 通讯 补贴 节日 提成 底薪 提成 销售 招投标 crm 产品销售 经销商 资源 销售 技巧 学习 平台 机械 设备 重工 民营 销售 工程师 中文 哲学 历史 心理学 人文 专业 上海 金山区 今日 处理 简历 周末 双休 假期 出差 补贴 工作餐 餐补 一金 业绩 奖金 绩效奖金 餐饮 补贴 通讯 补贴 节日 提成 底薪 提成 销售 招投标 crm 产品销售 经销商 资源 销售 技巧 学习 平台 上海 瑞气 气体 科技 有限公司 机械 设备 重工 民营 聊聊 投递
251,物流管培生（应届生）,6.5-8.5千,6500.0,8500.0,7500.0,False,上海,松江区,上海速舟物流有限公司,货运/物流/仓储,民营,50-150人,不限,无经验友好,带薪年假|加班补贴|弹性工作|绩效奖金|节日福利|专业培训|五险一金|物流管理|市场营销,9,物流管培生 应届生 带薪年假 加班补贴 弹性工作 绩效奖金 节日福利 专业培训 五险一金 物流管理 市场营销 货运 物流 仓储 民营 50 150人 物流管培生 应届生 6.5 8.5千 上海 松江区 在线 7分钟前回复 带薪年假 加班补贴 弹性工作 绩效奖金 节日福利 专业培训 五险一金 物流管理 市场营销 上海速舟物流有限公司 货运 物流 仓储民营50 150人 去聊聊 投递,,物流 管培生 应届生 加班 补贴 弹性 绩效奖金 节日 专业培训 一金 物流 管理 市场营销 货运 物流 仓储 民营 物流 管培生 应届生 上海 松江区 在线 分钟 回复 加班 补贴 弹性 绩效奖金 节日 专业培训 一金 物流 管理 市场营销 上海 速舟 物流 有限公司 货运 物流 仓储 民营 聊聊 投递
252,本科优先录取 线上发offer 解决住宿,8千-1.6万·13薪,8000.0,16000.0,12000.0,False,上海,松江区,上海太平洋房屋服务有限公司,地产经纪/中介,未标明,5000-10000人,本科,未标明,五险一金|年终奖金|绩效奖金|补充医疗保险|带薪年假|定期体检|员工旅游|师徒带教|当天解决住宿|内部晋升|提供服务咨询|接待客户|解决客户需求|全上海可工作|师傅1对1带教,15,本科优先录取 线上发offer 解决住宿 五险一金 年终奖金 绩效奖金 补充医疗保险 带薪年假 定期体检 员工旅游 师徒带教 当天解决住宿 内部晋升 提供服务咨询 接待客户 解决客户需求 全上海可工作 师傅1对1带教 地产经纪 中介 外资 非欧美 5000 10000人 本科优先录取 线上发offer 解决住宿 8千 1.6万 13薪 上海 松江区 在线 五险一金 年终奖金 绩效奖金 补充医疗保险 带薪年假 定期体检 员工旅游 师徒带教 当天解决住宿 内部晋升 提供服务咨询 接待客户 解决客户需求 全上海可工作 师傅1对1带教 上海太平洋房屋服务有限公司 地产经纪 中介外资 非欧美 5000 10000人 去聊聊 投递,,本科 录取 线上 offer 解决 住宿 一金 年终奖金 绩效奖金 补充 医疗保险 定期 体检 员工 旅游 师徒 带教 当天 解决 住宿 内部 晋升 服务 咨询 接待 客户 解决 客户 需求 上海 师傅 带教 地产 经纪 中介 外资 欧美 本科 录取 线上 offer 解决 住宿 上海 松江区 在线 一金 年终奖金 绩效奖金 补充 医疗保险 定期 体检 员工 旅游 师徒 带教 当天 解决 住宿 内部 晋升 服务 咨询 接待 客户 解决 客户 需求 上海 师傅 带教 上海 太平洋 房屋 服务 有限公司 地产 经纪 中介 外资 欧美 聊聊 投递
253,储备主管,8千-1万,8000.0,10000.0,9000.0,False,上海,松江区,上海龙渤实业发展有限公司,食品/饮料/粮油,民营,1000-5000人,不限,未标明,储备主管|业绩提成|年终奖|员工旅游|五险一金|年终奖金|晋升快|管理津贴|晋升|补贴,10,储备主管 储备主管 业绩提成 年终奖 员工旅游 五险一金 年终奖金 晋升快 管理津贴 晋升 补贴 食品 饮料 粮油 民营 1000 5000人 储备主管 8千 1万 上海 松江区 本周查看简历1次 储备主管 业绩提成 年终奖 员工旅游 五险一金 年终奖金 晋升快 管理津贴 晋升 补贴 上海龙渤实业发展有限公司 食品 饮料 粮油民营1000 5000人 去聊聊 投递,,储备 主管 储备 主管 业绩 提成 年终奖 员工 旅游 一金 年终奖金 晋升 管理 津贴 晋升 补贴 食品 饮料 粮油 民营 储备 主管 上海 松江区 本周 查看 简历 储备 主管 业绩 提成 年终奖 员工 旅游 一金 年终奖金 晋升 管理 津贴 晋升 补贴 上海 实业 发展 有限公司 食品 饮料 粮油 民营 聊聊 投递
254,财务/审计（管培生）,7千-1.2万,7000.0,12000.0,9500.0,False,上海,松江区,日播时尚实业（上海）有限公司,服装,民营,1000-5000人,不限,未标明,数据分析|excel|服装行业|会计|财务管理|财务报表|纳税申报|财务核算|会计准则|内控|五险一金|子女医疗保险|员工旅游|带薪年假|绩效奖金|股票期权|项目奖金|专业培训|出国机会|定期体检,20,财务 审计 管培生 数据分析 excel 服装行业 会计 财务管理 财务报表 纳税申报 财务核算 会计准则 内控 五险一金 子女医疗保险 员工旅游 带薪年假 绩效奖金 股票期权 项目奖金 专业培训 出国机会 定期体检 服装 民营 1000 5000人 财务 审计 管培生 7千 1.2万 上海 松江区 在线 今日回复10+次 数据分析 excel 服装行业 会计 财务管理 财务报表 纳税申报 财务核算 会计准则 内控 五险一金 子女医疗保险 员工旅游 带薪年假 绩效奖金 股票期权 项目奖金 专业培训 出国机会 定期体检 日播时尚实业 上海 有限公司 服装民营1000 5000人 去聊聊 投递,,财务 审计 管培生 数据分析 excel 服装行业 会计 财务管理 财务报表 纳税 申报 财务 核算 会计准则 内控 一金 子女 医疗保险 员工 旅游 绩效奖金 股票 期权 项目 奖金 专业培训 出国 机会 定期 体检 服装 民营 财务 审计 管培生 上海 松江区 在线 今日 回复 + 数据分析 excel 服装行业 会计 财务管理 财务报表 纳税 申报 财务 核算 会计准则 内控 一金 子女 医疗保险 员工 旅游 绩效奖金 股票 期权 项目 奖金 专业培训 出国 机会 定期 体检 日播 时尚 实业 上海 有限公司 服装 民营 聊聊 投递
255,人事行政助理,250元/天,250.0,250.0,5437.5,True,上海,徐汇区,海德世爱科特（上海）企业管理有限公司,汽车零部件,未标明,50-150人,不限,未标明,实习|人力资源管理|人事行政助理|公司活动,4,人事行政助理 实习 人力资源管理 人事行政助理 公司活动 汽车零部件 外资 非欧美 50 150人 人事行政助理 250元 天 上海 徐汇区 实习 人力资源管理 人事行政助理 公司活动 海德世爱科特 上海 企业管理有限公司 汽车零部件外资 非欧美 50 150人 去聊聊 投递,,人事 行政助理 实习 人力资源管理 人事 行政助理 活动 汽车 零部件 外资 欧美 人事 行政助理 上海 徐汇区 实习 人力资源管理 人事 行政助理 活动 海德 世爱 科特 上海 企业 管理 有限公司 汽车 零部件 外资 欧美 聊聊 投递
256,本科优先+单间住宿+可线上面试正式Offer,8千-1.3万·13薪,8000.0,13000.0,10500.0,False,上海,,上海太平洋房屋服务有限公司,地产经纪/中介,未标明,5000-10000人,本科,未标明,绩效奖金|五险一金|专业培训|年终奖金|带薪年假|餐饮补贴|员工旅游|通讯补贴|节日福利|补充医疗保险|住宿|住房补贴|节假日福利|培训|底薪|运营支持|解答客户咨询|客户服务体验,18,本科优先+单间住宿+可线上面试正式Offer 绩效奖金 五险一金 专业培训 年终奖金 带薪年假 餐饮补贴 员工旅游 通讯补贴 节日福利 补充医疗保险 住宿 住房补贴 节假日福利 培训 底薪 运营支持 解答客户咨询 客户服务体验 地产经纪 中介 外资 非欧美 5000 10000人 本科优先+单间住宿+可线上面试正式Offer 8千 1.3万 13薪 上海 绩效奖金 五险一金 专业培训 年终奖金 带薪年假 餐饮补贴 员工旅游 通讯补贴 节日福利 补充医疗保险 住宿 住房补贴 节假日福利 培训 底薪 运营支持 解答客户咨询 客户服务体验 上海太平洋房屋服务有限公司 地产经纪 中介外资 非欧美 5000 10000人 去聊聊 投递,,本科 + 单间 住宿 + 可线 面试 正式 Offer 绩效奖金 一金 专业培训 年终奖金 餐饮 补贴 员工 旅游 通讯 补贴 节日 补充 医疗保险 住宿 住房补贴 节假日 培训 底薪 运营 支持 解答 客户 咨询 客户服务 体验 地产 经纪 中介 外资 欧美 本科 + 单间 住宿 + 可线 面试 正式 Offer 上海 绩效奖金 一金 专业培训 年终奖金 餐饮 补贴 员工 旅游 通讯 补贴 节日 补充 医疗保险 住宿 住房补贴 节假日 培训 底薪 运营 支持 解答 客户 咨询 客户服务 体验 上海 太平洋 房屋 服务 有限公司 地产 经纪 中介 外资 欧美 聊聊 投递
257,航线助理（校招应届）,5-6.5千,5000.0,6500.0,5750.0,False,上海,浦东新区,上海天行健国际物流有限公司,交通/运输/物流,民营,50-150人,不限,无经验友好,五险一金|年终奖金|专业培训|带薪年假|定期体检|节日福利|通讯补贴|周末双休|弹性工作|物流行业|空运|航空运输|国际业务|物流管理|货物运输|订舱|国际贸易,17,航线助理 校招应届 五险一金 年终奖金 专业培训 带薪年假 定期体检 节日福利 通讯补贴 周末双休 弹性工作 物流行业 空运 航空运输 国际业务 物流管理 货物运输 订舱 国际贸易 交通 运输 物流 民营 50 150人 航线助理 校招应届 5 6.5千 上海 浦东新区 五险一金 年终奖金 专业培训 带薪年假 定期体检 节日福利 通讯补贴 周末双休 弹性工作 物流行业 空运 航空运输 国际业务 物流管理 货物运输 订舱 国际贸易 上海天行健国际物流有限公司 交通 运输 物流民营50 150人 去聊聊 投递,,航线 助理 校招 应届 一金 年终奖金 专业培训 定期 体检 节日 通讯 补贴 周末 双休 弹性 物流 行业 空运 航空运输 国际 业务 物流 管理 货物运输 订舱 国际贸易 交通 运输 物流 民营 航线 助理 校招 应届 上海 浦东新区 一金 年终奖金 专业培训 定期 体检 节日 通讯 补贴 周末 双休 弹性 物流 行业 空运 航空运输 国际 业务 物流 管理 货物运输 订舱 国际贸易 上海 天行健 国际 物流 有限公司 交通 运输 物流 民营 聊聊 投递
258,物流企划专员（人才储备）,6-8千·14薪,6000.0,8000.0,7000.0,False,上海,,丰田陆捷物流（上海）有限公司,货运/物流/仓储,合资,未标明,不限,未标明,餐补|带薪休假|年底双薪|定期体检|节日福利|奖金|带薪年假|津贴|加班补助|年度体检|公司活动|通讯补助|excel|市场推广|日语|业务拓展|物流工程|物流运营|物流企划,19,物流企划专员 人才储备 餐补 带薪休假 年底双薪 定期体检 节日福利 奖金 带薪年假 津贴 加班补助 年度体检 公司活动 通讯补助 excel 市场推广 日语 业务拓展 物流工程 物流运营 物流企划 货运 物流 仓储 合资 物流企划专员 人才储备 6 8千 14薪 上海 餐补 带薪休假 年底双薪 定期体检 节日福利 奖金 带薪年假 津贴 加班补助 年度体检 公司活动 通讯补助 excel 市场推广 日语 业务拓展 物流工程 物流运营 物流企划 丰田陆捷物流 上海 有限公司 货运 物流 仓储合资 去聊聊 投递,,物流 企划 专员 人才 储备 餐补 带薪休假 年底 双薪 定期 体检 节日 奖金 津贴 加班 补助 年度 体检 活动 通讯 补助 excel 市场推广 日语 业务 拓展 物流 工程 物流 运营 物流 企划 货运 物流 仓储 合资 物流 企划 专员 人才 储备 上海 餐补 带薪休假 年底 双薪 定期 体检 节日 奖金 津贴 加班 补助 年度 体检 活动 通讯 补助 excel 市场推广 日语 业务 拓展 物流 工程 物流 运营 物流 企划 丰田 陆捷 物流 上海 有限公司 货运 物流 仓储 合资 聊聊 投递
259,科优先+单间住宿+可线上面试+正式Offer,8千-1.6万·14薪,8000.0,16000.0,12000.0,False,上海,黄浦区,上海太平洋房屋服务有限公司,地产经纪/中介,未标明,5000-10000人,不限,未标明,双休|五险一金|无责底薪|带薪年假|奖金|定期团建|下午茶|提供住宿|有休息|节假日|住宿|安排住宿|年假|员工福利|入职培训,15,科优先+单间住宿+可线上面试+正式Offer 双休 五险一金 无责底薪 带薪年假 奖金 定期团建 下午茶 提供住宿 有休息 节假日 住宿 安排住宿 年假 员工福利 入职培训 地产经纪 中介 外资 非欧美 5000 10000人 科优先+单间住宿+可线上面试+正式Offer 8千 1.6万 14薪 上海 黄浦区 在线 今日处理简历7次 双休 五险一金 无责底薪 带薪年假 奖金 定期团建 下午茶 提供住宿 有休息 节假日 住宿 安排住宿 年假 员工福利 入职培训 上海太平洋房屋服务有限公司 地产经纪 中介外资 非欧美 5000 10000人 去聊聊 投递,,+ 单间 住宿 + 可线 面试 + 正式 Offer 双休 一金 无责 底薪 奖金 定期 团建 下午茶 住宿 休息 节假日 住宿 安排 住宿 员工福利 入职 培训 地产 经纪 中介 外资 欧美 + 单间 住宿 + 可线 面试 + 正式 Offer 上海 黄浦区 在线 今日 处理 简历 双休 一金 无责 底薪 奖金 定期 团建 下午茶 住宿 休息 节假日 住宿 安排 住宿 员工福利 入职 培训 上海 太平洋 房屋 服务 有限公司 地产 经纪 中介 外资 欧美 聊聊 投递
260,应届毕业生,5-6千,5000.0,6000.0,5500.0,False,上海,浦东新区,上海斯应德物流有限公司,货运/物流/仓储,民营,50-150人,不限,无经验友好,空运物流|出口客服|出口操作|一级代理|五险一金|专业培训|弹性工作|绩效奖金|年终奖金,9,应届毕业生 空运物流 出口客服 出口操作 一级代理 五险一金 专业培训 弹性工作 绩效奖金 年终奖金 货运 物流 仓储 民营 50 150人 应届毕业生 5 6千 上海 浦东新区 本周查看简历3次 空运物流 出口客服 出口操作 一级代理 五险一金 专业培训 弹性工作 绩效奖金 年终奖金 上海斯应德物流有限公司 货运 物流 仓储民营50 150人 去聊聊 投递,,应届毕业生 空运 物流 出口 客服 出口 操作 一级代理 一金 专业培训 弹性 绩效奖金 年终奖金 货运 物流 仓储 民营 应届毕业生 上海 浦东新区 本周 查看 简历 空运 物流 出口 客服 出口 操作 一级代理 一金 专业培训 弹性 绩效奖金 年终奖金 上海 斯应德 物流 有限公司 货运 物流 仓储 民营 聊聊 投递
261,客户服务助理/在线客服（接受应届毕业生）,6-7.5千,6000.0,7500.0,6750.0,False,上海,长宁区,昴氏（上海）电子贸易有限公司,电子/半导体/集成电路,未标明,50-150人,不限,无经验友好,五险一金|专业培训|节日福利|带薪年假|餐饮补贴|交通补贴|定期体检|补充医疗保险|带薪病假|在线客服,10,客户服务助理 在线客服 接受应届毕业生 五险一金 专业培训 节日福利 带薪年假 餐饮补贴 交通补贴 定期体检 补充医疗保险 带薪病假 在线客服 电子 半导体 集成电路 外资 欧美 50 150人 客户服务助理 在线客服 接受应届毕业生 6 7.5千 上海 长宁区 51分钟前处理简历 五险一金 专业培训 节日福利 带薪年假 餐饮补贴 交通补贴 定期体检 补充医疗保险 带薪病假 在线客服 昴氏 上海 电子贸易有限公司 电子 半导体 集成电路外资 欧美 50 150人 去聊聊 投递,,客户服务 助理 在线 客服 接受 应届毕业生 一金 专业培训 节日 餐饮 补贴 交通 补贴 定期 体检 补充 医疗保险 病假 在线 客服 电子 半导体 集成电路 外资 欧美 客户服务 助理 在线 客服 接受 应届毕业生 上海 长宁区 分钟 处理 简历 一金 专业培训 节日 餐饮 补贴 交通 补贴 定期 体检 补充 医疗保险 病假 在线 客服 上海 电子 贸易 有限公司 电子 半导体 集成电路 外资 欧美 聊聊 投递
262,招浙江，安徽应届业务员,4.5-8千,4500.0,8000.0,6250.0,False,上海,闵行区,中山真味食品工业有限公司,生活服务,民营,50-150人,不限,无经验友好,五险一金|交通补贴|餐饮补贴|绩效奖金|通讯补贴,5,招浙江 安徽应届业务员 五险一金 交通补贴 餐饮补贴 绩效奖金 通讯补贴 生活服务 民营 50 150人 招浙江 安徽应届业务员 4.5 8千 上海 闵行区 五险一金 交通补贴 餐饮补贴 绩效奖金 通讯补贴 中山真味食品工业有限公司 生活服务民营50 150人 去聊聊 投递,,浙江 安徽 应届 业务员 一金 交通 补贴 餐饮 补贴 绩效奖金 通讯 补贴 生活 服务 民营 浙江 安徽 应届 业务员 上海 闵行区 一金 交通 补贴 餐饮 补贴 绩效奖金 通讯 补贴 中山 真味 食品工业 有限公司 生活 服务 民营 聊聊 投递
263,部门助理/管理培训生（应届毕业生优先）工作地奉贤区,5千-1万,5000.0,10000.0,7500.0,False,上海,奉贤区,上海凯众汽车零部件有限公司,化工,民营,50-150人,不限,无经验友好,管理培训|晋升通道|五险一金|交通补贴|餐饮补贴|通讯补贴|年终奖金|定期体检|专业培训|绩效奖金|员工旅游,11,部门助理 管理培训生 应届毕业生优先 工作地奉贤区 管理培训 晋升通道 五险一金 交通补贴 餐饮补贴 通讯补贴 年终奖金 定期体检 专业培训 绩效奖金 员工旅游 化工 民营 50 150人 部门助理 管理培训生 应届毕业生优先 工作地奉贤区 5千 1万 上海 奉贤区 今日回复6次 管理培训 晋升通道 五险一金 交通补贴 餐饮补贴 通讯补贴 年终奖金 定期体检 专业培训 绩效奖金 员工旅游 上海凯众汽车零部件有限公司 化工民营50 150人 去聊聊 投递,,部门 助理 管理 培训生 应届毕业生 奉贤区 管理 培训 晋升 通道 一金 交通 补贴 餐饮 补贴 通讯 补贴 年终奖金 定期 体检 专业培训 绩效奖金 员工 旅游 化工 民营 部门 助理 管理 培训生 应届毕业生 奉贤区 上海 奉贤区 今日 回复 管理 培训 晋升 通道 一金 交通 补贴 餐饮 补贴 通讯 补贴 年终奖金 定期 体检 专业培训 绩效奖金 员工 旅游 上海 凯众 汽车 零部件 有限公司 化工 民营 聊聊 投递
264,客服专员/助理（应届生）,8-10万/年,8000.0,100000.0,54000.0,False,上海,嘉定区,捷敏电子（上海）有限公司,电子/半导体/集成电路,未标明,1000-5000人,不限,无经验友好,五险一金|做五休二|新客户开发|维护现有客户|english|绩效考核|kpi|review,8,客服专员 助理 应届生 五险一金 做五休二 新客户开发 维护现有客户 english 绩效考核 kpi review 电子 半导体 集成电路 外资 非欧美 1000 5000人 客服专员 助理 应届生 8 10万 年 上海 嘉定区 五险一金 做五休二 新客户开发 维护现有客户 english 绩效考核 kpi review 捷敏电子 上海 有限公司 电子 半导体 集成电路外资 非欧美 1000 5000人 去聊聊 投递,,客服 专员 助理 应届生 一金 做五休 客户 开发 维护 现有 客户 english 绩效考核 kpi review 电子 半导体 集成电路 外资 欧美 客服 专员 助理 应届生 上海 嘉定区 一金 做五休 客户 开发 维护 现有 客户 english 绩效考核 kpi review 捷敏 电子 上海 有限公司 电子 半导体 集成电路 外资 欧美 聊聊 投递
265,本科优先线上面试,8千-1.3万,8000.0,13000.0,10500.0,False,上海,黄浦区,上海太平洋房屋服务有限公司,地产经纪/中介,未标明,5000-10000人,本科,未标明,定期团建|住宿|高额提成|高提成|宿舍|晋升空间|晋升|晋升通道|世界500强|前滩外景|报销车费|解决住宿,12,本科优先线上面试 定期团建 住宿 高额提成 高提成 宿舍 晋升空间 晋升 晋升通道 世界500强 前滩外景 报销车费 解决住宿 地产经纪 中介 外资 非欧美 5000 10000人 本科优先线上面试 8千 1.3万 上海 黄浦区 在线 今日处理简历1次 定期团建 住宿 高额提成 高提成 宿舍 晋升空间 晋升 晋升通道 世界500强 前滩外景 报销车费 解决住宿 上海太平洋房屋服务有限公司 地产经纪 中介外资 非欧美 5000 10000人 去聊聊 投递,,本科 线上 面试 定期 团建 住宿 高额 提成 提成 宿舍 晋升 空间 晋升 晋升 通道 世界 前滩 外景 报销 车费 解决 住宿 地产 经纪 中介 外资 欧美 本科 线上 面试 上海 黄浦区 在线 今日 处理 简历 定期 团建 住宿 高额 提成 提成 宿舍 晋升 空间 晋升 晋升 通道 世界 前滩 外景 报销 车费 解决 住宿 上海 太平洋 房屋 服务 有限公司 地产 经纪 中介 外资 欧美 聊聊 投递
266,销售专员-周末双休（应届生/实习生）,6千-1.2万,6000.0,12000.0,9000.0,False,上海,浦东新区,上海高信化玻仪器有限公司,其他行业,民营,150-500人,不限,无经验友好,周末双休|公费旅游|带薪休假|节日福利|高薪|员工福利|培训|法定节假|节假日|五险一金|补充医疗保险|专业培训|绩效奖金|销售|维护客户关系|跟进客户|培训指导|销售沟通|分析客户|挖掘客户需求,20,销售专员 周末双休 应届生 实习生 周末双休 公费旅游 带薪休假 节日福利 高薪 员工福利 培训 法定节假 节假日 五险一金 补充医疗保险 专业培训 绩效奖金 销售 维护客户关系 跟进客户 培训指导 销售沟通 分析客户 挖掘客户需求 其他行业 民营 150 500人 销售专员 周末双休 应届生 实习生 6千 1.2万 上海 浦东新区 本周查看简历1次 周末双休 公费旅游 带薪休假 节日福利 高薪 员工福利 培训 法定节假 节假日 五险一金 补充医疗保险 专业培训 绩效奖金 销售 维护客户关系 跟进客户 培训指导 销售沟通 分析客户 挖掘客户需求 上海高信化玻仪器有限公司 其他行业民营150 500人 去聊聊 投递,,销售 专员 周末 双休 应届生 实习生 周末 双休 公费旅游 带薪休假 节日 高薪 员工福利 培训 法定 节假 节假日 一金 补充 医疗保险 专业培训 绩效奖金 销售 维护 客户关系 跟进 客户 培训 指导 销售 沟通 分析 客户 挖掘 客户 需求 其他 行业 民营 销售 专员 周末 双休 应届生 实习生 上海 浦东新区 本周 查看 简历 周末 双休 公费旅游 带薪休假 节日 高薪 员工福利 培训 法定 节假 节假日 一金 补充 医疗保险 专业培训 绩效奖金 销售 维护 客户关系 跟进 客户 培训 指导 销售 沟通 分析 客户 挖掘 客户 需求 上海 高信化 仪器 有限公司 其他 行业 民营 聊聊 投递
267,生产储备生（校招）,7千-1万,7000.0,10000.0,8500.0,False,上海,,益海嘉里金龙鱼食品集团股份有限公司,食品/饮料/粮油,未标明,10000人以上,不限,未标明,数据分析|机械|自动化|化工|环保|安全|设备管理|英语读写|原因分析|智能化|五险一金|年终奖金|专业培训|带薪年假|节日福利|定期体检|餐饮补贴,17,生产储备生 校招 数据分析 机械 自动化 化工 环保 安全 设备管理 英语读写 原因分析 智能化 五险一金 年终奖金 专业培训 带薪年假 节日福利 定期体检 餐饮补贴 食品 饮料 粮油 已上市 10000人以上 生产储备生 校招 7千 1万 上海 数据分析 机械 自动化 化工 环保 安全 设备管理 英语读写 原因分析 智能化 五险一金 年终奖金 专业培训 带薪年假 节日福利 定期体检 餐饮补贴 益海嘉里金龙鱼食品集团股份有限公司 食品 饮料 粮油已上市10000人以上 去聊聊 投递,,生产 储备 校招 数据分析 机械 自动化 化工 环保 安全 设备 管理 英语 读写 原因 分析 智能化 一金 年终奖金 专业培训 节日 定期 体检 餐饮 补贴 食品 饮料 粮油 上市 生产 储备 校招 上海 数据分析 机械 自动化 化工 环保 安全 设备 管理 英语 读写 原因 分析 智能化 一金 年终奖金 专业培训 节日 定期 体检 餐饮 补贴 益海 嘉里 金龙鱼 食品 集团股份 有限公司 食品 饮料 粮油 上市 聊聊 投递
268,销售工程师（应届毕业生）,7-8.5千,7000.0,8500.0,7750.0,False,上海,,阿蓓亚塑料实业（上海）有限公司,其他行业,未标明,10000人以上,不限,无经验友好,销售|电子|机械|自动化|客户沟通|技术方案|产品介绍|项目成交|专业支持,9,销售工程师 应届毕业生 销售 电子 机械 自动化 客户沟通 技术方案 产品介绍 项目成交 专业支持 其他行业 外资 欧美 10000人以上 销售工程师 应届毕业生 7 8.5千 上海 销售 电子 机械 自动化 客户沟通 技术方案 产品介绍 项目成交 专业支持 阿蓓亚塑料实业 上海 有限公司 其他行业外资 欧美 10000人以上 去聊聊 投递,,销售 工程师 应届毕业生 销售 电子 机械 自动化 客户 沟通 技术 方案 产品 介绍 项目 成交 专业 支持 其他 行业 外资 欧美 销售 工程师 应届毕业生 上海 销售 电子 机械 自动化 客户 沟通 技术 方案 产品 介绍 项目 成交 专业 支持 阿蓓亚 塑料 实业 上海 有限公司 其他 行业 外资 欧美 聊聊 投递
269,销售工程师（应届毕业生）,7千-1.4万,7000.0,14000.0,10500.0,False,上海,浦东新区,上海滤威过滤系统有限公司,机械/设备/重工,民营,50-150人,不限,无经验友好,绩效奖金|五险一金|定期体检|餐饮补贴|通讯补贴|交通补贴|带薪年假|节日福利|周末双休|业绩提成|职业规划|职业发展|发展空间|培训|高薪|销售|机械|销售计划|化工|维护客户关系|材料|拜访客户|环境|市场计划|职业规划,25,销售工程师 应届毕业生 绩效奖金 五险一金 定期体检 餐饮补贴 通讯补贴 交通补贴 带薪年假 节日福利 周末双休 业绩提成 职业规划 职业发展 发展空间 培训 高薪 销售 机械 销售计划 化工 维护客户关系 材料 拜访客户 环境 市场计划 职业规划 机械 设备 重工 民营 50 150人 销售工程师 应届毕业生 7千 1.4万 上海 浦东新区 绩效奖金 五险一金 定期体检 餐饮补贴 通讯补贴 交通补贴 带薪年假 节日福利 周末双休 业绩提成 职业规划 职业发展 发展空间 培训 高薪 销售 机械 销售计划 化工 维护客户关系 材料 拜访客户 环境 市场计划 职业规划 上海滤威过滤系统有限公司 机械 设备 重工民营50 150人 去聊聊 投递,,销售 工程师 应届毕业生 绩效奖金 一金 定期 体检 餐饮 补贴 通讯 补贴 交通 补贴 节日 周末 双休 业绩 提成 职业规划 职业 发展 发展 空间 培训 高薪 销售 机械 销售 计划 化工 维护 客户关系 材料 拜访 客户 环境 市场 计划 职业规划 机械 设备 重工 民营 销售 工程师 应届毕业生 上海 浦东新区 绩效奖金 一金 定期 体检 餐饮 补贴 通讯 补贴 交通 补贴 节日 周末 双休 业绩 提成 职业规划 职业 发展 发展 空间 培训 高薪 销售 机械 销售 计划 化工 维护 客户关系 材料 拜访 客户 环境 市场 计划 职业规划 上海 滤威 过滤 系统 有限公司 机械 设备 重工 民营 聊聊 投递
270,系统操作员（劳务外包岗）,4.5-5千,4500.0,5000.0,4750.0,False,上海,浦东新区,安道麦（中国）投资有限公司,农/林/牧/渔,未标明,1000-5000人,不限,未标明,系统操作|流程管理|草拟报告|五险一金,4,系统操作员 劳务外包岗 系统操作 流程管理 草拟报告 五险一金 农 林 牧 渔 已上市 1000 5000人 系统操作员 劳务外包岗 4.5 5千 上海 浦东新区 本周查看简历1次 系统操作 流程管理 草拟报告 五险一金 安道麦 中国 投资有限公司 农 林 牧 渔已上市1000 5000人 去聊聊 投递,,系统 操作员 劳务 包岗 系统 操作 流程 管理 草拟 报告 一金 上市 系统 操作员 劳务 包岗 上海 浦东新区 本周 查看 简历 系统 操作 流程 管理 草拟 报告 一金 安道 中国 投资 有限公司 渔已 上市 聊聊 投递
271,国际物流助理,5.5-6.5千,5500.0,6500.0,6000.0,False,上海,嘉定区,上海意为金属制品有限公司,原材料和加工,民营,50-150人,不限,未标明,带薪年假|节假日福利|专业培训|国内外旅游|做五休二|团队聚餐|公司免费零食|生日Party|五险|办公软件|物流|国际贸易|流程优化|国际物流行业|运输安排|物流操作流程,16,国际物流助理 带薪年假 节假日福利 专业培训 国内外旅游 做五休二 团队聚餐 公司免费零食 生日Party 五险 办公软件 物流 国际贸易 流程优化 国际物流行业 运输安排 物流操作流程 原材料和加工 民营 50 150人 国际物流助理 5.5 6.5千 上海 嘉定区 本周查看简历1次 带薪年假 节假日福利 专业培训 国内外旅游 做五休二 团队聚餐 公司免费零食 生日Party 五险 办公软件 物流 国际贸易 流程优化 国际物流行业 运输安排 物流操作流程 上海意为金属制品有限公司 原材料和加工民营50 150人 去聊聊 投递,,国际 物流 助理 节假日 专业培训 国内外 旅游 做五休 团队 聚餐 免费 零食 生日 Party 办公软件 物流 国际贸易 流程 优化 国际 物流 行业 运输 安排 物流 操作 流程 原材料 加工 民营 国际 物流 助理 上海 嘉定区 本周 查看 简历 节假日 专业培训 国内外 旅游 做五休 团队 聚餐 免费 零食 生日 Party 办公软件 物流 国际贸易 流程 优化 国际 物流 行业 运输 安排 物流 操作 流程 上海 金属制品 有限公司 原材料 加工 民营 聊聊 投递
272,业务助理,5.5-6千,5500.0,6000.0,5750.0,False,上海,静安区,北京市集佳律师事务所上海分所,专利/商标/知识产权,民营,50-150人,不限,未标明,理工|office软件|办公设备|存档|科研项目管理|调卷|五险一金|年终奖金|定期体检|带薪年假|餐饮补贴|员工旅游|节日福利|弹性工作|周末双休|做五休二|全勤奖,17,业务助理 理工 office软件 办公设备 存档 科研项目管理 调卷 五险一金 年终奖金 定期体检 带薪年假 餐饮补贴 员工旅游 节日福利 弹性工作 周末双休 做五休二 全勤奖 专利 商标 知识产权 民营 50 150人 业务助理 5.5 6千 上海 静安区 理工 office软件 办公设备 存档 科研项目管理 调卷 五险一金 年终奖金 定期体检 带薪年假 餐饮补贴 员工旅游 节日福利 弹性工作 周末双休 做五休二 全勤奖 北京市集佳律师事务所上海分所 专利 商标 知识产权民营50 150人 去聊聊 投递,,业务 助理 理工 office 软件 办公设备 存档 科研 项目管理 调卷 一金 年终奖金 定期 体检 餐饮 补贴 员工 旅游 节日 弹性 周末 双休 做五休 全勤奖 专利 商标 知识产权 民营 业务 助理 上海 静安区 理工 office 软件 办公设备 存档 科研 项目管理 调卷 一金 年终奖金 定期 体检 餐饮 补贴 员工 旅游 节日 弹性 周末 双休 做五休 全勤奖 北京市 集佳 律师 事务所 上海 专利 商标 知识产权 民营 聊聊 投递
273,2027校招_工业管培生，上海,1.2-1.5万·15薪,1200.0,15000.0,8100.0,False,上海,,上海米其林轮胎有限公司,汽车零部件,未标明,1000-5000人,不限,未标明,五险一金|年终奖金|专业培训|定期体检|带薪年假|免费班车|节日福利|补充医疗保险|周末双休|职业发展|培训,11,2027校招 工业管培生 上海 五险一金 年终奖金 专业培训 定期体检 带薪年假 免费班车 节日福利 补充医疗保险 周末双休 职业发展 培训 汽车零部件 外资 欧美 1000 5000人 2027校招 工业管培生 上海 1.2 1.5万 15薪 上海 五险一金 年终奖金 专业培训 定期体检 带薪年假 免费班车 节日福利 补充医疗保险 周末双休 职业发展 培训 上海米其林轮胎有限公司 汽车零部件外资 欧美 1000 5000人 去聊聊 投递,,校招 工业 管培生 上海 一金 年终奖金 专业培训 定期 体检 免费 班车 节日 补充 医疗保险 周末 双休 职业 发展 培训 汽车 零部件 外资 欧美 校招 工业 管培生 上海 上海 一金 年终奖金 专业培训 定期 体检 免费 班车 节日 补充 医疗保险 周末 双休 职业 发展 培训 上海 米其林 轮胎 有限公司 汽车 零部件 外资 欧美 聊聊 投递
274,Campus：培训生Trainee,8千-1.3万,8000.0,13000.0,10500.0,False,上海,嘉定区,上海欧摩威汽车制动系统有限公司,汽车零部件,未标明,150-500人,不限,未标明,五险一金,1,Campus 培训生Trainee 五险一金 汽车零部件 外资 欧美 150 500人 Campus 培训生Trainee 8千 1.3万 上海 嘉定区 五险一金 上海欧摩威汽车制动系统有限公司 汽车零部件外资 欧美 150 500人 去聊聊 投递,,Campus 培训生 Trainee 一金 汽车 零部件 外资 欧美 Campus 培训生 Trainee 上海 嘉定区 一金 上海 欧摩威 汽车 制动 系统 有限公司 汽车 零部件 外资 欧美 聊聊 投递
275,储备技术工程师,8千-1.2万,8000.0,12000.0,10000.0,False,上海,松江区,上海朗利特精密零件有限公司,机械/设备/重工丨汽车零部件,民营,少于50人,不限,未标明,五险一金|年终奖金|餐饮补贴|节日福利|公司团建|下午茶,6,储备技术工程师 五险一金 年终奖金 餐饮补贴 节日福利 公司团建 下午茶 机械 设备 重工丨汽车零部件 民营 少于50人 储备技术工程师 8千 1.2万 上海 松江区 本周查看简历22次 五险一金 年终奖金 餐饮补贴 节日福利 公司团建 下午茶 上海朗利特精密零件有限公司 机械 设备 重工丨汽车零部件民营少于50人 去聊聊 投递,,储备 技术 工程师 一金 年终奖金 餐饮 补贴 节日 团建 下午茶 机械 设备 重工 汽车 零部件 民营 少于 储备 技术 工程师 上海 松江区 本周 查看 简历 一金 年终奖金 餐饮 补贴 节日 团建 下午茶 上海 利特 精密 零件 有限公司 机械 设备 重工 汽车 零部件 民营 少于 聊聊 投递
276,生产助理（机械专业）,8千-1.2万,8000.0,12000.0,10000.0,False,上海,,上海兴长活性炭有限公司,化工,民营,50-150人,不限,未标明,,0,生产助理 机械专业 化工 民营 50 150人 生产助理 机械专业 8千 1.2万 上海 今日回复3次 上海兴长活性炭有限公司 化工民营50 150人 去聊聊 投递,,生产 助理 机械 专业 化工 民营 生产 助理 机械 专业 上海 今日 回复 上海 兴长 活性炭 有限公司 化工 民营 聊聊 投递
277,科研助理（西安高校招聘）,7千-1.4万,7000.0,14000.0,10500.0,False,上海,嘉定区,上海集成电路材料研究院有限公司,其他专业服务,国企,50-150人,不限,未标明,自动化|理工科|电子信息|电气自动化|通信工程|电气工程|控制工程|科研助理|项目材料管理|导航制导控制|周末双休|节假日|法定节假,13,科研助理 西安高校招聘 自动化 理工科 电子信息 电气自动化 通信工程 电气工程 控制工程 科研助理 项目材料管理 导航制导控制 周末双休 节假日 法定节假 其他专业服务 国企 50 150人 科研助理 西安高校招聘 7千 1.4万 上海 嘉定区 38分钟前查看简历 自动化 理工科 电子信息 电气自动化 通信工程 电气工程 控制工程 科研助理 项目材料管理 导航制导控制 周末双休 节假日 法定节假 上海集成电路材料研究院有限公司 其他专业服务国企50 150人 去聊聊 投递,,科研 助理 西安 高校 自动化 理工科 电子信息 电气 自动化 通信工程 电气工程 控制工程 科研 助理 项目 材料 管理 导航 制导 控制 周末 双休 节假日 法定 节假 其他 专业 服务 国企 科研 助理 西安 高校 上海 嘉定区 分钟 查看 简历 自动化 理工科 电子信息 电气 自动化 通信工程 电气工程 控制工程 科研 助理 项目 材料 管理 导航 制导 控制 周末 双休 节假日 法定 节假 上海 集成电路 材料 研究院 有限公司 其他 专业 服务 国企 聊聊 投递
278,研究生教育管理岗位招聘启事,8千-1.2万,8000.0,12000.0,10000.0,False,上海,浦东新区,中国科学院上海有机化学研究所,学术/科研,事业单位,500-1000人,硕士,未标明,办公软件|招聘|英语|档案管理|教学管理|课程安排|日常管理|招生宣传|教育学|管理学|年终奖金|定期体检|节日福利|周末双休|补充医疗保险|做五休二|社会保险|培训|宿舍|职业发展|发展空间,21,研究生教育管理岗位招聘启事 办公软件 招聘 英语 档案管理 教学管理 课程安排 日常管理 招生宣传 教育学 管理学 年终奖金 定期体检 节日福利 周末双休 补充医疗保险 做五休二 社会保险 培训 宿舍 职业发展 发展空间 学术 科研 事业单位 500 1000人 研究生教育管理岗位招聘启事 8千 1.2万 上海 浦东新区 在线 1分钟前回复 办公软件 招聘 英语 档案管理 教学管理 课程安排 日常管理 招生宣传 教育学 管理学 年终奖金 定期体检 节日福利 周末双休 补充医疗保险 做五休二 社会保险 培训 宿舍 职业发展 发展空间 中国科学院上海有机化学研究所 学术 科研事业单位500 1000人 去聊聊 投递,,研究生 教育 管理 招聘启事 办公软件 英语 档案管理 教学管理 课程 安排 日常 管理 招生 宣传 教育学 管理学 年终奖金 定期 体检 节日 周末 双休 补充 医疗保险 做五休 社会保险 培训 宿舍 职业 发展 发展 空间 学术 科研 事业单位 研究生 教育 管理 招聘启事 上海 浦东新区 在线 分钟 回复 办公软件 英语 档案管理 教学管理 课程 安排 日常 管理 招生 宣传 教育学 管理学 年终奖金 定期 体检 节日 周末 双休 补充 医疗保险 做五休 社会保险 培训 宿舍 职业 发展 发展 空间 中国科学院 上海 有机化学 研究所 学术 科研 事业单位 聊聊 投递
279,2027届大学生,8千-1.2万·13薪,8000.0,12000.0,10000.0,False,上海,松江区,上海美维科技有限公司,电子/半导体/集成电路,国企,1000-5000人,不限,未标明,计算机|化工|机电|培训计划|生产管理|品质管理|电子信息|工程师|cet_4|工艺技术|专业培训|五险一金|年终奖金|年度调薪|免费培训|大学生|免费班车|年底双薪|生日福利|班车|生日礼品|文娱活动|导师带教|职业晋升|免费食宿,25,2027届大学生 计算机 化工 机电 培训计划 生产管理 品质管理 电子信息 工程师 cet 4 工艺技术 专业培训 五险一金 年终奖金 年度调薪 免费培训 大学生 免费班车 年底双薪 生日福利 班车 生日礼品 文娱活动 导师带教 职业晋升 免费食宿 电子 半导体 集成电路 国企 1000 5000人 2027届大学生 8千 1.2万 13薪 上海 松江区 在线 7分钟前回复 计算机 化工 机电 培训计划 生产管理 品质管理 电子信息 工程师 cet 4 工艺技术 专业培训 五险一金 年终奖金 年度调薪 免费培训 大学生 免费班车 年底双薪 生日福利 班车 生日礼品 文娱活动 导师带教 职业晋升 免费食宿 上海美维科技有限公司 电子 半导体 集成电路国企1000 5000人 去聊聊 投递,,大学生 计算机 化工 机电 培训 计划 生产 管理 品质 管理 电子信息 工程师 cet 工艺技术 专业培训 一金 年终奖金 年度 调薪 免费 培训 大学生 免费 班车 年底 双薪 生日 班车 生日礼品 文娱活动 导师 带教 职业 晋升 免费 食宿 电子 半导体 集成电路 国企 大学生 上海 松江区 在线 分钟 回复 计算机 化工 机电 培训 计划 生产 管理 品质 管理 电子信息 工程师 cet 工艺技术 专业培训 一金 年终奖金 年度 调薪 免费 培训 大学生 免费 班车 年底 双薪 生日 班车 生日礼品 文娱活动 导师 带教 职业 晋升 免费 食宿 上海 美维 科技 有限公司 电子 半导体 集成电路 国企 聊聊 投递
280,研究院助理,1-2万,1000.0,20000.0,10500.0,False,上海,闵行区,上海中晟领航实业发展集团有限公司,投资/融资丨新能源丨人工智能,民营,50-150人,不限,未标明,免费住宿|社保|节假日福利|生日福利|包工作餐|学历补贴|专业培训|五险一金|带薪年假|绩效奖金|租房补贴|有餐补|定期团建|零食下午茶,14,研究院助理 免费住宿 社保 节假日福利 生日福利 包工作餐 学历补贴 专业培训 五险一金 带薪年假 绩效奖金 租房补贴 有餐补 定期团建 零食下午茶 投资 融资丨新能源丨人工智能 民营 50 150人 研究院助理 1 2万 上海 闵行区 在线 免费住宿 社保 节假日福利 生日福利 包工作餐 学历补贴 专业培训 五险一金 带薪年假 绩效奖金 租房补贴 有餐补 定期团建 零食下午茶 上海中晟领航实业发展集团有限公司 投资 融资丨新能源丨人工智能民营50 150人 去聊聊 投递,,研究院 助理 免费 住宿 社保 节假日 生日 工作餐 学历 补贴 专业培训 一金 绩效奖金 租房 补贴 有餐 定期 团建 零食 下午茶 投资 融资 新能源 人工智能 民营 研究院 助理 上海 闵行区 在线 免费 住宿 社保 节假日 生日 工作餐 学历 补贴 专业培训 一金 绩效奖金 租房 补贴 有餐 定期 团建 零食 下午茶 上海 中晟 领航 实业 发展 集团 有限公司 投资 融资 新能源 人工智能 民营 聊聊 投递
281,制造工程师（优先应届）,8千-1万,8000.0,10000.0,9000.0,False,上海,松江区,上海微釜半导体设备有限公司,电子/半导体/集成电路,民营,150-500人,不限,无经验友好,制造工程师|五险一金|年终奖金|绩效奖金|定期团建|免费工作餐|出差补贴|带薪年假|带薪病假,9,制造工程师 优先应届 制造工程师 五险一金 年终奖金 绩效奖金 定期团建 免费工作餐 出差补贴 带薪年假 带薪病假 电子 半导体 集成电路 民营 150 500人 制造工程师 优先应届 8千 1万 上海 松江区 制造工程师 五险一金 年终奖金 绩效奖金 定期团建 免费工作餐 出差补贴 带薪年假 带薪病假 上海微釜半导体设备有限公司 电子 半导体 集成电路民营150 500人 去聊聊 投递,,制造 工程师 应届 制造 工程师 一金 年终奖金 绩效奖金 定期 团建 免费 工作餐 出差 补贴 病假 电子 半导体 集成电路 民营 制造 工程师 应届 上海 松江区 制造 工程师 一金 年终奖金 绩效奖金 定期 团建 免费 工作餐 出差 补贴 病假 上海 半导体 设备 有限公司 电子 半导体 集成电路 民营 聊聊 投递
282,储备干部（研发、运营、销售、行政）,6千-1.1万,6000.0,11000.0,8500.0,False,上海,闵行区,浙江沃德尔科技集团股份有限公司,汽车零部件丨汽车研发/制造,民营,500-1000人,不限,未标明,销售|电子|采购|财务|研发|模具|软件|工艺|仿真|结构|房补|五险一金|系统培训|带薪年假|节日福利|专业培训|交通补贴|通讯补贴|年休假|宿舍|年终奖金|弹性工作|免费工作餐|绩效奖金|住房补贴,25,储备干部 研发 运营 销售 行政 销售 电子 采购 财务 研发 模具 软件 工艺 仿真 结构 房补 五险一金 系统培训 带薪年假 节日福利 专业培训 交通补贴 通讯补贴 年休假 宿舍 年终奖金 弹性工作 免费工作餐 绩效奖金 住房补贴 汽车零部件丨汽车研发 制造 民营 500 1000人 储备干部 研发 运营 销售 行政 6千 1.1万 上海 闵行区 销售 电子 采购 财务 研发 模具 软件 工艺 仿真 结构 房补 五险一金 系统培训 带薪年假 节日福利 专业培训 交通补贴 通讯补贴 年休假 宿舍 年终奖金 弹性工作 免费工作餐 绩效奖金 住房补贴 浙江沃德尔科技集团股份有限公司 汽车零部件丨汽车研发 制造民营500 1000人 去聊聊 投递,,储备干部 研发 运营 销售 行政 销售 电子 采购 财务 研发 模具 软件 工艺 仿真 结构 房补 一金 系统 培训 节日 专业培训 交通 补贴 通讯 补贴 年休假 宿舍 年终奖金 弹性 免费 工作餐 绩效奖金 住房补贴 汽车 零部件 汽车 研发 制造 民营 储备干部 研发 运营 销售 行政 上海 闵行区 销售 电子 采购 财务 研发 模具 软件 工艺 仿真 结构 房补 一金 系统 培训 节日 专业培训 交通 补贴 通讯 补贴 年休假 宿舍 年终奖金 弹性 免费 工作餐 绩效奖金 住房补贴 浙江 德尔 科技 集团股份 有限公司 汽车 零部件 汽车 研发 制造 民营 聊聊 投递
283,管培生（生产管理方向）,7千-1万·13薪,7000.0,10000.0,8500.0,False,上海,金山区,上海肇民新材料科技股份有限公司,汽车零部件,民营,150-500人,不限,未标明,五险一金|年终奖金|定期体检|带薪年假|员工旅游|节日福利,6,管培生 生产管理方向 五险一金 年终奖金 定期体检 带薪年假 员工旅游 节日福利 汽车零部件 民营 150 500人 管培生 生产管理方向 7千 1万 13薪 上海 金山区 在线 五险一金 年终奖金 定期体检 带薪年假 员工旅游 节日福利 上海肇民新材料科技股份有限公司 汽车零部件民营150 500人 去聊聊 投递,,管培生 生产 管理 方向 一金 年终奖金 定期 体检 员工 旅游 节日 汽车 零部件 民营 管培生 生产 管理 方向 上海 金山区 在线 一金 年终奖金 定期 体检 员工 旅游 节日 上海 肇民新 材料 科技股份 有限公司 汽车 零部件 民营 聊聊 投递
284,招聘专员-六险一金 外企,9千-1.1万,9000.0,11000.0,10000.0,False,上海,徐汇区,北京外企人力资源服务有限公司,人力资源服务,国企,10000人以上,不限,未标明,数据分析|招聘|excel|word|ppt|人力资源|英文|分析报告|outlook|linkedin|五险一金|专业培训|定期体检|带薪年假|节日福利|补充医疗保险|培训|下午茶丰富,18,招聘专员 六险一金 外企 数据分析 招聘 excel word ppt 人力资源 英文 分析报告 outlook linkedin 五险一金 专业培训 定期体检 带薪年假 节日福利 补充医疗保险 培训 下午茶丰富 人力资源服务 国企 10000人以上 招聘专员 六险一金 外企 9千 1.1万 上海 徐汇区 数据分析 招聘 excel word ppt 人力资源 英文 分析报告 outlook linkedin 五险一金 专业培训 定期体检 带薪年假 节日福利 补充医疗保险 培训 下午茶丰富 北京外企人力资源服务有限公司 人力资源服务国企10000人以上 去聊聊 投递,,专员 六险 一金 外企 数据分析 excel word ppt 人力资源 英文 分析 报告 outlook linkedin 一金 专业培训 定期 体检 节日 补充 医疗保险 培训 下午茶 丰富 人力资源 服务 国企 专员 六险 一金 外企 上海 徐汇区 数据分析 excel word ppt 人力资源 英文 分析 报告 outlook linkedin 一金 专业培训 定期 体检 节日 补充 医疗保险 培训 下午茶 丰富 北京 外企 人力资源 服务 有限公司 人力资源 服务 国企 聊聊 投递
285,本科优先 单人宿舍 弹性自由,8千-1.2万·13薪,8000.0,12000.0,10000.0,False,上海,,上海太平洋房屋服务有限公司,地产经纪/中介,未标明,5000-10000人,本科,未标明,弹性工作|宿舍,2,本科优先 单人宿舍 弹性自由 弹性工作 宿舍 地产经纪 中介 外资 非欧美 5000 10000人 本科优先 单人宿舍 弹性自由 8千 1.2万 13薪 上海 弹性工作 宿舍 上海太平洋房屋服务有限公司 地产经纪 中介外资 非欧美 5000 10000人 去聊聊 投递,,本科 单人 宿舍 弹性 自由 弹性 宿舍 地产 经纪 中介 外资 欧美 本科 单人 宿舍 弹性 自由 上海 弹性 宿舍 上海 太平洋 房屋 服务 有限公司 地产 经纪 中介 外资 欧美 聊聊 投递
286,项目助理（专家招募）往届应届皆可,1-1.1万,1000.0,11000.0,6000.0,False,上海,黄浦区,岂珀企业管理咨询（上海）有限公司,咨询,未标明,1000-5000人,不限,无经验友好,专家招募|沟通|客户咨询|电话咨询|五险一金|绩效奖金|专业培训|定期体检|员工旅游|带薪年假|弹性工作|节日福利|补充医疗保险|周末双休|做五休二,15,项目助理 专家招募 往届应届皆可 专家招募 沟通 客户咨询 电话咨询 五险一金 绩效奖金 专业培训 定期体检 员工旅游 带薪年假 弹性工作 节日福利 补充医疗保险 周末双休 做五休二 咨询 外资 欧美 1000 5000人 项目助理 专家招募 往届应届皆可 1 1.1万 上海 黄浦区 本周查看简历14次 专家招募 沟通 客户咨询 电话咨询 五险一金 绩效奖金 专业培训 定期体检 员工旅游 带薪年假 弹性工作 节日福利 补充医疗保险 周末双休 做五休二 岂珀企业管理咨询 上海 有限公司 咨询外资 欧美 1000 5000人 去聊聊 投递,,项目 助理 专家 招募 往届 应届 专家 招募 沟通 客户 咨询 电话 咨询 一金 绩效奖金 专业培训 定期 体检 员工 旅游 弹性 节日 补充 医疗保险 周末 双休 做五休 咨询 外资 欧美 项目 助理 专家 招募 往届 应届 上海 黄浦区 本周 查看 简历 专家 招募 沟通 客户 咨询 电话 咨询 一金 绩效奖金 专业培训 定期 体检 员工 旅游 弹性 节日 补充 医疗保险 周末 双休 做五休 岂珀 企业 管理 咨询 上海 有限公司 咨询 外资 欧美 聊聊 投递
287,Talent Sourcing Specialist (应届生职位),8千-1万,8000.0,10000.0,9000.0,False,上海,,伊顿电气有限公司,机械/设备/重工丨仪器仪表/工业自动化,未标明,150-500人,不限,无经验友好,技能培训|公司规模大|发展空间大,3,Talent Sourcing Specialist 应届生职位 技能培训 公司规模大 发展空间大 机械 设备 重工丨仪器仪表 工业自动化 外资 欧美 150 500人 Talent Sourcing Specialist 应届生职位 8千 1万 上海 技能培训 公司规模大 发展空间大 伊顿电气有限公司 机械 设备 重工丨仪器仪表 工业自动化外资 欧美 150 500人 去聊聊 投递,,Talent Sourcing Specialist 应届生 技能 培训 规模 发展 空间 机械 设备 重工 仪器仪表 工业 自动化 外资 欧美 Talent Sourcing Specialist 应届生 上海 技能 培训 规模 发展 空间 伊顿 电气 有限公司 机械 设备 重工 仪器仪表 工业 自动化 外资 欧美 聊聊 投递
288,储备干部-总裁助理,1.2-1.5万·13薪,1200.0,15000.0,8100.0,False,上海,青浦区,上海友升铝业股份有限公司,汽车零部件,民营,1000-5000人,不限,未标明,机械|接待|材料|理工|英语六级|商务拜访|集团运营|五险一金|员工旅游|出国机会|年终奖金|绩效奖金,12,储备干部 总裁助理 机械 接待 材料 理工 英语六级 商务拜访 集团运营 五险一金 员工旅游 出国机会 年终奖金 绩效奖金 汽车零部件 民营 1000 5000人 储备干部 总裁助理 1.2 1.5万 13薪 上海 青浦区 机械 接待 材料 理工 英语六级 商务拜访 集团运营 五险一金 员工旅游 出国机会 年终奖金 绩效奖金 上海友升铝业股份有限公司 汽车零部件民营1000 5000人 去聊聊 投递,,储备干部 总裁 助理 机械 接待 材料 理工 英语六级 商务 拜访 集团 运营 一金 员工 旅游 出国 机会 年终奖金 绩效奖金 汽车 零部件 民营 储备干部 总裁 助理 上海 青浦区 机械 接待 材料 理工 英语六级 商务 拜访 集团 运营 一金 员工 旅游 出国 机会 年终奖金 绩效奖金 上海 友升 铝业 股份 有限公司 汽车 零部件 民营 聊聊 投递
289,教务处助理,7-9千,7000.0,9000.0,8000.0,False,上海,浦东新区,上海市民办上实剑桥外国语中学,院校,未标明,150-500人,不限,未标明,教学|教育|教务|教育学|英语四级|教务行政|教学支持|教材管理|教务系统|五险一金|年终奖金|员工旅游|定期体检|节日福利|周末双休|免费午餐|寒暑假,17,教务处助理 教学 教育 教务 教育学 英语四级 教务行政 教学支持 教材管理 教务系统 五险一金 年终奖金 员工旅游 定期体检 节日福利 周末双休 免费午餐 寒暑假 院校 非营利组织 150 500人 教务处助理 7 9千 上海 浦东新区 教学 教育 教务 教育学 英语四级 教务行政 教学支持 教材管理 教务系统 五险一金 年终奖金 员工旅游 定期体检 节日福利 周末双休 免费午餐 寒暑假 上海市民办上实剑桥外国语中学 院校非营利组织150 500人 去聊聊 投递,,教务处 助理 教学 教育 教务 教育学 英语 四级 教务 行政 教学 支持 教材 管理 教务 系统 一金 年终奖金 员工 旅游 定期 体检 节日 周末 双休 免费 午餐 寒暑假 院校 非营利 组织 教务处 助理 上海 浦东新区 教学 教育 教务 教育学 英语 四级 教务 行政 教学 支持 教材 管理 教务 系统 一金 年终奖金 员工 旅游 定期 体检 节日 周末 双休 免费 午餐 寒暑假 上海市 民办 上实 剑桥 外国语 中学 院校 非营利 组织 聊聊 投递
290,校长助理,8千-1万,8000.0,10000.0,9000.0,False,上海,松江区,上海千实培训中心有限公司,培训机构,民营,少于50人,不限,未标明,管理|人事|驾驶证|会计师证|理科|五险一金|年终奖金|员工旅游|通讯补贴|弹性工作,10,校长助理 管理 人事 驾驶证 会计师证 理科 五险一金 年终奖金 员工旅游 通讯补贴 弹性工作 培训机构 民营 少于50人 校长助理 8千 1万 上海 松江区 管理 人事 驾驶证 会计师证 理科 五险一金 年终奖金 员工旅游 通讯补贴 弹性工作 上海千实培训中心有限公司 培训机构民营少于50人 去聊聊 投递,,校长助理 管理 人事 驾驶证 会计师 理科 一金 年终奖金 员工 旅游 通讯 补贴 弹性 培训 机构 民营 少于 校长助理 上海 松江区 管理 人事 驾驶证 会计师 理科 一金 年终奖金 员工 旅游 通讯 补贴 弹性 上海 千实 培训中心 有限公司 培训 机构 民营 少于 聊聊 投递
291,"TA Specialist, China  (MJ000934)",7-8千·13薪,7000.0,8000.0,7500.0,False,上海,长宁区,丹纳赫（上海）企业管理有限公司,制药/生物工程,未标明,5000-10000人,不限,未标明,善于沟通|班车,2,TA Specialist China MJ000934 善于沟通 班车 制药 生物工程 外资 欧美 5000 10000人 TA Specialist China MJ000934 7 8千 13薪 上海 长宁区 善于沟通 班车 丹纳赫 上海 企业管理有限公司 制药 生物工程外资 欧美 5000 10000人 去聊聊 投递,,TA Specialist China MJ000934 善于 沟通 班车 制药 生物工程 外资 欧美 TA Specialist China MJ000934 上海 长宁区 善于 沟通 班车 丹纳 上海 企业 管理 有限公司 制药 生物工程 外资 欧美 聊聊 投递
292,储备干部（项目）,6-9.5千·13薪,6000.0,9500.0,7750.0,False,上海,嘉定区,上海鸿汉英利汽车部件有限公司,汽车零部件,未标明,50-150人,不限,未标明,项目开发|五险一金|年终奖金|专业培训,4,储备干部 项目 项目开发 五险一金 年终奖金 专业培训 汽车零部件 外资 非欧美 50 150人 储备干部 项目 6 9.5千 13薪 上海 嘉定区 项目开发 五险一金 年终奖金 专业培训 上海鸿汉英利汽车部件有限公司 汽车零部件外资 非欧美 50 150人 去聊聊 投递,,储备干部 项目 项目 开发 一金 年终奖金 专业培训 汽车 零部件 外资 欧美 储备干部 项目 上海 嘉定区 项目 开发 一金 年终奖金 专业培训 上海 汉英 汽车部件 有限公司 汽车 零部件 外资 欧美 聊聊 投递
293,储备干部,8千-1.3万,8000.0,13000.0,10500.0,False,上海,虹口区,宁波同泽国际物流有限公司,货运/物流/仓储丨贸易/进出口,民营,150-500人,不限,未标明,销售|管理|数据分析|英语|货代|雅思|国际物流行业|客户开发维护|六级|航线|双休|节日福利|出国机会|周末双休|五险一金|全勤奖|法定节假|节假日|带薪年假|员工旅游|年终奖金|绩效奖金|专业培训|定期团建,24,储备干部 销售 管理 数据分析 英语 货代 雅思 国际物流行业 客户开发维护 六级 航线 双休 节日福利 出国机会 周末双休 五险一金 全勤奖 法定节假 节假日 带薪年假 员工旅游 年终奖金 绩效奖金 专业培训 定期团建 货运 物流 仓储丨贸易 进出口 民营 150 500人 储备干部 8千 1.3万 上海 虹口区 本周查看简历1次 销售 管理 数据分析 英语 货代 雅思 国际物流行业 客户开发维护 六级 航线 双休 节日福利 出国机会 周末双休 五险一金 全勤奖 法定节假 节假日 带薪年假 员工旅游 年终奖金 绩效奖金 专业培训 定期团建 宁波同泽国际物流有限公司 货运 物流 仓储丨贸易 进出口民营150 500人 去聊聊 投递,,储备干部 销售 管理 数据分析 英语 货代 雅思 国际 物流 行业 客户 开发 维护 六级 航线 双休 节日 出国 机会 周末 双休 一金 全勤奖 法定 节假 节假日 员工 旅游 年终奖金 绩效奖金 专业培训 定期 团建 货运 物流 仓储 贸易 进出口 民营 储备干部 上海 虹口区 本周 查看 简历 销售 管理 数据分析 英语 货代 雅思 国际 物流 行业 客户 开发 维护 六级 航线 双休 节日 出国 机会 周末 双休 一金 全勤奖 法定 节假 节假日 员工 旅游 年终奖金 绩效奖金 专业培训 定期 团建 宁波 同泽 国际 物流 有限公司 货运 物流 仓储 贸易 进出口 民营 聊聊 投递
294,生产技术员（储备干部）,8千-1.2万·13薪,8000.0,12000.0,10000.0,False,上海,,上海超导科技股份有限公司,原材料和加工,民营,50-150人,不限,未标明,技能培训|晋升|五险一金|带薪年假|年终奖金|定期体检|免费工作餐|定期团建|包住|绩效奖金|商业保险,11,生产技术员 储备干部 技能培训 晋升 五险一金 带薪年假 年终奖金 定期体检 免费工作餐 定期团建 包住 绩效奖金 商业保险 原材料和加工 民营 50 150人 生产技术员 储备干部 8千 1.2万 13薪 上海 1分钟前回复 技能培训 晋升 五险一金 带薪年假 年终奖金 定期体检 免费工作餐 定期团建 包住 绩效奖金 商业保险 上海超导科技股份有限公司 原材料和加工民营50 150人 去聊聊 投递,,生产 技术员 储备干部 技能 培训 晋升 一金 年终奖金 定期 体检 免费 工作餐 定期 团建 包住 绩效奖金 商业保险 原材料 加工 民营 生产 技术员 储备干部 上海 分钟 回复 技能 培训 晋升 一金 年终奖金 定期 体检 免费 工作餐 定期 团建 包住 绩效奖金 商业保险 上海 超导 科技股份 有限公司 原材料 加工 民营 聊聊 投递
295,储备干部,6-8千,6000.0,8000.0,7000.0,False,上海,浦东新区,上海晟敏投资集团有限公司,交通/运输/客运,民营,500-1000人,不限,未标明,办公软件|团队管理|现场管理|生产管理|安全生产|经济管理|学生会|装卸|交通运输|社团管理|五险一金|带薪年假|年终奖金|有餐补|专业培训|通讯补贴|交通补贴,17,储备干部 办公软件 团队管理 现场管理 生产管理 安全生产 经济管理 学生会 装卸 交通运输 社团管理 五险一金 带薪年假 年终奖金 有餐补 专业培训 通讯补贴 交通补贴 交通 运输 客运 民营 500 1000人 储备干部 6 8千 上海 浦东新区 办公软件 团队管理 现场管理 生产管理 安全生产 经济管理 学生会 装卸 交通运输 社团管理 五险一金 带薪年假 年终奖金 有餐补 专业培训 通讯补贴 交通补贴 上海晟敏投资集团有限公司 交通 运输 客运民营500 1000人 去聊聊 投递,,储备干部 办公软件 团队 管理 现场 管理 生产 管理 安全 生产 经济 管理 学生会 装卸 交通运输 社团 管理 一金 年终奖金 有餐 专业培训 通讯 补贴 交通 补贴 交通 运输 客运 民营 储备干部 上海 浦东新区 办公软件 团队 管理 现场 管理 生产 管理 安全 生产 经济 管理 学生会 装卸 交通运输 社团 管理 一金 年终奖金 有餐 专业培训 通讯 补贴 交通 补贴 上海 投资 集团 有限公司 交通 运输 客运 民营 聊聊 投递
296,招聘顾问 Consultant,7-8千,7000.0,8000.0,7500.0,False,上海,静安区,上海迷瑞企业管理咨询有限公司,公关/市场推广/会展,创业公司,少于50人,不限,未标明,培训|招聘|人力资源|管理学|招聘渠道|关系维护|简历筛选|心理学|背景调查|猎头|五险一金|做五休二|全职|培训,14,招聘顾问 Consultant 培训 招聘 人力资源 管理学 招聘渠道 关系维护 简历筛选 心理学 背景调查 猎头 五险一金 做五休二 全职 培训 公关 市场推广 会展 创业公司 少于50人 招聘顾问 Consultant 7 8千 上海 静安区 培训 招聘 人力资源 管理学 招聘渠道 关系维护 简历筛选 心理学 背景调查 猎头 五险一金 做五休二 全职 培训 上海迷瑞企业管理咨询有限公司 公关 市场推广 会展创业公司少于50人 去聊聊 投递,,顾问 Consultant 培训 人力资源 管理学 渠道 关系 维护 简历 筛选 心理学 背景 调查 猎头 一金 做五休 全职 培训 公关 市场推广 会展 创业 少于 顾问 Consultant 上海 静安区 培训 人力资源 管理学 渠道 关系 维护 简历 筛选 心理学 背景 调查 猎头 一金 做五休 全职 培训 上海 迷瑞 企业 管理 咨询 有限公司 公关 市场推广 会展 创业 少于 聊聊 投递
297,Staffing招聘顾问,8千-1.2万,8000.0,12000.0,10000.0,False,上海,浦东新区,前程无忧,人力资源服务,未标明,5000-10000人,不限,未标明,培训|数据分析|简历筛选|背景调查|招聘流程|面试安排|人才库|人力资源行业|招聘策略|管理招聘|内部培训|满勤|培训,13,Staffing招聘顾问 培训 数据分析 简历筛选 背景调查 招聘流程 面试安排 人才库 人力资源行业 招聘策略 管理招聘 内部培训 满勤 培训 人力资源服务 已上市 5000 10000人 Staffing招聘顾问 8千 1.2万 上海 浦东新区 在线 本周处理简历1次 培训 数据分析 简历筛选 背景调查 招聘流程 面试安排 人才库 人力资源行业 招聘策略 管理招聘 内部培训 满勤 培训 前程无忧 人力资源服务已上市5000 10000人 去聊聊 投递,,Staffing 顾问 培训 数据分析 简历 筛选 背景 调查 流程 面试 安排 人才库 人力资源 行业 策略 管理 内部 培训 满勤 培训 人力资源 服务 上市 Staffing 顾问 上海 浦东新区 在线 本周 处理 简历 培训 数据分析 简历 筛选 背景 调查 流程 面试 安排 人才库 人力资源 行业 策略 管理 内部 培训 满勤 培训 前程无忧 人力资源 服务 上市 聊聊 投递
298,留学咨询员（济南）,5-6千,5000.0,6000.0,5500.0,False,上海,普陀区,上海育璀教育投资有限公司,学术/科研丨学前教育/早教丨培训机构,民营,少于50人,不限,未标明,英语|教务|听课|监考|调课|英语六级|留学方案|留学咨询|教材订购|五险一金|员工旅游|带薪年假|餐饮补贴|节日福利|做五休二|节假日,16,留学咨询员 济南 英语 教务 听课 监考 调课 英语六级 留学方案 留学咨询 教材订购 五险一金 员工旅游 带薪年假 餐饮补贴 节日福利 做五休二 节假日 学术 科研丨学前教育 早教丨培训机构 民营 少于50人 留学咨询员 济南 5 6千 上海 普陀区 英语 教务 听课 监考 调课 英语六级 留学方案 留学咨询 教材订购 五险一金 员工旅游 带薪年假 餐饮补贴 节日福利 做五休二 节假日 上海育璀教育投资有限公司 学术 科研丨学前教育 早教丨培训机构民营少于50人 去聊聊 投递,,留学 咨询员 济南 英语 教务 听课 监考 调课 英语六级 留学 方案 留学 咨询 教材 订购 一金 员工 旅游 餐饮 补贴 节日 做五休 节假日 学术 科研 学前教育 早教 培训 机构 民营 少于 留学 咨询员 济南 上海 普陀区 英语 教务 听课 监考 调课 英语六级 留学 方案 留学 咨询 教材 订购 一金 员工 旅游 餐饮 补贴 节日 做五休 节假日 上海 教育 投资 有限公司 学术 科研 学前教育 早教 培训 机构 民营 少于 聊聊 投递
299,管培生（销售方向）,6-8千·13薪,6000.0,8000.0,7000.0,False,上海,嘉定区,上海北特科技集团股份有限公司,汽车零部件丨原材料和加工丨机械/设备/重工,未标明,500-1000人,不限,未标明,师徒带教|晋升,2,管培生 销售方向 师徒带教 晋升 汽车零部件丨原材料和加工丨机械 设备 重工 已上市 500 1000人 管培生 销售方向 6 8千 13薪 上海 嘉定区 21分钟前回复 师徒带教 晋升 上海北特科技集团股份有限公司 汽车零部件丨原材料和加工丨机械 设备 重工已上市500 1000人 去聊聊 投递,,管培生 销售 方向 师徒 带教 晋升 汽车 零部件 原材料 加工 机械 设备 重工 上市 管培生 销售 方向 上海 嘉定区 分钟 回复 师徒 带教 晋升 上海 北特 科技 集团股份 有限公司 汽车 零部件 原材料 加工 机械 设备 重工 上市 聊聊 投递
300,生产技术员(J24636),8千-1万·14薪,8000.0,10000.0,9000.0,False,上海,金山区,上海合全药业股份有限公司,化工丨制药/生物工程,未标明,1000-5000人,不限,未标明,五险一金|年终奖金|做二休二|免费班车|餐饮补贴|定期体检|季度奖,7,生产技术员 J24636 五险一金 年终奖金 做二休二 免费班车 餐饮补贴 定期体检 季度奖 化工丨制药 生物工程 外资 欧美 1000 5000人 生产技术员 J24636 8千 1万 14薪 上海 金山区 五险一金 年终奖金 做二休二 免费班车 餐饮补贴 定期体检 季度奖 上海合全药业股份有限公司 化工丨制药 生物工程外资 欧美 1000 5000人 去聊聊 投递,,生产 技术员 J24636 一金 年终奖金 做二休 免费 班车 餐饮 补贴 定期 体检 季度 化工 制药 生物工程 外资 欧美 生产 技术员 J24636 上海 金山区 一金 年终奖金 做二休 免费 班车 餐饮 补贴 定期 体检 季度 上海 合全 药业 股份 有限公司 化工 制药 生物工程 外资 欧美 聊聊 投递
301,工艺技术员(J10044),6-7千,6000.0,7000.0,6500.0,False,上海,浦东新区,安集微电子科技（上海）股份有限公司,化工,未标明,500-1000人,不限,未标明,五险一金|补充医疗保险|带薪年假|带薪病假|员工旅游|年终奖金|股票期权|项目奖金|有餐补|免费班车,10,工艺技术员 J10044 五险一金 补充医疗保险 带薪年假 带薪病假 员工旅游 年终奖金 股票期权 项目奖金 有餐补 免费班车 化工 外资 欧美 500 1000人 工艺技术员 J10044 6 7千 上海 浦东新区 五险一金 补充医疗保险 带薪年假 带薪病假 员工旅游 年终奖金 股票期权 项目奖金 有餐补 免费班车 安集微电子科技 上海 股份有限公司 化工外资 欧美 500 1000人 去聊聊 投递,,工艺 技术员 J10044 一金 补充 医疗保险 病假 员工 旅游 年终奖金 股票 期权 项目 奖金 有餐 免费 班车 化工 外资 欧美 工艺 技术员 J10044 上海 浦东新区 一金 补充 医疗保险 病假 员工 旅游 年终奖金 股票 期权 项目 奖金 有餐 免费 班车 安集 微电子 科技 上海 股份 有限公司 化工 外资 欧美 聊聊 投递
302,药械实验室技术员,4.8-9.6千,4800.0,9600.0,7200.0,False,上海,闵行区,江苏畅医达医疗科技有限公司,医疗设备/器械,民营,50-150人,不限,未标明,五险一金|绩效奖金|周末双休|节日福利|培训|带薪年假|带薪病假|定期体检,8,药械实验室技术员 五险一金 绩效奖金 周末双休 节日福利 培训 带薪年假 带薪病假 定期体检 医疗设备 器械 民营 50 150人 药械实验室技术员 4.8 9.6千 上海 闵行区 五险一金 绩效奖金 周末双休 节日福利 培训 带薪年假 带薪病假 定期体检 江苏畅医达医疗科技有限公司 医疗设备 器械民营50 150人 去聊聊 投递,,药械 实验室 技术员 一金 绩效奖金 周末 双休 节日 培训 病假 定期 体检 医疗 设备 器械 民营 药械 实验室 技术员 上海 闵行区 一金 绩效奖金 周末 双休 节日 培训 病假 定期 体检 江苏 畅医达 医疗 科技 有限公司 医疗 设备 器械 民营 聊聊 投递
303,实验技术员,5-8千,5000.0,8000.0,6500.0,False,上海,闵行区,上海众钜通硕材料有限公司,批发/零售,民营,少于50人,不限,未标明,化工|自检|制作样品|技术测试|制造业|生产|五险一金|餐饮补贴|绩效奖金,9,实验技术员 化工 自检 制作样品 技术测试 制造业 生产 五险一金 餐饮补贴 绩效奖金 批发 零售 民营 少于50人 实验技术员 5 8千 上海 闵行区 化工 自检 制作样品 技术测试 制造业 生产 五险一金 餐饮补贴 绩效奖金 上海众钜通硕材料有限公司 批发 零售民营少于50人 去聊聊 投递,,实验 技术员 化工 自检 制作 样品 技术 测试 制造业 生产 一金 餐饮 补贴 绩效奖金 批发 零售 民营 少于 实验 技术员 上海 闵行区 化工 自检 制作 样品 技术 测试 制造业 生产 一金 餐饮 补贴 绩效奖金 上海 众钜通 材料 有限公司 批发 零售 民营 少于 聊聊 投递
304,现场技术服务工程师（应届生）,6-8千,6000.0,8000.0,7000.0,False,上海,奉贤区,上海金力泰化工股份有限公司,化工,未标明,500-1000人,不限,无经验友好,有机化学|化学|材料|高分子|技术调研|五险一金|年终奖金|定期体检|餐饮补贴|带薪年假|节日福利|弹性工作|培训,13,现场技术服务工程师 应届生 有机化学 化学 材料 高分子 技术调研 五险一金 年终奖金 定期体检 餐饮补贴 带薪年假 节日福利 弹性工作 培训 化工 已上市 500 1000人 现场技术服务工程师 应届生 6 8千 上海 奉贤区 有机化学 化学 材料 高分子 技术调研 五险一金 年终奖金 定期体检 餐饮补贴 带薪年假 节日福利 弹性工作 培训 上海金力泰化工股份有限公司 化工已上市500 1000人 去聊聊 投递,,现场 技术 服务 工程师 应届生 有机化学 化学 材料 高分子 技术 调研 一金 年终奖金 定期 体检 餐饮 补贴 节日 弹性 培训 化工 上市 现场 技术 服务 工程师 应届生 上海 奉贤区 有机化学 化学 材料 高分子 技术 调研 一金 年终奖金 定期 体检 餐饮 补贴 节日 弹性 培训 上海 金力 化工 股份 有限公司 化工 上市 聊聊 投递
305,化工技术员,5.5-6.5千,5500.0,6500.0,6000.0,False,上海,,上海罗素科技有限公司,仪器仪表/工业自动化,民营,少于50人,不限,未标明,检测|故障排查|化学工程|技术改进|安全操作|五险一金|员工旅游|年终奖金,8,化工技术员 检测 故障排查 化学工程 技术改进 安全操作 五险一金 员工旅游 年终奖金 仪器仪表 工业自动化 民营 少于50人 化工技术员 5.5 6.5千 上海 35分钟前回复 检测 故障排查 化学工程 技术改进 安全操作 五险一金 员工旅游 年终奖金 上海罗素科技有限公司 仪器仪表 工业自动化民营少于50人 去聊聊 投递,,化工 技术员 检测 故障 排查 化学工程 技术 改进 安全 操作 一金 员工 旅游 年终奖金 仪器仪表 工业 自动化 民营 少于 化工 技术员 上海 分钟 回复 检测 故障 排查 化学工程 技术 改进 安全 操作 一金 员工 旅游 年终奖金 上海 罗素 科技 有限公司 仪器仪表 工业 自动化 民营 少于 聊聊 投递
306,应用实验员(J10003),7-9千·16薪,7000.0,9000.0,8000.0,False,上海,松江区,上海新阳半导体材料股份有限公司,化工丨电子/半导体/集成电路,民营,500-1000人,不限,未标明,化学|cmp|材料科学,3,应用实验员 J10003 化学 cmp 材料科学 化工丨电子 半导体 集成电路 民营 500 1000人 应用实验员 J10003 7 9千 16薪 上海 松江区 本周处理简历1次 化学 cmp 材料科学 上海新阳半导体材料股份有限公司 化工丨电子 半导体 集成电路民营500 1000人 去聊聊 投递,,应用 实验员 J10003 化学 cmp 材料科学 化工 电子 半导体 集成电路 民营 应用 实验员 J10003 上海 松江区 本周 处理 简历 化学 cmp 材料科学 上海 新阳 半导体 材料 股份 有限公司 化工 电子 半导体 集成电路 民营 聊聊 投递
307,化工实习生（化工+大专）,6-8千·13薪,6000.0,8000.0,7000.0,False,上海,奉贤区,东胜化学（上海）有限公司,化工,民营,150-500人,大专,未标明,年终奖金|专业培训|餐饮补贴|定期体检|发展空间|包吃包住|包三餐|住宿|免费住宿,9,化工实习生 化工+大专 年终奖金 专业培训 餐饮补贴 定期体检 发展空间 包吃包住 包三餐 住宿 免费住宿 化工 民营 150 500人 化工实习生 化工+大专 6 8千 13薪 上海 奉贤区 年终奖金 专业培训 餐饮补贴 定期体检 发展空间 包吃包住 包三餐 住宿 免费住宿 东胜化学 上海 有限公司 化工民营150 500人 去聊聊 投递,,化工 实习生 化工 + 大专 年终奖金 专业培训 餐饮 补贴 定期 体检 发展 空间 包吃包住 三餐 住宿 免费 住宿 化工 民营 化工 实习生 化工 + 大专 上海 奉贤区 年终奖金 专业培训 餐饮 补贴 定期 体检 发展 空间 包吃包住 三餐 住宿 免费 住宿 东胜 化学 上海 有限公司 化工 民营 聊聊 投递
308,粉体合成操作员,5-6千,5000.0,6000.0,5500.0,False,上海,,上海贝奥路生物材料有限公司,医疗设备/器械,未标明,少于50人,不限,未标明,五险一金|周末双休|年终奖金|团建旅游|免费住宿|公司福利,6,粉体合成操作员 五险一金 周末双休 年终奖金 团建旅游 免费住宿 公司福利 医疗设备 器械 外资 欧美 少于50人 粉体合成操作员 5 6千 上海 五险一金 周末双休 年终奖金 团建旅游 免费住宿 公司福利 上海贝奥路生物材料有限公司 医疗设备 器械外资 欧美 少于50人 去聊聊 投递,,粉体 合成 操作员 一金 周末 双休 年终奖金 团建 旅游 免费 住宿 医疗 设备 器械 外资 欧美 少于 粉体 合成 操作员 上海 一金 周末 双休 年终奖金 团建 旅游 免费 住宿 上海 贝奥 生物 材料 有限公司 医疗 设备 器械 外资 欧美 少于 聊聊 投递
309,研发技术岗,5.5-7.5千·14薪,5500.0,7500.0,6500.0,False,上海,,上海海隆赛能新材料股份有限公司,化工,民营,1000-5000人,不限,未标明,五险一金|带薪年假|带薪病假|年终奖金|项目奖金|专业培训|定期体检|免费班车|有餐补|出差补贴,10,研发技术岗 五险一金 带薪年假 带薪病假 年终奖金 项目奖金 专业培训 定期体检 免费班车 有餐补 出差补贴 化工 民营 1000 5000人 研发技术岗 5.5 7.5千 14薪 上海 今日回复7次 五险一金 带薪年假 带薪病假 年终奖金 项目奖金 专业培训 定期体检 免费班车 有餐补 出差补贴 上海海隆赛能新材料股份有限公司 化工民营1000 5000人 去聊聊 投递,,研发 技术 一金 病假 年终奖金 项目 奖金 专业培训 定期 体检 免费 班车 有餐 出差 补贴 化工 民营 研发 技术 上海 今日 回复 一金 病假 年终奖金 项目 奖金 专业培训 定期 体检 免费 班车 有餐 出差 补贴 上海 海隆赛 材料 股份 有限公司 化工 民营 聊聊 投递
310,生产操作工/生产技术员,6-8千,6000.0,8000.0,7000.0,False,上海,浦东新区,上海赛徕克生物科技有限公司,制药/生物工程,合资,150-500人,不限,未标明,办公软件|office|打印|出单|库存盘点|标签|粘贴|后台数据|产品分装|订单处理|五险一金|专业培训|节日福利|带薪年假|周末双休|带薪病假|高温补贴,17,生产操作工 生产技术员 办公软件 office 打印 出单 库存盘点 标签 粘贴 后台数据 产品分装 订单处理 五险一金 专业培训 节日福利 带薪年假 周末双休 带薪病假 高温补贴 制药 生物工程 合资 150 500人 生产操作工 生产技术员 6 8千 上海 浦东新区 本周查看简历3次 办公软件 office 打印 出单 库存盘点 标签 粘贴 后台数据 产品分装 订单处理 五险一金 专业培训 节日福利 带薪年假 周末双休 带薪病假 高温补贴 上海赛徕克生物科技有限公司 制药 生物工程合资150 500人 去聊聊 投递,,生产 操作工 生产 技术员 办公软件 office 打印 出单 库存 盘点 标签 粘贴 后台 数据 产品 分装 订单 处理 一金 专业培训 节日 周末 双休 病假 高温 补贴 制药 生物工程 合资 生产 操作工 生产 技术员 上海 浦东新区 本周 查看 简历 办公软件 office 打印 出单 库存 盘点 标签 粘贴 后台 数据 产品 分装 订单 处理 一金 专业培训 节日 周末 双休 病假 高温 补贴 上海 赛徕 生物科技 有限公司 制药 生物工程 合资 聊聊 投递
311,化工操作员（化工专业）,6-8千·14薪,6000.0,8000.0,7000.0,False,上海,奉贤区,东胜化学（上海）有限公司,化工,民营,150-500人,不限,未标明,发展空间,1,化工操作员 化工专业 发展空间 化工 民营 150 500人 化工操作员 化工专业 6 8千 14薪 上海 奉贤区 本周查看简历2次 发展空间 东胜化学 上海 有限公司 化工民营150 500人 去聊聊 投递,,化工 操作员 化工 专业 发展 空间 化工 民营 化工 操作员 化工 专业 上海 奉贤区 本周 查看 简历 发展 空间 东胜 化学 上海 有限公司 化工 民营 聊聊 投递
312,技术部助理,5.5-7千,5500.0,7000.0,6250.0,False,上海,松江区,上海嘉怡涂料有限公司,石油/化工/矿产/地质,民营,少于50人,不限,未标明,包吃|包住|年终奖金|专业培训,4,技术部助理 包吃 包住 年终奖金 专业培训 石油 化工 矿产 地质 民营 少于50人 技术部助理 5.5 7千 上海 松江区 包吃 包住 年终奖金 专业培训 上海嘉怡涂料有限公司 石油 化工 矿产 地质民营少于50人 去聊聊 投递,,技术部 助理 包吃 包住 年终奖金 专业培训 石油 化工 矿产 地质 民营 少于 技术部 助理 上海 松江区 包吃 包住 年终奖金 专业培训 上海 嘉怡 涂料 有限公司 石油 化工 矿产 地质 民营 少于 聊聊 投递
313,实验室助理工程师,7-8千,7000.0,8000.0,7500.0,False,上海,浦东新区,上海久析检测技术有限公司,电子/半导体/集成电路,民营,少于50人,不限,未标明,助理|五险一金|双休|住房补贴,4,实验室助理工程师 助理 五险一金 双休 住房补贴 电子 半导体 集成电路 民营 少于50人 实验室助理工程师 7 8千 上海 浦东新区 今日回复10+次 助理 五险一金 双休 住房补贴 上海久析检测技术有限公司 电子 半导体 集成电路民营少于50人 去聊聊 投递,,实验室 助理工程师 助理 一金 双休 住房补贴 电子 半导体 集成电路 民营 少于 实验室 助理工程师 上海 浦东新区 今日 回复 + 助理 一金 双休 住房补贴 上海 久析 检测 技术 有限公司 电子 半导体 集成电路 民营 少于 聊聊 投递
314,中试线操作人员（非集团本部）,8.5-9.5千,8500.0,9500.0,9000.0,False,上海,,上海汉司实业有限公司,化工,民营,150-500人,不限,未标明,五险一金|工作午餐,2,中试线操作人员 非集团本部 五险一金 工作午餐 化工 民营 150 500人 中试线操作人员 非集团本部 8.5 9.5千 上海 五险一金 工作午餐 上海汉司实业有限公司 化工民营150 500人 去聊聊 投递,,中试 操作 人员 集团 本部 一金 午餐 化工 民营 中试 操作 人员 集团 本部 上海 一金 午餐 上海 汉司 实业 有限公司 化工 民营 聊聊 投递
315,生产技术助理,8-15万/年,8000.0,150000.0,79000.0,False,上海,松江区,上海华畅环保设备发展有限公司,环保,民营,少于50人,不限,未标明,五险一金|员工旅游|补充公积金|绩效奖金|定期体检,5,生产技术助理 五险一金 员工旅游 补充公积金 绩效奖金 定期体检 环保 民营 少于50人 生产技术助理 8 15万 年 上海 松江区 五险一金 员工旅游 补充公积金 绩效奖金 定期体检 上海华畅环保设备发展有限公司 环保民营少于50人 去聊聊 投递,,生产 技术 助理 一金 员工 旅游 补充 公积金 绩效奖金 定期 体检 环保 民营 少于 生产 技术 助理 上海 松江区 一金 员工 旅游 补充 公积金 绩效奖金 定期 体检 上海 华畅 环保 设备 发展 有限公司 环保 民营 少于 聊聊 投递
316,工艺操作工,6-9千,6000.0,9000.0,7500.0,False,上海,青浦区,上海普利美诺氨基酸有限公司,制药/生物工程,未标明,150-500人,不限,未标明,药学|化学|维护保养|药企|故障排除|清场|机械自动化|设备操作|工艺参数监控|记录生产数据|五险一金|节假日福利|包工作餐|住房补贴|补充医疗|季度福利|补充医疗保险|补充公积金|带薪年假|带薪病假|年终奖金|定期体检|包吃,23,工艺操作工 药学 化学 维护保养 药企 故障排除 清场 机械自动化 设备操作 工艺参数监控 记录生产数据 五险一金 节假日福利 包工作餐 住房补贴 补充医疗 季度福利 补充医疗保险 补充公积金 带薪年假 带薪病假 年终奖金 定期体检 包吃 制药 生物工程 外资 非欧美 150 500人 工艺操作工 6 9千 上海 青浦区 药学 化学 维护保养 药企 故障排除 清场 机械自动化 设备操作 工艺参数监控 记录生产数据 五险一金 节假日福利 包工作餐 住房补贴 补充医疗 季度福利 补充医疗保险 补充公积金 带薪年假 带薪病假 年终奖金 定期体检 包吃 上海普利美诺氨基酸有限公司 制药 生物工程外资 非欧美 150 500人 去聊聊 投递,,工艺 操作工 药学 化学 维护 保养 药企 故障 排除 清场 机械 自动化 设备 操作 工艺 参数 监控 记录 生产 数据 一金 节假日 工作餐 住房补贴 补充 医疗 季度 补充 医疗保险 补充 公积金 病假 年终奖金 定期 体检 包吃 制药 生物工程 外资 欧美 工艺 操作工 上海 青浦区 药学 化学 维护 保养 药企 故障 排除 清场 机械 自动化 设备 操作 工艺 参数 监控 记录 生产 数据 一金 节假日 工作餐 住房补贴 补充 医疗 季度 补充 医疗保险 补充 公积金 病假 年终奖金 定期 体检 包吃 上海 普利 美诺 氨基酸 有限公司 制药 生物工程 外资 欧美 聊聊 投递
317,化工技术操作,7千-1.1万,7000.0,11000.0,9000.0,False,上海,金山区,上海奥威日化有限公司,化工丨新能源,民营,50-150人,不限,未标明,sop|化学|化工|化工行业|设备维护保养|故障排查|控制|安全环保|记录填写|dcs控制系统|专业培训|节日福利|定期体检|带薪年假|绩效奖金|年终奖金|全勤奖|五险一金|高温补贴|加班补贴,20,化工技术操作 sop 化学 化工 化工行业 设备维护保养 故障排查 控制 安全环保 记录填写 dcs控制系统 专业培训 节日福利 定期体检 带薪年假 绩效奖金 年终奖金 全勤奖 五险一金 高温补贴 加班补贴 化工丨新能源 民营 50 150人 化工技术操作 7千 1.1万 上海 金山区 在线 sop 化学 化工 化工行业 设备维护保养 故障排查 控制 安全环保 记录填写 dcs控制系统 专业培训 节日福利 定期体检 带薪年假 绩效奖金 年终奖金 全勤奖 五险一金 高温补贴 加班补贴 上海奥威日化有限公司 化工丨新能源民营50 150人 去聊聊 投递,,化工 技术 操作 sop 化学 化工 化工行业 设备 维护 保养 故障 排查 控制 安全 环保 记录 填写 dcs 控制系统 专业培训 节日 定期 体检 绩效奖金 年终奖金 全勤奖 一金 高温 补贴 加班 补贴 化工 新能源 民营 化工 技术 操作 上海 金山区 在线 sop 化学 化工 化工行业 设备 维护 保养 故障 排查 控制 安全 环保 记录 填写 dcs 控制系统 专业培训 节日 定期 体检 绩效奖金 年终奖金 全勤奖 一金 高温 补贴 加班 补贴 上海 奥威 日化 有限公司 化工 新能源 民营 聊聊 投递
318,研发技术员(J10240),7-9千,7000.0,9000.0,8000.0,False,上海,浦东新区,安集微电子科技（上海）股份有限公司,化工,未标明,500-1000人,不限,未标明,化工|6s管理|半导体|微电子|白班|五险一金|补充医疗保险|带薪年假|带薪病假|员工旅游|年终奖金|股票期权|项目奖金|有餐补|免费班车,15,研发技术员 J10240 化工 6s管理 半导体 微电子 白班 五险一金 补充医疗保险 带薪年假 带薪病假 员工旅游 年终奖金 股票期权 项目奖金 有餐补 免费班车 化工 外资 欧美 500 1000人 研发技术员 J10240 7 9千 上海 浦东新区 化工 6s管理 半导体 微电子 白班 五险一金 补充医疗保险 带薪年假 带薪病假 员工旅游 年终奖金 股票期权 项目奖金 有餐补 免费班车 安集微电子科技 上海 股份有限公司 化工外资 欧美 500 1000人 去聊聊 投递,,研发 技术员 J10240 化工 6s 管理 半导体 微电子 白班 一金 补充 医疗保险 病假 员工 旅游 年终奖金 股票 期权 项目 奖金 有餐 免费 班车 化工 外资 欧美 研发 技术员 J10240 上海 浦东新区 化工 6s 管理 半导体 微电子 白班 一金 补充 医疗保险 病假 员工 旅游 年终奖金 股票 期权 项目 奖金 有餐 免费 班车 安集 微电子 科技 上海 股份 有限公司 化工 外资 欧美 聊聊 投递
319,生产操作员,5-8千·13薪,5000.0,8000.0,6500.0,False,上海,金山区,上海玟昕科技有限公司,化工,创业公司,50-150人,不限,未标明,包装|生产|安全生产|生产设备|故障排查|生产报表|灌装|过滤|灌装机|光刻胶|五险一金|年终奖金|绩效奖金|带薪年假|管理规范,15,生产操作员 包装 生产 安全生产 生产设备 故障排查 生产报表 灌装 过滤 灌装机 光刻胶 五险一金 年终奖金 绩效奖金 带薪年假 管理规范 化工 创业公司 50 150人 生产操作员 5 8千 13薪 上海 金山区 包装 生产 安全生产 生产设备 故障排查 生产报表 灌装 过滤 灌装机 光刻胶 五险一金 年终奖金 绩效奖金 带薪年假 管理规范 上海玟昕科技有限公司 化工创业公司50 150人 去聊聊 投递,,生产 操作员 包装 生产 安全 生产 生产 设备 故障 排查 生产 报表 灌装 过滤 灌装机 光刻胶 一金 年终奖金 绩效奖金 管理 规范 化工 创业 生产 操作员 上海 金山区 包装 生产 安全 生产 生产 设备 故障 排查 生产 报表 灌装 过滤 灌装机 光刻胶 一金 年终奖金 绩效奖金 管理 规范 上海 科技 有限公司 化工 创业 聊聊 投递
320,化工操作工,6-8千,6000.0,8000.0,7000.0,False,上海,浦东新区,上海法默生物科技有限公司,制药/生物工程,民营,少于50人,不限,未标明,,0,化工操作工 制药 生物工程 民营 少于50人 化工操作工 6 8千 上海 浦东新区 上海法默生物科技有限公司 制药 生物工程民营少于50人 去聊聊 投递,,化工 操作工 制药 生物工程 民营 少于 化工 操作工 上海 浦东新区 上海 法默 生物科技 有限公司 制药 生物工程 民营 少于 聊聊 投递
321,生产技术员（离心方向）,8-15万/年,8000.0,150000.0,79000.0,False,上海,青浦区,均瑶润盈生物科技（上海）有限公司,食品/饮料/粮油,民营,150-500人,不限,未标明,,0,生产技术员 离心方向 食品 饮料 粮油 民营 150 500人 生产技术员 离心方向 8 15万 年 上海 青浦区 今日处理简历1次 均瑶润盈生物科技 上海 有限公司 食品 饮料 粮油民营150 500人 去聊聊 投递,,生产 技术员 离心 方向 食品 饮料 粮油 民营 生产 技术员 离心 方向 上海 青浦区 今日 处理 简历 瑶润盈 生物科技 上海 有限公司 食品 饮料 粮油 民营 聊聊 投递
322,产线技术员,4-8千,4000.0,8000.0,6000.0,False,上海,嘉定区,晋康半导体科技（上海）有限公司,电子/半导体/集成电路丨原材料和加工丨机械/设备/重工,民营,50-150人,不限,未标明,带薪年假|包吃|节日福利|加班补贴|年终奖金|员工旅游|住房补贴,7,产线技术员 带薪年假 包吃 节日福利 加班补贴 年终奖金 员工旅游 住房补贴 电子 半导体 集成电路丨原材料和加工丨机械 设备 重工 民营 50 150人 产线技术员 4 8千 上海 嘉定区 今日回复10+次 带薪年假 包吃 节日福利 加班补贴 年终奖金 员工旅游 住房补贴 晋康半导体科技 上海 有限公司 电子 半导体 集成电路丨原材料和加工丨机械 设备 重工民营50 150人 去聊聊 投递,,产线 技术员 包吃 节日 加班 补贴 年终奖金 员工 旅游 住房补贴 电子 半导体 集成电路 原材料 加工 机械 设备 重工 民营 产线 技术员 上海 嘉定区 今日 回复 + 包吃 节日 加班 补贴 年终奖金 员工 旅游 住房补贴 晋康 半导体 科技 上海 有限公司 电子 半导体 集成电路 原材料 加工 机械 设备 重工 民营 聊聊 投递
323,化学操作工,6.5-7.5千,6500.0,7500.0,7000.0,False,上海,金山区,上海氟聚化学产品股份有限公司,化工,未标明,50-150人,不限,未标明,化学|维护|数据记录|化学试剂|安全规范|实验设备|五险一金|带薪年假,8,化学操作工 化学 维护 数据记录 化学试剂 安全规范 实验设备 五险一金 带薪年假 化工 已上市 50 150人 化学操作工 6.5 7.5千 上海 金山区 本周操作面试1次 化学 维护 数据记录 化学试剂 安全规范 实验设备 五险一金 带薪年假 上海氟聚化学产品股份有限公司 化工已上市50 150人 去聊聊 投递,,化学 操作工 化学 维护 数据 记录 化学试剂 安全 规范 实验 设备 一金 化工 上市 化学 操作工 上海 金山区 本周 操作 面试 化学 维护 数据 记录 化学试剂 安全 规范 实验 设备 一金 上海 氟聚 化学 产品 股份 有限公司 化工 上市 聊聊 投递
324,硫酸回收/甲基丙烯酸甲酯装置跨岗位外操,6-8千,6000.0,8000.0,7000.0,False,上海,,上海赛科石油化工有限责任公司,化工丨石油/石化,合资,1000-5000人,不限,未标明,五险一金|补充医疗保险|补充公积金|免费班车|餐饮补贴|绩效奖金|定期体检|年终奖金,8,硫酸回收 甲基丙烯酸甲酯装置跨岗位外操 五险一金 补充医疗保险 补充公积金 免费班车 餐饮补贴 绩效奖金 定期体检 年终奖金 化工丨石油 石化 合资 1000 5000人 硫酸回收 甲基丙烯酸甲酯装置跨岗位外操 6 8千 上海 本周处理简历1次 五险一金 补充医疗保险 补充公积金 免费班车 餐饮补贴 绩效奖金 定期体检 年终奖金 上海赛科石油化工有限责任公司 化工丨石油 石化合资1000 5000人 去聊聊 投递,,硫酸 回收 甲基丙烯酸甲酯 装置 外操 一金 补充 医疗保险 补充 公积金 免费 班车 餐饮 补贴 绩效奖金 定期 体检 年终奖金 化工 石油 石化 合资 硫酸 回收 甲基丙烯酸甲酯 装置 外操 上海 本周 处理 简历 一金 补充 医疗保险 补充 公积金 免费 班车 餐饮 补贴 绩效奖金 定期 体检 年终奖金 上海 赛科 石油化工 有限责任 化工 石油 石化 合资 聊聊 投递
325,技术员,6-8千,6000.0,8000.0,7000.0,False,上海,青浦区,上海迪诺克新材料科技有限公司,医疗设备/器械,民营,少于50人,不限,未标明,sop|bom|sip|预浸料|涂胶机,5,技术员 sop bom sip 预浸料 涂胶机 医疗设备 器械 民营 少于50人 技术员 6 8千 上海 青浦区 今日回复4次 sop bom sip 预浸料 涂胶机 上海迪诺克新材料科技有限公司 医疗设备 器械民营少于50人 去聊聊 投递,,技术员 sop bom sip 预浸料 涂胶机 医疗 设备 器械 民营 少于 技术员 上海 青浦区 今日 回复 sop bom sip 预浸料 涂胶机 上海 诺克 材料 科技 有限公司 医疗 设备 器械 民营 少于 聊聊 投递
326,CMP车间操作员,4-5千,4000.0,5000.0,4500.0,False,上海,奉贤区,康达新材料（集团）股份有限公司,化工,未标明,500-1000人,不限,未标明,sop|现场管理|化工|环保|材料|安全|半导体材料|安全培训|涂料|应用化学|五险一金|年终奖金|节日福利|高温补贴|带薪年假|做五休二|节假日,17,CMP车间操作员 sop 现场管理 化工 环保 材料 安全 半导体材料 安全培训 涂料 应用化学 五险一金 年终奖金 节日福利 高温补贴 带薪年假 做五休二 节假日 化工 已上市 500 1000人 CMP车间操作员 4 5千 上海 奉贤区 sop 现场管理 化工 环保 材料 安全 半导体材料 安全培训 涂料 应用化学 五险一金 年终奖金 节日福利 高温补贴 带薪年假 做五休二 节假日 康达新材料 集团 股份有限公司 化工已上市500 1000人 去聊聊 投递,,CMP 车间 操作员 sop 现场 管理 化工 环保 材料 安全 半导体 材料 安全 培训 涂料 应用化学 一金 年终奖金 节日 高温 补贴 做五休 节假日 化工 上市 CMP 车间 操作员 上海 奉贤区 sop 现场 管理 化工 环保 材料 安全 半导体 材料 安全 培训 涂料 应用化学 一金 年终奖金 节日 高温 补贴 做五休 节假日 康达 材料 集团 股份 有限公司 化工 上市 聊聊 投递
327,沃特世见习计划-售后技术服务工程师方向,7-8千,7000.0,8000.0,7500.0,False,上海,,沃特世科技（上海）有限公司,其他行业,未标明,500-1000人,不限,未标明,服务工程师|高分辨质谱|仪器维护|五险一金|年终奖金|定期体检|绩效奖金,7,沃特世见习计划 售后技术服务工程师方向 服务工程师 高分辨质谱 仪器维护 五险一金 年终奖金 定期体检 绩效奖金 其他行业 外资 欧美 500 1000人 沃特世见习计划 售后技术服务工程师方向 7 8千 上海 30分钟前查看简历 服务工程师 高分辨质谱 仪器维护 五险一金 年终奖金 定期体检 绩效奖金 沃特世科技 上海 有限公司 其他行业外资 欧美 500 1000人 去聊聊 投递,,沃特世 见习 计划 售后 技术 服务 工程师 方向 服务 工程师 分辨 质谱 仪器 维护 一金 年终奖金 定期 体检 绩效奖金 其他 行业 外资 欧美 沃特世 见习 计划 售后 技术 服务 工程师 方向 上海 分钟 查看 简历 服务 工程师 分辨 质谱 仪器 维护 一金 年终奖金 定期 体检 绩效奖金 沃特世 科技 上海 有限公司 其他 行业 外资 欧美 聊聊 投递
328,改性操作工,6-8千,6000.0,8000.0,7000.0,False,上海,浦东新区,上海明士华新材料有限公司,电子/半导体/集成电路,民营,50-150人,不限,未标明,生产管理|设备管理|生产记录|现场6S|化工操作|PLC系统|LIMS系统|五险一金|年终奖金|绩效奖金|餐饮补贴|节日福利,12,改性操作工 生产管理 设备管理 生产记录 现场6S 化工操作 PLC系统 LIMS系统 五险一金 年终奖金 绩效奖金 餐饮补贴 节日福利 电子 半导体 集成电路 民营 50 150人 改性操作工 6 8千 上海 浦东新区 本周查看简历3次 生产管理 设备管理 生产记录 现场6S 化工操作 PLC系统 LIMS系统 五险一金 年终奖金 绩效奖金 餐饮补贴 节日福利 上海明士华新材料有限公司 电子 半导体 集成电路民营50 150人 去聊聊 投递,,改性 操作工 生产 管理 设备 管理 生产 记录 现场 6S 化工 操作 PLC 系统 LIMS 系统 一金 年终奖金 绩效奖金 餐饮 补贴 节日 电子 半导体 集成电路 民营 改性 操作工 上海 浦东新区 本周 查看 简历 生产 管理 设备 管理 生产 记录 现场 6S 化工 操作 PLC 系统 LIMS 系统 一金 年终奖金 绩效奖金 餐饮 补贴 节日 上海 明士 华新 材料 有限公司 电子 半导体 集成电路 民营 聊聊 投递
329,生产技术员,7-9千,7000.0,9000.0,8000.0,False,上海,松江区,江苏奥斯佳材料科技股份有限公司,化工,民营,50-150人,不限,未标明,sop|生产计划|化工|5s|化工设备|现场巡检|化工厂|健康体检|专业培训|员工旅游|年终奖金|定期体检|五险一金|带薪年假|绩效奖金|免费工作餐,16,生产技术员 sop 生产计划 化工 5s 化工设备 现场巡检 化工厂 健康体检 专业培训 员工旅游 年终奖金 定期体检 五险一金 带薪年假 绩效奖金 免费工作餐 化工 民营 50 150人 生产技术员 7 9千 上海 松江区 本周查看简历2次 sop 生产计划 化工 5s 化工设备 现场巡检 化工厂 健康体检 专业培训 员工旅游 年终奖金 定期体检 五险一金 带薪年假 绩效奖金 免费工作餐 江苏奥斯佳材料科技股份有限公司 化工民营50 150人 去聊聊 投递,,生产 技术员 sop 生产 计划 化工 5s 化工设备 现场 巡检 化工厂 健康 体检 专业培训 员工 旅游 年终奖金 定期 体检 一金 绩效奖金 免费 工作餐 化工 民营 生产 技术员 上海 松江区 本周 查看 简历 sop 生产 计划 化工 5s 化工设备 现场 巡检 化工厂 健康 体检 专业培训 员工 旅游 年终奖金 定期 体检 一金 绩效奖金 免费 工作餐 江苏 奥斯佳 材料 科技股份 有限公司 化工 民营 聊聊 投递
330,技术工艺工程师,7.5-8千,7500.0,8000.0,7750.0,False,上海,浦东新区,上海康耐特光学有限公司,医疗设备/器械,合资,500-1000人,不限,未标明,光学|计算机|物理|能力优先,4,技术工艺工程师 光学 计算机 物理 能力优先 医疗设备 器械 合资 500 1000人 技术工艺工程师 7.5 8千 上海 浦东新区 光学 计算机 物理 能力优先 上海康耐特光学有限公司 医疗设备 器械合资500 1000人 去聊聊 投递,,技术 工艺 工程师 光学 计算机 物理 能力 医疗 设备 器械 合资 技术 工艺 工程师 上海 浦东新区 光学 计算机 物理 能力 上海 耐特 光学 有限公司 医疗 设备 器械 合资 聊聊 投递
331,生产操作工,7千-1万·13薪,7000.0,10000.0,8500.0,False,上海,松江区,陶氏有机硅（上海）有限公司,化工,未标明,150-500人,不限,未标明,工艺操作|化工安全|五险一金|补充商业保险,4,生产操作工 工艺操作 化工安全 五险一金 补充商业保险 化工 外资 欧美 150 500人 生产操作工 7千 1万 13薪 上海 松江区 工艺操作 化工安全 五险一金 补充商业保险 陶氏有机硅 上海 有限公司 化工外资 欧美 150 500人 去聊聊 投递,,生产 操作工 工艺 操作 化工 安全 一金 补充 商业保险 化工 外资 欧美 生产 操作工 上海 松江区 工艺 操作 化工 安全 一金 补充 商业保险 陶氏 有机硅 上海 有限公司 化工 外资 欧美 聊聊 投递
332,生产操作工 （化工制造业）,5-6.5千·15薪,5000.0,6500.0,5750.0,False,上海,,德谦（上海）化学有限公司,化工丨石油/石化丨原材料和加工,未标明,150-500人,不限,未标明,培训|带薪病假|带薪年假|员工旅游|五险一金|补充医疗保险|五险|子女医疗保险|专业培训|免费工作餐,10,生产操作工 化工制造业 培训 带薪病假 带薪年假 员工旅游 五险一金 补充医疗保险 五险 子女医疗保险 专业培训 免费工作餐 化工丨石油 石化丨原材料和加工 外资 欧美 150 500人 生产操作工 化工制造业 5 6.5千 15薪 上海 培训 带薪病假 带薪年假 员工旅游 五险一金 补充医疗保险 五险 子女医疗保险 专业培训 免费工作餐 德谦 上海 化学有限公司 化工丨石油 石化丨原材料和加工外资 欧美 150 500人 去聊聊 投递,,生产 操作工 化工 制造业 培训 病假 员工 旅游 一金 补充 医疗保险 子女 医疗保险 专业培训 免费 工作餐 化工 石油 石化 原材料 加工 外资 欧美 生产 操作工 化工 制造业 上海 培训 病假 员工 旅游 一金 补充 医疗保险 子女 医疗保险 专业培训 免费 工作餐 德谦 上海 化学 有限公司 化工 石油 石化 原材料 加工 外资 欧美 聊聊 投递
333,生产助理工程师（上海南化）(J12628),7-9千,7000.0,9000.0,8000.0,False,上海,奉贤区,盈德气体（上海）有限公司,矿产/地质,民营,1000-5000人,不限,未标明,自动化|化工|机电|统计报表|气瓶充装|数据分析|年终奖金|定期体检|专业培训|带薪年假|高温津贴|节假日福利|五险一金,13,生产助理工程师 上海南化 J12628 自动化 化工 机电 统计报表 气瓶充装 数据分析 年终奖金 定期体检 专业培训 带薪年假 高温津贴 节假日福利 五险一金 矿产 地质 民营 1000 5000人 生产助理工程师 上海南化 J12628 7 9千 上海 奉贤区 自动化 化工 机电 统计报表 气瓶充装 数据分析 年终奖金 定期体检 专业培训 带薪年假 高温津贴 节假日福利 五险一金 盈德气体 上海 有限公司 矿产 地质民营1000 5000人 去聊聊 投递,,生产 助理工程师 上海 南化 J12628 自动化 化工 机电 统计 报表 气瓶 充装 数据分析 年终奖金 定期 体检 专业培训 高温 津贴 节假日 一金 矿产 地质 民营 生产 助理工程师 上海 南化 J12628 上海 奉贤区 自动化 化工 机电 统计 报表 气瓶 充装 数据分析 年终奖金 定期 体检 专业培训 高温 津贴 节假日 一金 盈德 气体 上海 有限公司 矿产 地质 民营 聊聊 投递
334,光刻工艺技术员/操作员,6.5-7.5千·13薪,6500.0,7500.0,7000.0,False,上海,松江区,上海达巧康新材料科技有限公司,化工,民营,50-150人,不限,未标明,技术培训|数据支持|产品优化|工艺制程|测试数据|技术报告|分析测试结果|半导体晶圆|导入测试|技术支持|五险一金|员工旅游|年终奖金|定期体检|专业培训|提供工作餐|生日福利,17,光刻工艺技术员 操作员 技术培训 数据支持 产品优化 工艺制程 测试数据 技术报告 分析测试结果 半导体晶圆 导入测试 技术支持 五险一金 员工旅游 年终奖金 定期体检 专业培训 提供工作餐 生日福利 化工 民营 50 150人 光刻工艺技术员 操作员 6.5 7.5千 13薪 上海 松江区 在线 技术培训 数据支持 产品优化 工艺制程 测试数据 技术报告 分析测试结果 半导体晶圆 导入测试 技术支持 五险一金 员工旅游 年终奖金 定期体检 专业培训 提供工作餐 生日福利 上海达巧康新材料科技有限公司 化工民营50 150人 去聊聊 投递,,光刻 工艺 技术员 操作员 技术培训 数据 支持 产品 优化 工艺 制程 测试数据 技术 报告 分析测试 结果 半导体 晶圆 导入 测试 技术支持 一金 员工 旅游 年终奖金 定期 体检 专业培训 工作餐 生日 化工 民营 光刻 工艺 技术员 操作员 上海 松江区 在线 技术培训 数据 支持 产品 优化 工艺 制程 测试数据 技术 报告 分析测试 结果 半导体 晶圆 导入 测试 技术支持 一金 员工 旅游 年终奖金 定期 体检 专业培训 工作餐 生日 上海 达巧康 材料 科技 有限公司 化工 民营 聊聊 投递
335,化工操作员,4-8千,4000.0,8000.0,6000.0,False,上海,嘉定区,上海泛品科技有限公司,化工,民营,少于50人,不限,未标明,缴纳社保|年终奖金|绩效奖金|白班|8小时|工作简单|五险|有餐补|出差补贴,9,化工操作员 缴纳社保 年终奖金 绩效奖金 白班 8小时 工作简单 五险 有餐补 出差补贴 化工 民营 少于50人 化工操作员 4 8千 上海 嘉定区 今日处理简历1次 缴纳社保 年终奖金 绩效奖金 白班 8小时 工作简单 五险 有餐补 出差补贴 上海泛品科技有限公司 化工民营少于50人 去聊聊 投递,,化工 操作员 社保 年终奖金 绩效奖金 白班 小时 简单 有餐 出差 补贴 化工 民营 少于 化工 操作员 上海 嘉定区 今日 处理 简历 社保 年终奖金 绩效奖金 白班 小时 简单 有餐 出差 补贴 上海 泛品 科技 有限公司 化工 民营 少于 聊聊 投递
336,DCS操作员,5.1-8千,5100.0,8000.0,6550.0,False,上海,青浦区,力森诺科高分子材料（上海）有限公司,化工,未标明,150-500人,不限,未标明,包装|5s|备料|投料|五险一金|带薪年假|带薪病假|员工旅游|年终奖金|绩效奖金|定期体检,11,DCS操作员 包装 5s 备料 投料 五险一金 带薪年假 带薪病假 员工旅游 年终奖金 绩效奖金 定期体检 化工 外资 非欧美 150 500人 DCS操作员 5.1 8千 上海 青浦区 今日回复10+次 包装 5s 备料 投料 五险一金 带薪年假 带薪病假 员工旅游 年终奖金 绩效奖金 定期体检 力森诺科高分子材料 上海 有限公司 化工外资 非欧美 150 500人 去聊聊 投递,,DCS 操作员 包装 5s 备料 投料 一金 病假 员工 旅游 年终奖金 绩效奖金 定期 体检 化工 外资 欧美 DCS 操作员 上海 青浦区 今日 回复 + 包装 5s 备料 投料 一金 病假 员工 旅游 年终奖金 绩效奖金 定期 体检 力森诺科 高分子 材料 上海 有限公司 化工 外资 欧美 聊聊 投递
337,生产技工,5-8千,5000.0,8000.0,6500.0,False,上海,浦东新区,上海辉文生物技术股份有限公司,制药/生物工程,未标明,150-500人,不限,未标明,五险一金|定期体检|带薪年假|免费班车|节日福利|生日会,6,生产技工 五险一金 定期体检 带薪年假 免费班车 节日福利 生日会 制药 生物工程 已上市 150 500人 生产技工 5 8千 上海 浦东新区 本周操作面试1次 五险一金 定期体检 带薪年假 免费班车 节日福利 生日会 上海辉文生物技术股份有限公司 制药 生物工程已上市150 500人 去聊聊 投递,,生产 技工 一金 定期 体检 免费 班车 节日 生日会 制药 生物工程 上市 生产 技工 上海 浦东新区 本周 操作 面试 一金 定期 体检 免费 班车 节日 生日会 上海 辉文 生物 技术 股份 有限公司 制药 生物工程 上市 聊聊 投递
338,工艺员,6-8千,6000.0,8000.0,7000.0,False,上海,嘉定区,上海一核阀门股份有限公司,机械/设备/重工,民营,150-500人,不限,未标明,系统培训|带薪年假|包吃|包住宿|全勤奖|节日福利|包住|有餐补|通讯补贴|免费班车|交通补贴|租房补贴|出差补贴|免费工作餐,14,工艺员 系统培训 带薪年假 包吃 包住宿 全勤奖 节日福利 包住 有餐补 通讯补贴 免费班车 交通补贴 租房补贴 出差补贴 免费工作餐 机械 设备 重工 民营 150 500人 工艺员 6 8千 上海 嘉定区 今日回复4次 系统培训 带薪年假 包吃 包住宿 全勤奖 节日福利 包住 有餐补 通讯补贴 免费班车 交通补贴 租房补贴 出差补贴 免费工作餐 上海一核阀门股份有限公司 机械 设备 重工民营150 500人 去聊聊 投递,,工艺员 系统 培训 包吃 住宿 全勤奖 节日 包住 有餐 通讯 补贴 免费 班车 交通 补贴 租房 补贴 出差 补贴 免费 工作餐 机械 设备 重工 民营 工艺员 上海 嘉定区 今日 回复 系统 培训 包吃 住宿 全勤奖 节日 包住 有餐 通讯 补贴 免费 班车 交通 补贴 租房 补贴 出差 补贴 免费 工作餐 上海 一核 阀门 股份 有限公司 机械 设备 重工 民营 聊聊 投递
339,生产技术员,8千-1万·14薪,8000.0,10000.0,9000.0,False,上海,奉贤区,上海芝然乳品科技有限公司,食品/饮料/粮油,未标明,1000-5000人,不限,未标明,,0,生产技术员 食品 饮料 粮油 已上市 1000 5000人 生产技术员 8千 1万 14薪 上海 奉贤区 上海芝然乳品科技有限公司 食品 饮料 粮油已上市1000 5000人 去聊聊 投递,,生产 技术员 食品 饮料 粮油 上市 生产 技术员 上海 奉贤区 上海 芝然 乳品 科技 有限公司 食品 饮料 粮油 上市 聊聊 投递
340,实验室检测助理（应届毕业生）,5-6千,5000.0,6000.0,5500.0,False,上海,嘉定区,上海谦和泰技术有限公司,检测/认证,民营,50-150人,不限,无经验友好,机械|电气|车辆工程|检测|新能源|测控|振动|检测报告|技术支持|能源动力工程,10,实验室检测助理 应届毕业生 机械 电气 车辆工程 检测 新能源 测控 振动 检测报告 技术支持 能源动力工程 检测 认证 民营 50 150人 实验室检测助理 应届毕业生 5 6千 上海 嘉定区 机械 电气 车辆工程 检测 新能源 测控 振动 检测报告 技术支持 能源动力工程 上海谦和泰技术有限公司 检测 认证民营50 150人 去聊聊 投递,,实验室 检测 助理 应届毕业生 机械 电气 车辆 工程 检测 新能源 测控 振动 检测 报告 技术支持 能源动力 工程 检测 认证 民营 实验室 检测 助理 应届毕业生 上海 嘉定区 机械 电气 车辆 工程 检测 新能源 测控 振动 检测 报告 技术支持 能源动力 工程 上海 谦和 技术 有限公司 检测 认证 民营 聊聊 投递
341,生产助理（设备工程师方向）,8千-1.2万,8000.0,12000.0,10000.0,False,上海,,上海兴长活性炭有限公司,化工,民营,50-150人,不限,未标明,,0,生产助理 设备工程师方向 化工 民营 50 150人 生产助理 设备工程师方向 8千 1.2万 上海 今日回复3次 上海兴长活性炭有限公司 化工民营50 150人 去聊聊 投递,,生产 助理 设备 工程师 方向 化工 民营 生产 助理 设备 工程师 方向 上海 今日 回复 上海 兴长 活性炭 有限公司 化工 民营 聊聊 投递
342,生产操作工,4.5-9千·13薪,4500.0,9000.0,6750.0,False,上海,金山区,中远关西涂料化工（上海）有限公司,化工,合资,500-1000人,不限,未标明,现场管理|化工|环保|5s|化工行业|机械自动化|化学工程|多劳多得|高温津贴|岗位津贴|节假日|假日福利,12,生产操作工 现场管理 化工 环保 5s 化工行业 机械自动化 化学工程 多劳多得 高温津贴 岗位津贴 节假日 假日福利 化工 合资 500 1000人 生产操作工 4.5 9千 13薪 上海 金山区 本周查看简历1次 现场管理 化工 环保 5s 化工行业 机械自动化 化学工程 多劳多得 高温津贴 岗位津贴 节假日 假日福利 中远关西涂料化工 上海 有限公司 化工合资500 1000人 去聊聊 投递,,生产 操作工 现场 管理 化工 环保 5s 化工行业 机械 自动化 化学工程 多劳多得 高温 津贴 岗位津贴 节假日 假日 化工 合资 生产 操作工 上海 金山区 本周 查看 简历 现场 管理 化工 环保 5s 化工行业 机械 自动化 化学工程 多劳多得 高温 津贴 岗位津贴 节假日 假日 中远 关西 涂料 化工 上海 有限公司 化工 合资 聊聊 投递
343,蒸镀工艺实验员,5-6千·13薪,5000.0,6000.0,5500.0,False,上海,嘉定区,上海盛剑科技股份有限公司,电子/半导体/集成电路,民营,1000-5000人,不限,未标明,计算机|sop|机械|电气|材料|镀膜|安全操作|工艺异常|样品制备|数据收集整理|带薪年假|专业培训|节日福利|绩效奖金|做五休二,15,蒸镀工艺实验员 计算机 sop 机械 电气 材料 镀膜 安全操作 工艺异常 样品制备 数据收集整理 带薪年假 专业培训 节日福利 绩效奖金 做五休二 电子 半导体 集成电路 民营 1000 5000人 蒸镀工艺实验员 5 6千 13薪 上海 嘉定区 计算机 sop 机械 电气 材料 镀膜 安全操作 工艺异常 样品制备 数据收集整理 带薪年假 专业培训 节日福利 绩效奖金 做五休二 上海盛剑科技股份有限公司 电子 半导体 集成电路民营1000 5000人 去聊聊 投递,,蒸镀 工艺 实验员 计算机 sop 机械 电气 材料 镀膜 安全 操作 工艺 异常 样品 制备 数据 收集整理 专业培训 节日 绩效奖金 做五休 电子 半导体 集成电路 民营 蒸镀 工艺 实验员 上海 嘉定区 计算机 sop 机械 电气 材料 镀膜 安全 操作 工艺 异常 样品 制备 数据 收集整理 专业培训 节日 绩效奖金 做五休 上海 盛剑 科技股份 有限公司 电子 半导体 集成电路 民营 聊聊 投递
344,工艺技术员,8千-1万·13薪,8000.0,10000.0,9000.0,False,上海,,上海森松化工成套装备有限公司,电子/半导体/集成电路,民营,50-150人,不限,未标明,测试|设备调试|工艺优化|数据收集|工艺开发|汇总分析|工艺测试|研发设备|配方设计|五险一金|年终奖金|绩效奖金|专业培训|带薪年假|免费班车|通讯补贴|周末双休|包吃,18,工艺技术员 测试 设备调试 工艺优化 数据收集 工艺开发 汇总分析 工艺测试 研发设备 配方设计 五险一金 年终奖金 绩效奖金 专业培训 带薪年假 免费班车 通讯补贴 周末双休 包吃 电子 半导体 集成电路 民营 50 150人 工艺技术员 8千 1万 13薪 上海 测试 设备调试 工艺优化 数据收集 工艺开发 汇总分析 工艺测试 研发设备 配方设计 五险一金 年终奖金 绩效奖金 专业培训 带薪年假 免费班车 通讯补贴 周末双休 包吃 上海森松化工成套装备有限公司 电子 半导体 集成电路民营50 150人 去聊聊 投递,,工艺 技术员 测试 设备 调试 工艺 优化 数据 收集 工艺 开发 汇总 分析 工艺 测试 研发 设备 配方 设计 一金 年终奖金 绩效奖金 专业培训 免费 班车 通讯 补贴 周末 双休 包吃 电子 半导体 集成电路 民营 工艺 技术员 上海 测试 设备 调试 工艺 优化 数据 收集 工艺 开发 汇总 分析 工艺 测试 研发 设备 配方 设计 一金 年终奖金 绩效奖金 专业培训 免费 班车 通讯 补贴 周末 双休 包吃 上海 森松 化工 成套 装备 有限公司 电子 半导体 集成电路 民营 聊聊 投递
345,生产操作工,5.5千-1万·13薪,5500.0,10000.0,7750.0,False,上海,,上海励楷科技有限公司,医疗设备/器械,合资,150-500人,不限,未标明,五险一金|补充医疗保险|餐饮补贴|定期体检,4,生产操作工 五险一金 补充医疗保险 餐饮补贴 定期体检 医疗设备 器械 合资 150 500人 生产操作工 5.5千 1万 13薪 上海 本周查看简历1次 五险一金 补充医疗保险 餐饮补贴 定期体检 上海励楷科技有限公司 医疗设备 器械合资150 500人 去聊聊 投递,,生产 操作工 一金 补充 医疗保险 餐饮 补贴 定期 体检 医疗 设备 器械 合资 生产 操作工 上海 本周 查看 简历 一金 补充 医疗保险 餐饮 补贴 定期 体检 上海 励楷 科技 有限公司 医疗 设备 器械 合资 聊聊 投递
346,检验员,6.5-7千,6500.0,7000.0,6750.0,False,上海,浦东新区,上海贝思特管业有限公司,原材料和加工丨其他行业,民营,50-150人,不限,未标明,带薪年假|五险一金|节日福利|高温补贴|定期体检|专业培训|绩效奖金,7,检验员 带薪年假 五险一金 节日福利 高温补贴 定期体检 专业培训 绩效奖金 原材料和加工丨其他行业 民营 50 150人 检验员 6.5 7千 上海 浦东新区 本周查看简历1次 带薪年假 五险一金 节日福利 高温补贴 定期体检 专业培训 绩效奖金 上海贝思特管业有限公司 原材料和加工丨其他行业民营50 150人 去聊聊 投递,,检验员 一金 节日 高温 补贴 定期 体检 专业培训 绩效奖金 原材料 加工 其他 行业 民营 检验员 上海 浦东新区 本周 查看 简历 一金 节日 高温 补贴 定期 体检 专业培训 绩效奖金 上海 贝思特 管业 有限公司 原材料 加工 其他 行业 民营 聊聊 投递
347,刻蚀助理工程师(J10051),7千-1万·16薪,7000.0,10000.0,8500.0,False,上海,嘉定区,上海新微技术研发中心有限公司,电子/半导体/集成电路,国企,150-500人,不限,未标明,培训|五险一金|补充公积金|补充医疗保险|交通补贴|餐饮补贴|绩效奖金|定期体检|弹性工作,9,刻蚀助理工程师 J10051 培训 五险一金 补充公积金 补充医疗保险 交通补贴 餐饮补贴 绩效奖金 定期体检 弹性工作 电子 半导体 集成电路 国企 150 500人 刻蚀助理工程师 J10051 7千 1万 16薪 上海 嘉定区 今日处理简历3次 培训 五险一金 补充公积金 补充医疗保险 交通补贴 餐饮补贴 绩效奖金 定期体检 弹性工作 上海新微技术研发中心有限公司 电子 半导体 集成电路国企150 500人 去聊聊 投递,,刻蚀 助理工程师 J10051 培训 一金 补充 公积金 补充 医疗保险 交通 补贴 餐饮 补贴 绩效奖金 定期 体检 弹性 电子 半导体 集成电路 国企 刻蚀 助理工程师 J10051 上海 嘉定区 今日 处理 简历 培训 一金 补充 公积金 补充 医疗保险 交通 补贴 餐饮 补贴 绩效奖金 定期 体检 弹性 上海 新微 技术 研发 中心 有限公司 电子 半导体 集成电路 国企 聊聊 投递
348,生产副操,6.5千-1万·14薪,6500.0,10000.0,8250.0,False,上海,闵行区,孚远新材料（上海）有限公司,化工丨原材料和加工,民营,少于50人,不限,未标明,五险一金|年终奖金|专业培训|定期体检|绩效奖金|有五险|节假日|体检,8,生产副操 五险一金 年终奖金 专业培训 定期体检 绩效奖金 有五险 节假日 体检 化工丨原材料和加工 民营 少于50人 生产副操 6.5千 1万 14薪 上海 闵行区 本周处理简历2次 五险一金 年终奖金 专业培训 定期体检 绩效奖金 有五险 节假日 体检 孚远新材料 上海 有限公司 化工丨原材料和加工民营少于50人 去聊聊 投递,,生产 一金 年终奖金 专业培训 定期 体检 绩效奖金 有五险 节假日 体检 化工 原材料 加工 民营 少于 生产 上海 闵行区 本周 处理 简历 一金 年终奖金 专业培训 定期 体检 绩效奖金 有五险 节假日 体检 材料 上海 有限公司 化工 原材料 加工 民营 少于 聊聊 投递
349,薄膜助理工程师(J10053),7千-1万·16薪,7000.0,10000.0,8500.0,False,上海,嘉定区,上海新微技术研发中心有限公司,电子/半导体/集成电路,国企,150-500人,不限,未标明,薄膜|培训|五险一金|补充公积金|补充医疗保险|交通补贴|餐饮补贴|绩效奖金|定期体检|弹性工作,10,薄膜助理工程师 J10053 薄膜 培训 五险一金 补充公积金 补充医疗保险 交通补贴 餐饮补贴 绩效奖金 定期体检 弹性工作 电子 半导体 集成电路 国企 150 500人 薄膜助理工程师 J10053 7千 1万 16薪 上海 嘉定区 薄膜 培训 五险一金 补充公积金 补充医疗保险 交通补贴 餐饮补贴 绩效奖金 定期体检 弹性工作 上海新微技术研发中心有限公司 电子 半导体 集成电路国企150 500人 去聊聊 投递,,薄膜 助理工程师 J10053 薄膜 培训 一金 补充 公积金 补充 医疗保险 交通 补贴 餐饮 补贴 绩效奖金 定期 体检 弹性 电子 半导体 集成电路 国企 薄膜 助理工程师 J10053 上海 嘉定区 薄膜 培训 一金 补充 公积金 补充 医疗保险 交通 补贴 餐饮 补贴 绩效奖金 定期 体检 弹性 上海 新微 技术 研发 中心 有限公司 电子 半导体 集成电路 国企 聊聊 投递
350,生产技术员,1-1.4万·13薪,1000.0,14000.0,7500.0,False,上海,奉贤区,上海臻臣化妆品有限公司,日化/化妆品,民营,1000-5000人,不限,未标明,年终奖金|绩效奖金|五险一金|包吃|领导好|发展火箭速|自助餐|刷脸吃饭|生日蛋糕|团队氛围好,10,生产技术员 年终奖金 绩效奖金 五险一金 包吃 领导好 发展火箭速 自助餐 刷脸吃饭 生日蛋糕 团队氛围好 日化 化妆品 民营 1000 5000人 生产技术员 1 1.4万 13薪 上海 奉贤区 本周查看简历1次 年终奖金 绩效奖金 五险一金 包吃 领导好 发展火箭速 自助餐 刷脸吃饭 生日蛋糕 团队氛围好 上海臻臣化妆品有限公司 日化 化妆品民营1000 5000人 去聊聊 投递,,生产 技术员 年终奖金 绩效奖金 一金 包吃 领导 发展 火箭 自助餐 吃饭 生日蛋糕 团队 氛围 日化 化妆品 民营 生产 技术员 上海 奉贤区 本周 查看 简历 年终奖金 绩效奖金 一金 包吃 领导 发展 火箭 自助餐 吃饭 生日蛋糕 团队 氛围 上海 化妆品 有限公司 日化 化妆品 民营 聊聊 投递
351,生产技术员,9千-1万·13薪,9000.0,10000.0,9500.0,False,上海,闵行区,不凡帝范梅勒糖果（中国）有限公司,食品/饮料/粮油,未标明,1000-5000人,不限,未标明,维修保养|kpi|生产流程|点检|工艺控制|产品质量检查|处理机器故障|产线技术|运行|问题分析|五险一金|年终奖金|带薪年假|补充医疗保险|年底奖金|免费工作餐|带薪病假,17,生产技术员 维修保养 kpi 生产流程 点检 工艺控制 产品质量检查 处理机器故障 产线技术 运行 问题分析 五险一金 年终奖金 带薪年假 补充医疗保险 年底奖金 免费工作餐 带薪病假 食品 饮料 粮油 外资 欧美 1000 5000人 生产技术员 9千 1万 13薪 上海 闵行区 维修保养 kpi 生产流程 点检 工艺控制 产品质量检查 处理机器故障 产线技术 运行 问题分析 五险一金 年终奖金 带薪年假 补充医疗保险 年底奖金 免费工作餐 带薪病假 不凡帝范梅勒糖果 中国 有限公司 食品 饮料 粮油外资 欧美 1000 5000人 去聊聊 投递,,生产 技术员 维修保养 kpi 生产流程 点检 工艺 控制 产品质量 检查 处理 机器 故障 产线 技术 运行 问题 分析 一金 年终奖金 补充 医疗保险 年底 奖金 免费 工作餐 病假 食品 饮料 粮油 外资 欧美 生产 技术员 上海 闵行区 维修保养 kpi 生产流程 点检 工艺 控制 产品质量 检查 处理 机器 故障 产线 技术 运行 问题 分析 一金 年终奖金 补充 医疗保险 年底 奖金 免费 工作餐 病假 不凡 帝范梅勒 糖果 中国 有限公司 食品 饮料 粮油 外资 欧美 聊聊 投递
352,实验室助理（需要轮夜班）,6-7千,6000.0,7000.0,6500.0,False,上海,浦东新区,南京泛铨电子科技有限公司上海市分公司,电子/半导体/集成电路,民营,50-150人,不限,未标明,失效分析|fib|tem|旅游|五险一金|带薪年假|年终奖金|绩效奖金|员工旅游|做二休二,10,实验室助理 需要轮夜班 失效分析 fib tem 旅游 五险一金 带薪年假 年终奖金 绩效奖金 员工旅游 做二休二 电子 半导体 集成电路 民营 50 150人 实验室助理 需要轮夜班 6 7千 上海 浦东新区 今日查看简历4次 失效分析 fib tem 旅游 五险一金 带薪年假 年终奖金 绩效奖金 员工旅游 做二休二 南京泛铨电子科技有限公司上海市分公司 电子 半导体 集成电路民营50 150人 去聊聊 投递,,实验室 助理 需要 夜班 失效 分析 fib tem 旅游 一金 年终奖金 绩效奖金 员工 旅游 做二休 电子 半导体 集成电路 民营 实验室 助理 需要 夜班 上海 浦东新区 今日 查看 简历 失效 分析 fib tem 旅游 一金 年终奖金 绩效奖金 员工 旅游 做二休 南京 泛铨 电子科技 有限公司 上海市 分公司 电子 半导体 集成电路 民营 聊聊 投递
353,工艺工程师 / 工艺工程师助理,4-6千,4000.0,6000.0,5000.0,False,上海,浦东新区,上海佩尼医疗科技发展有限公司,医疗设备/器械,合资,50-150人,不限,未标明,机械制造|生产工艺|新产品导入|生产工艺流程|工艺改进|产品质量|化学工程|工艺标准|材料工程|生产现场|五险一金|绩效奖金|定期体检|带薪年假|节日福利|周末双休|培训,17,工艺工程师 工艺工程师助理 机械制造 生产工艺 新产品导入 生产工艺流程 工艺改进 产品质量 化学工程 工艺标准 材料工程 生产现场 五险一金 绩效奖金 定期体检 带薪年假 节日福利 周末双休 培训 医疗设备 器械 合资 50 150人 工艺工程师 工艺工程师助理 4 6千 上海 浦东新区 机械制造 生产工艺 新产品导入 生产工艺流程 工艺改进 产品质量 化学工程 工艺标准 材料工程 生产现场 五险一金 绩效奖金 定期体检 带薪年假 节日福利 周末双休 培训 上海佩尼医疗科技发展有限公司 医疗设备 器械合资50 150人 去聊聊 投递,,工艺 工程师 工艺 工程师 助理 机械制造 生产工艺 产品 导入 生产 工艺流程 工艺 改进 产品质量 化学工程 工艺 标准 材料 工程 生产 现场 一金 绩效奖金 定期 体检 节日 周末 双休 培训 医疗 设备 器械 合资 工艺 工程师 工艺 工程师 助理 上海 浦东新区 机械制造 生产工艺 产品 导入 生产 工艺流程 工艺 改进 产品质量 化学工程 工艺 标准 材料 工程 生产 现场 一金 绩效奖金 定期 体检 节日 周末 双休 培训 上海 佩尼 医疗 科技 发展 有限公司 医疗 设备 器械 合资 聊聊 投递
354,cmp onsite-助理技服工程师(J10044),6-8千·14薪,6000.0,8000.0,7000.0,False,上海,松江区,上海新阳半导体材料股份有限公司,化工丨电子/半导体/集成电路,民营,500-1000人,不限,未标明,半导体|化工|材料|半导体工厂|prs|mstr|str|五险一金|年终奖金|定期体检|绩效奖金|专业培训|员工旅游|餐饮补贴|带薪年假|股票期权|节假日,17,cmp onsite 助理技服工程师 J10044 半导体 化工 材料 半导体工厂 prs mstr str 五险一金 年终奖金 定期体检 绩效奖金 专业培训 员工旅游 餐饮补贴 带薪年假 股票期权 节假日 化工丨电子 半导体 集成电路 民营 500 1000人 cmp onsite 助理技服工程师 J10044 6 8千 14薪 上海 松江区 本周处理简历1次 半导体 化工 材料 半导体工厂 prs mstr str 五险一金 年终奖金 定期体检 绩效奖金 专业培训 员工旅游 餐饮补贴 带薪年假 股票期权 节假日 上海新阳半导体材料股份有限公司 化工丨电子 半导体 集成电路民营500 1000人 去聊聊 投递,,cmp onsite 助理 技服 工程师 J10044 半导体 化工 材料 半导体 工厂 prs mstr str 一金 年终奖金 定期 体检 绩效奖金 专业培训 员工 旅游 餐饮 补贴 股票 期权 节假日 化工 电子 半导体 集成电路 民营 cmp onsite 助理 技服 工程师 J10044 上海 松江区 本周 处理 简历 半导体 化工 材料 半导体 工厂 prs mstr str 一金 年终奖金 定期 体检 绩效奖金 专业培训 员工 旅游 餐饮 补贴 股票 期权 节假日 上海 新阳 半导体 材料 股份 有限公司 化工 电子 半导体 集成电路 民营 聊聊 投递
355,化工装置操作工 （外包岗位）,8-8.5千,8000.0,8500.0,8250.0,False,上海,青浦区,蒂森克虏伯新纪元氯工程技术（上海）有限公司,石油/石化丨化工丨新能源,未标明,50-150人,不限,未标明,,0,化工装置操作工 外包岗位 石油 石化丨化工丨新能源 外资 欧美 50 150人 化工装置操作工 外包岗位 8 8.5千 上海 青浦区 在线 蒂森克虏伯新纪元氯工程技术 上海 有限公司 石油 石化丨化工丨新能源外资 欧美 50 150人 去聊聊 投递,,化工 装置 操作工 石油 石化 化工 新能源 外资 欧美 化工 装置 操作工 上海 青浦区 在线 蒂森 克虏伯 新纪元 工程技术 上海 有限公司 石油 石化 化工 新能源 外资 欧美 聊聊 投递
356,DCS操作员-上海金山(V2124),8-9千,8000.0,9000.0,8500.0,False,上海,金山区,上海抚佳精细化工有限公司,石油/化工/矿产/地质,民营,150-500人,不限,未标明,英语|安全生产|安全|安全教育|安全操作|四级|生产过程控制|现场整洁|安全规定|dcs|五险一金|定期体检|绩效奖金|带薪年假|技能培训|全职|节日福利|高温补贴|免费工作餐,19,DCS操作员 上海金山 V2124 英语 安全生产 安全 安全教育 安全操作 四级 生产过程控制 现场整洁 安全规定 dcs 五险一金 定期体检 绩效奖金 带薪年假 技能培训 全职 节日福利 高温补贴 免费工作餐 石油 化工 矿产 地质 民营 150 500人 DCS操作员 上海金山 V2124 8 9千 上海 金山区 英语 安全生产 安全 安全教育 安全操作 四级 生产过程控制 现场整洁 安全规定 dcs 五险一金 定期体检 绩效奖金 带薪年假 技能培训 全职 节日福利 高温补贴 免费工作餐 上海抚佳精细化工有限公司 石油 化工 矿产 地质民营150 500人 去聊聊 投递,,DCS 操作员 上海 金山 V2124 英语 安全 生产 安全 安全 教育 安全 操作 四级 生产 过程 控制 现场 整洁 安全 规定 dcs 一金 定期 体检 绩效奖金 技能 培训 全职 节日 高温 补贴 免费 工作餐 石油 化工 矿产 地质 民营 DCS 操作员 上海 金山 V2124 上海 金山区 英语 安全 生产 安全 安全 教育 安全 操作 四级 生产 过程 控制 现场 整洁 安全 规定 dcs 一金 定期 体检 绩效奖金 技能 培训 全职 节日 高温 补贴 免费 工作餐 上海 抚佳 精细化工 有限公司 石油 化工 矿产 地质 民营 聊聊 投递
357,中试线操作工,8.5-9千,8500.0,9000.0,8750.0,False,上海,奉贤区,冉聚（上海）高新材料有限公司,化工,民营,50-150人,不限,未标明,中试研发实验|新能源,2,中试线操作工 中试研发实验 新能源 化工 民营 50 150人 中试线操作工 8.5 9千 上海 奉贤区 本周查看简历6次 中试研发实验 新能源 冉聚 上海 高新材料有限公司 化工民营50 150人 去聊聊 投递,,中试 操作工 中试 研发 实验 新能源 化工 民营 中试 操作工 上海 奉贤区 本周 查看 简历 中试 研发 实验 新能源 冉聚 上海 高新 材料 有限公司 化工 民营 聊聊 投递
358,非标系统实习生,200元/天,200.0,200.0,4350.0,True,上海,徐汇区,上海航天动力科技工程有限公司,船舶/航空/航天,国企,500-1000人,不限,未标明,机械|word|编程|c#|控制|3d|3d模型|流体|三维造型|软件代码,10,非标系统实习生 机械 word 编程 c# 控制 3d 3d模型 流体 三维造型 软件代码 船舶 航空 航天 国企 500 1000人 非标系统实习生 200元 天 上海 徐汇区 机械 word 编程 c# 控制 3d 3d模型 流体 三维造型 软件代码 上海航天动力科技工程有限公司 船舶 航空 航天国企500 1000人 去聊聊 投递,,非标 系统 实习生 机械 word 编程 c# 控制 3d 3d 模型 流体 三维 造型 软件 代码 船舶 航空 航天 国企 非标 系统 实习生 上海 徐汇区 机械 word 编程 c# 控制 3d 3d 模型 流体 三维 造型 软件 代码 上海 航天 动力 科技 工程 有限公司 船舶 航空 航天 国企 聊聊 投递
359,技术支持工程师（上海）,6-8千·13薪,6000.0,8000.0,7000.0,False,上海,宝山区,上海牧非科技有限公司,仪器仪表/工业自动化,民营,少于50人,不限,未标明,培训|调试|plc|维护|工业机器人|技术支持服务|五险一金|年终奖金|带薪年假|周末双休|培训|出差补贴|定期体检|定期团建,14,技术支持工程师 上海 培训 调试 plc 维护 工业机器人 技术支持服务 五险一金 年终奖金 带薪年假 周末双休 培训 出差补贴 定期体检 定期团建 仪器仪表 工业自动化 民营 少于50人 技术支持工程师 上海 6 8千 13薪 上海 宝山区 培训 调试 plc 维护 工业机器人 技术支持服务 五险一金 年终奖金 带薪年假 周末双休 培训 出差补贴 定期体检 定期团建 上海牧非科技有限公司 仪器仪表 工业自动化民营少于50人 去聊聊 投递,,技术支持 工程师 上海 培训 调试 plc 维护 工业 机器人 技术支持 服务 一金 年终奖金 周末 双休 培训 出差 补贴 定期 体检 定期 团建 仪器仪表 工业 自动化 民营 少于 技术支持 工程师 上海 上海 宝山区 培训 调试 plc 维护 工业 机器人 技术支持 服务 一金 年终奖金 周末 双休 培训 出差 补贴 定期 体检 定期 团建 上海 牧非 科技 有限公司 仪器仪表 工业 自动化 民营 少于 聊聊 投递
360,机器人运维工程师,8千-1.2万,8000.0,12000.0,10000.0,False,上海,闵行区,上海哲谦应用科技有限公司,人工智能丨通信/网络设备丨计算机软件,创业公司,少于50人,不限,未标明,调试|功能测试|运维|安装|安全检查|兼容性测试|系统优化|日常维护|数据安全|版本升级,10,机器人运维工程师 调试 功能测试 运维 安装 安全检查 兼容性测试 系统优化 日常维护 数据安全 版本升级 人工智能丨通信 网络设备丨计算机软件 创业公司 少于50人 机器人运维工程师 8千 1.2万 上海 闵行区 本周查看简历2次 调试 功能测试 运维 安装 安全检查 兼容性测试 系统优化 日常维护 数据安全 版本升级 上海哲谦应用科技有限公司 人工智能丨通信 网络设备丨计算机软件创业公司少于50人 去聊聊 投递,,机器人 运维 工程师 调试 功能测试 运维 安装 安全检查 兼容性 测试 系统优化 日常 维护 数据安全 版本升级 人工智能 通信 网络设备 计算机软件 创业 少于 机器人 运维 工程师 上海 闵行区 本周 查看 简历 调试 功能测试 运维 安装 安全检查 兼容性 测试 系统优化 日常 维护 数据安全 版本升级 上海 哲谦 应用 科技 有限公司 人工智能 通信 网络设备 计算机软件 创业 少于 聊聊 投递
361,运维岗/应用工程师,8千-1.2万,8000.0,12000.0,10000.0,False,上海,闵行区,上海哲谦应用科技有限公司,人工智能丨通信/网络设备丨计算机软件,创业公司,少于50人,不限,未标明,测试|调试|维护|仿真验证|设计文档|opencv|技术报告|图像识别|ros|机械臂,10,运维岗 应用工程师 测试 调试 维护 仿真验证 设计文档 opencv 技术报告 图像识别 ros 机械臂 人工智能丨通信 网络设备丨计算机软件 创业公司 少于50人 运维岗 应用工程师 8千 1.2万 上海 闵行区 测试 调试 维护 仿真验证 设计文档 opencv 技术报告 图像识别 ros 机械臂 上海哲谦应用科技有限公司 人工智能丨通信 网络设备丨计算机软件创业公司少于50人 去聊聊 投递,,运维 应用 工程师 测试 调试 维护 仿真 验证 设计 文档 opencv 技术 报告 图像识别 ros 机械 人工智能 通信 网络设备 计算机软件 创业 少于 运维 应用 工程师 上海 闵行区 测试 调试 维护 仿真 验证 设计 文档 opencv 技术 报告 图像识别 ros 机械 上海 哲谦 应用 科技 有限公司 人工智能 通信 网络设备 计算机软件 创业 少于 聊聊 投递
362,自动化应届生,5-7千,5000.0,7000.0,6000.0,False,上海,松江区,苏州奥特兰恩自动化设备有限公司成都分公司,电子/半导体/集成电路,民营,50-150人,不限,无经验友好,调试|自动化|plc|半导体|电子信息|电路分析|三菱|量产|西门子|验收测试,10,自动化应届生 调试 自动化 plc 半导体 电子信息 电路分析 三菱 量产 西门子 验收测试 电子 半导体 集成电路 民营 50 150人 自动化应届生 5 7千 上海 松江区 调试 自动化 plc 半导体 电子信息 电路分析 三菱 量产 西门子 验收测试 苏州奥特兰恩自动化设备有限公司成都分公司 电子 半导体 集成电路民营50 150人 去聊聊 投递,,自动化 应届生 调试 自动化 plc 半导体 电子信息 电路 分析 三菱 量产 西门子 验收 测试 电子 半导体 集成电路 民营 自动化 应届生 上海 松江区 调试 自动化 plc 半导体 电子信息 电路 分析 三菱 量产 西门子 验收 测试 苏州 奥特 兰恩 自动化 设备 有限公司 成都 分公司 电子 半导体 集成电路 民营 聊聊 投递
363,技术支持工程师,6千-1.2万·13薪,6000.0,12000.0,9000.0,False,上海,长宁区,铠博（上海）贸易有限公司,计算机服务(系统、数据服务、维修),未标明,少于50人,不限,未标明,技术支持|售后|工程师|维修|售后工程师|售后服务|售前|销售|五险一金|员工旅游|绩效奖金|年终奖金|出国机会|周末双休,14,技术支持工程师 技术支持 售后 工程师 维修 售后工程师 售后服务 售前 销售 五险一金 员工旅游 绩效奖金 年终奖金 出国机会 周末双休 计算机服务 系统 数据服务 维修 外资 欧美 少于50人 技术支持工程师 6千 1.2万 13薪 上海 长宁区 技术支持 售后 工程师 维修 售后工程师 售后服务 售前 销售 五险一金 员工旅游 绩效奖金 年终奖金 出国机会 周末双休 铠博 上海 贸易有限公司 计算机服务 系统 数据服务 维修 外资 欧美 少于50人 去聊聊 投递,,技术支持 工程师 技术支持 售后 工程师 维修 售后 工程师 售后服务 售前 销售 一金 员工 旅游 绩效奖金 年终奖金 出国 机会 周末 双休 计算机服务 系统 数据服务 维修 外资 欧美 少于 技术支持 工程师 上海 长宁区 技术支持 售后 工程师 维修 售后 工程师 售后服务 售前 销售 一金 员工 旅游 绩效奖金 年终奖金 出国 机会 周末 双休 铠博 上海 贸易 有限公司 计算机服务 系统 数据服务 维修 外资 欧美 少于 聊聊 投递
364,实习生（应届毕业生）,3-6千,3000.0,6000.0,4500.0,False,上海,松江区,上海坤链连接器有限公司,电子/半导体/集成电路,民营,50-150人,不限,无经验友好,节日福利|做五休二|提供住宿|各类补贴|午餐|五险一金|带薪年假|带薪病假|员工旅游|年终奖金|项目奖金|专业培训|定期体检|零食下午茶|免费工作餐,15,实习生 应届毕业生 节日福利 做五休二 提供住宿 各类补贴 午餐 五险一金 带薪年假 带薪病假 员工旅游 年终奖金 项目奖金 专业培训 定期体检 零食下午茶 免费工作餐 电子 半导体 集成电路 民营 50 150人 实习生 应届毕业生 3 6千 上海 松江区 在线 节日福利 做五休二 提供住宿 各类补贴 午餐 五险一金 带薪年假 带薪病假 员工旅游 年终奖金 项目奖金 专业培训 定期体检 零食下午茶 免费工作餐 上海坤链连接器有限公司 电子 半导体 集成电路民营50 150人 去聊聊 投递,,实习生 应届毕业生 节日 做五休 住宿 各类 补贴 午餐 一金 病假 员工 旅游 年终奖金 项目 奖金 专业培训 定期 体检 零食 下午茶 免费 工作餐 电子 半导体 集成电路 民营 实习生 应届毕业生 上海 松江区 在线 节日 做五休 住宿 各类 补贴 午餐 一金 病假 员工 旅游 年终奖金 项目 奖金 专业培训 定期 体检 零食 下午茶 免费 工作餐 上海 连接器 有限公司 电子 半导体 集成电路 民营 聊聊 投递
365,项目应用支持工程师（可应届生）,6千-1.2万,6000.0,12000.0,9000.0,False,上海,浦东新区,上海美创力罗特维尔电子机械科技有限公司,机械/设备/重工,合资,150-500人,不限,无经验友好,java|mysql|oracle|数据库|电子|英语|sqlserver|自动化|c++|c#,10,项目应用支持工程师 可应届生 java mysql oracle 数据库 电子 英语 sqlserver 自动化 c++ c# 机械 设备 重工 合资 150 500人 项目应用支持工程师 可应届生 6千 1.2万 上海 浦东新区 java mysql oracle 数据库 电子 英语 sqlserver 自动化 c++ c# 上海美创力罗特维尔电子机械科技有限公司 机械 设备 重工合资150 500人 去聊聊 投递,,项目 应用 支持 工程师 应届生 java mysql oracle 数据库 电子 英语 sqlserver 自动化 c++ c# 机械 设备 重工 合资 项目 应用 支持 工程师 应届生 上海 浦东新区 java mysql oracle 数据库 电子 英语 sqlserver 自动化 c++ c# 上海 美创力 特维尔 电子机械 科技 有限公司 机械 设备 重工 合资 聊聊 投递
366,（大飞机）软件工程师（应届）,8千-1万·15薪,8000.0,10000.0,9000.0,False,上海,浦东新区,上海柏飞电子科技有限公司,电子/半导体/集成电路,未标明,150-500人,不限,无经验友好,调试|运维|软件工程|用户培训|编程语言|电子信息工程|部署|优化|软件应用|软件部署|五险一金|交通补贴|餐饮补贴|绩效奖金|年终奖金|定期体检|培训|补充医疗保险|带薪年假|专业培训|有餐补|租房补贴,22,大飞机 软件工程师 应届 调试 运维 软件工程 用户培训 编程语言 电子信息工程 部署 优化 软件应用 软件部署 五险一金 交通补贴 餐饮补贴 绩效奖金 年终奖金 定期体检 培训 补充医疗保险 带薪年假 专业培训 有餐补 租房补贴 电子 半导体 集成电路 已上市 150 500人 大飞机 软件工程师 应届 8千 1万 15薪 上海 浦东新区 调试 运维 软件工程 用户培训 编程语言 电子信息工程 部署 优化 软件应用 软件部署 五险一金 交通补贴 餐饮补贴 绩效奖金 年终奖金 定期体检 培训 补充医疗保险 带薪年假 专业培训 有餐补 租房补贴 上海柏飞电子科技有限公司 电子 半导体 集成电路已上市150 500人 去聊聊 投递,,飞机 软件 工程师 应届 调试 运维 软件工程 用户 培训 编程语言 电子 信息工程 部署 优化 软件应用 软件 部署 一金 交通 补贴 餐饮 补贴 绩效奖金 年终奖金 定期 体检 培训 补充 医疗保险 专业培训 有餐 租房 补贴 电子 半导体 集成电路 上市 飞机 软件 工程师 应届 上海 浦东新区 调试 运维 软件工程 用户 培训 编程语言 电子 信息工程 部署 优化 软件应用 软件 部署 一金 交通 补贴 餐饮 补贴 绩效奖金 年终奖金 定期 体检 培训 补充 医疗保险 专业培训 有餐 租房 补贴 上海 柏飞 电子科技 有限公司 电子 半导体 集成电路 上市 聊聊 投递
367,（民机）系统工程师（应届）,8千-1万·15薪,8000.0,10000.0,9000.0,False,上海,浦东新区,上海柏飞电子科技有限公司,电子/半导体/集成电路,未标明,150-500人,不限,无经验友好,调试|方案设计|运维|软件工程|用户培训|电子信息工程|系统部署|优化|系统工程|文档整理|培训|五险一金|补充医疗保险|带薪年假|年终奖金|专业培训|定期体检|租房补贴,18,民机 系统工程师 应届 调试 方案设计 运维 软件工程 用户培训 电子信息工程 系统部署 优化 系统工程 文档整理 培训 五险一金 补充医疗保险 带薪年假 年终奖金 专业培训 定期体检 租房补贴 电子 半导体 集成电路 已上市 150 500人 民机 系统工程师 应届 8千 1万 15薪 上海 浦东新区 本周处理简历65次 调试 方案设计 运维 软件工程 用户培训 电子信息工程 系统部署 优化 系统工程 文档整理 培训 五险一金 补充医疗保险 带薪年假 年终奖金 专业培训 定期体检 租房补贴 上海柏飞电子科技有限公司 电子 半导体 集成电路已上市150 500人 去聊聊 投递,,民机 系统 工程师 应届 调试 方案设计 运维 软件工程 用户 培训 电子 信息工程 系统 部署 优化 系统工程 文档 整理 培训 一金 补充 医疗保险 年终奖金 专业培训 定期 体检 租房 补贴 电子 半导体 集成电路 上市 民机 系统 工程师 应届 上海 浦东新区 本周 处理 简历 调试 方案设计 运维 软件工程 用户 培训 电子 信息工程 系统 部署 优化 系统工程 文档 整理 培训 一金 补充 医疗保险 年终奖金 专业培训 定期 体检 租房 补贴 上海 柏飞 电子科技 有限公司 电子 半导体 集成电路 上市 聊聊 投递
368,fae技术支持工程师,7-9千,7000.0,9000.0,8000.0,False,上海,奉贤区,上海盛耐科技有限公司,电子/半导体/集成电路,民营,50-150人,不限,未标明,售后支持|五险一金|周末双休|定期团建|年终奖金|零食下午茶|员工旅游,7,fae技术支持工程师 售后支持 五险一金 周末双休 定期团建 年终奖金 零食下午茶 员工旅游 电子 半导体 集成电路 民营 50 150人 fae技术支持工程师 7 9千 上海 奉贤区 本周查看简历2次 售后支持 五险一金 周末双休 定期团建 年终奖金 零食下午茶 员工旅游 上海盛耐科技有限公司 电子 半导体 集成电路民营50 150人 去聊聊 投递,,fae 技术支持 工程师 售后 支持 一金 周末 双休 定期 团建 年终奖金 零食 下午茶 员工 旅游 电子 半导体 集成电路 民营 fae 技术支持 工程师 上海 奉贤区 本周 查看 简历 售后 支持 一金 周末 双休 定期 团建 年终奖金 零食 下午茶 员工 旅游 上海 盛耐 科技 有限公司 电子 半导体 集成电路 民营 聊聊 投递
369,技术工程师（成都）,5-9千·13薪,5000.0,9000.0,7000.0,False,上海,,成都交大光芒科技股份有限公司,计算机软件,国企,150-500人,不限,未标明,培训|计算机|java|数据库|spring|springboot|mybatis|redis|调试|springcloud|五险一金|补充医疗保险|交通补贴|餐饮补贴|培训|带薪年假|年终奖金,17,技术工程师 成都 培训 计算机 java 数据库 spring springboot mybatis redis 调试 springcloud 五险一金 补充医疗保险 交通补贴 餐饮补贴 培训 带薪年假 年终奖金 计算机软件 国企 150 500人 技术工程师 成都 5 9千 13薪 上海 培训 计算机 java 数据库 spring springboot mybatis redis 调试 springcloud 五险一金 补充医疗保险 交通补贴 餐饮补贴 培训 带薪年假 年终奖金 成都交大光芒科技股份有限公司 计算机软件国企150 500人 去聊聊 投递,,技术 工程师 成都 培训 计算机 java 数据库 spring springboot mybatis redis 调试 springcloud 一金 补充 医疗保险 交通 补贴 餐饮 补贴 培训 年终奖金 计算机软件 国企 技术 工程师 成都 上海 培训 计算机 java 数据库 spring springboot mybatis redis 调试 springcloud 一金 补充 医疗保险 交通 补贴 餐饮 补贴 培训 年终奖金 成都 交大 光芒 科技股份 有限公司 计算机软件 国企 聊聊 投递
370,技术支持工程师,6-8千,6000.0,8000.0,7000.0,False,上海,松江区,上海圣界电子科技有限公司,仪器仪表/工业自动化,民营,50-150人,不限,未标明,技术|工程师|机电|计算机|五险一金|员工旅游|餐饮补贴,7,技术支持工程师 技术 工程师 机电 计算机 五险一金 员工旅游 餐饮补贴 仪器仪表 工业自动化 民营 50 150人 技术支持工程师 6 8千 上海 松江区 今日回复6次 技术 工程师 机电 计算机 五险一金 员工旅游 餐饮补贴 上海圣界电子科技有限公司 仪器仪表 工业自动化民营50 150人 去聊聊 投递,,技术支持 工程师 技术 工程师 机电 计算机 一金 员工 旅游 餐饮 补贴 仪器仪表 工业 自动化 民营 技术支持 工程师 上海 松江区 今日 回复 技术 工程师 机电 计算机 一金 员工 旅游 餐饮 补贴 上海 圣界 电子科技 有限公司 仪器仪表 工业 自动化 民营 聊聊 投递
371,Helpdesk技术支持客服（实习岗）,3.7-4.5千,3700.0,4500.0,4100.0,False,上海,浦东新区,英达特信息技术（上海）有限公司,计算机服务(系统、数据服务、维修),未标明,50-150人,不限,未标明,计算机网络|英语4级|呼叫中心客服|五险一金|定期体检|带薪年假|工作稳定|入职培训,8,Helpdesk技术支持客服 实习岗 计算机网络 英语4级 呼叫中心客服 五险一金 定期体检 带薪年假 工作稳定 入职培训 计算机服务 系统 数据服务 维修 外资 欧美 50 150人 Helpdesk技术支持客服 实习岗 3.7 4.5千 上海 浦东新区 本周操作面试1次 计算机网络 英语4级 呼叫中心客服 五险一金 定期体检 带薪年假 工作稳定 入职培训 英达特信息技术 上海 有限公司 计算机服务 系统 数据服务 维修 外资 欧美 50 150人 去聊聊 投递,,Helpdesk 技术支持 客服 实习 计算机网络 英语 呼叫 中心 客服 一金 定期 体检 稳定 入职 培训 计算机服务 系统 数据服务 维修 外资 欧美 Helpdesk 技术支持 客服 实习 上海 浦东新区 本周 操作 面试 计算机网络 英语 呼叫 中心 客服 一金 定期 体检 稳定 入职 培训 达特 信息技术 上海 有限公司 计算机服务 系统 数据服务 维修 外资 欧美 聊聊 投递
372,2025应届生,6-8千,6000.0,8000.0,7000.0,False,上海,松江区,达研（上海）光电有限公司,电子/半导体/集成电路,未标明,500-1000人,不限,无经验友好,电子|自动化|工程技术|员工旅游|餐饮补贴|专业培训|绩效奖金|年终奖金|住宿伙食|班车接送,10,2025应届生 电子 自动化 工程技术 员工旅游 餐饮补贴 专业培训 绩效奖金 年终奖金 住宿伙食 班车接送 电子 半导体 集成电路 外资 非欧美 500 1000人 2025应届生 6 8千 上海 松江区 电子 自动化 工程技术 员工旅游 餐饮补贴 专业培训 绩效奖金 年终奖金 住宿伙食 班车接送 达研 上海 光电有限公司 电子 半导体 集成电路外资 非欧美 500 1000人 去聊聊 投递,,应届生 电子 自动化 工程技术 员工 旅游 餐饮 补贴 专业培训 绩效奖金 年终奖金 住宿 伙食 班车 接送 电子 半导体 集成电路 外资 欧美 应届生 上海 松江区 电子 自动化 工程技术 员工 旅游 餐饮 补贴 专业培训 绩效奖金 年终奖金 住宿 伙食 班车 接送 达研 上海 光电 有限公司 电子 半导体 集成电路 外资 欧美 聊聊 投递
373,管培生（信息化）,6千-1.2万,6000.0,12000.0,9000.0,False,上海,,上海南华兰陵电气有限公司,电气/电力/水利,合资,150-500人,不限,未标明,java|mysql|测试|机械|sql|erp|验收|自动化|电气|人员管理,10,管培生 信息化 java mysql 测试 机械 sql erp 验收 自动化 电气 人员管理 电气 电力 水利 合资 150 500人 管培生 信息化 6千 1.2万 上海 java mysql 测试 机械 sql erp 验收 自动化 电气 人员管理 上海南华兰陵电气有限公司 电气 电力 水利合资150 500人 去聊聊 投递,,管培生 信息化 java mysql 测试 机械 sql erp 验收 自动化 电气 人员 管理 电气 电力 水利 合资 管培生 信息化 上海 java mysql 测试 机械 sql erp 验收 自动化 电气 人员 管理 上海 南华 兰陵 电气 有限公司 电气 电力 水利 合资 聊聊 投递
374,自动化软件类管培生-运动控制方向（工作地点 珠海）,8-12万/年,8000.0,120000.0,64000.0,False,珠海,,欧拓飞科技（珠海）有限公司,仪器仪表/工业自动化,民营,150-500人,不限,未标明,电子|计算机|软件,3,自动化软件类管培生 运动控制方向 工作地点 珠海 电子 计算机 软件 仪器仪表 工业自动化 民营 150 500人 自动化软件类管培生 运动控制方向 工作地点 珠海 8 12万 年 珠海 电子 计算机 软件 欧拓飞科技 珠海 有限公司 仪器仪表 工业自动化民营150 500人 投递,,自动化 软件 管培生 运动 控制 方向 地点 珠海 电子 计算机 软件 仪器仪表 工业 自动化 民营 自动化 软件 管培生 运动 控制 方向 地点 珠海 珠海 电子 计算机 软件 欧拓飞 科技 珠海 有限公司 仪器仪表 工业 自动化 民营 投递
375,软件调试工程师,8千-1.3万·14薪,8000.0,13000.0,10500.0,False,上海,宝山区,上海大界机器人科技有限公司,仪器仪表/工业自动化丨机械/设备/重工,合资,150-500人,不限,未标明,软件|编程开发|机器人|五险一金|带薪年假|带薪病假|年终奖金|绩效奖金|定期体检|零食下午茶|定期团建|出差补贴,12,软件调试工程师 软件 编程开发 机器人 五险一金 带薪年假 带薪病假 年终奖金 绩效奖金 定期体检 零食下午茶 定期团建 出差补贴 仪器仪表 工业自动化丨机械 设备 重工 合资 150 500人 软件调试工程师 8千 1.3万 14薪 上海 宝山区 3分钟前回复 软件 编程开发 机器人 五险一金 带薪年假 带薪病假 年终奖金 绩效奖金 定期体检 零食下午茶 定期团建 出差补贴 上海大界机器人科技有限公司 仪器仪表 工业自动化丨机械 设备 重工合资150 500人 去聊聊 投递,,软件 调试 工程师 软件 编程 开发 机器人 一金 病假 年终奖金 绩效奖金 定期 体检 零食 下午茶 定期 团建 出差 补贴 仪器仪表 工业 自动化 机械 设备 重工 合资 软件 调试 工程师 上海 宝山区 分钟 回复 软件 编程 开发 机器人 一金 病假 年终奖金 绩效奖金 定期 体检 零食 下午茶 定期 团建 出差 补贴 上海 大界 机器人 科技 有限公司 仪器仪表 工业 自动化 机械 设备 重工 合资 聊聊 投递
376,软件测试实习生,3-5千,3000.0,5000.0,4000.0,False,上海,浦东新区,格至控智能动力科技（上海）有限公司,汽车零部件,合资,1000-5000人,不限,未标明,计算机|测试用例|汽车行业|自动化|软件测试|示波器|数学|测试设备|测试数据|canoe|专业培训|餐饮补贴|员工旅游|弹性工作|周末双休,15,软件测试实习生 计算机 测试用例 汽车行业 自动化 软件测试 示波器 数学 测试设备 测试数据 canoe 专业培训 餐饮补贴 员工旅游 弹性工作 周末双休 汽车零部件 合资 1000 5000人 软件测试实习生 3 5千 上海 浦东新区 在线 本周查看简历4次 计算机 测试用例 汽车行业 自动化 软件测试 示波器 数学 测试设备 测试数据 canoe 专业培训 餐饮补贴 员工旅游 弹性工作 周末双休 格至控智能动力科技 上海 有限公司 汽车零部件合资1000 5000人 去聊聊 投递,,软件测试 实习生 计算机 测试用例 汽车行业 自动化 软件测试 示波器 数学 测试 设备 测试数据 canoe 专业培训 餐饮 补贴 员工 旅游 弹性 周末 双休 汽车 零部件 合资 软件测试 实习生 上海 浦东新区 在线 本周 查看 简历 计算机 测试用例 汽车行业 自动化 软件测试 示波器 数学 测试 设备 测试数据 canoe 专业培训 餐饮 补贴 员工 旅游 弹性 周末 双休 格至控 智能 动力 科技 上海 有限公司 汽车 零部件 合资 聊聊 投递
377,现场实施工程师,8千-1万·13薪,8000.0,10000.0,9000.0,False,上海,青浦区,上海奥索斯自动化科技有限公司,机械/设备/重工,民营,500-1000人,不限,未标明,物流自动化|系统培训|五险一金|带薪年假|专业培训|定期体检|全勤奖|工龄奖|节日福利|团建聚餐|生日福利|高温补贴,12,现场实施工程师 物流自动化 系统培训 五险一金 带薪年假 专业培训 定期体检 全勤奖 工龄奖 节日福利 团建聚餐 生日福利 高温补贴 机械 设备 重工 民营 500 1000人 现场实施工程师 8千 1万 13薪 上海 青浦区 物流自动化 系统培训 五险一金 带薪年假 专业培训 定期体检 全勤奖 工龄奖 节日福利 团建聚餐 生日福利 高温补贴 上海奥索斯自动化科技有限公司 机械 设备 重工民营500 1000人 去聊聊 投递,,现场 实施 工程师 物流 自动化 系统 培训 一金 专业培训 定期 体检 全勤奖 工龄 节日 团建 聚餐 生日 高温 补贴 机械 设备 重工 民营 现场 实施 工程师 上海 青浦区 物流 自动化 系统 培训 一金 专业培训 定期 体检 全勤奖 工龄 节日 团建 聚餐 生日 高温 补贴 上海 奥索斯 自动化 科技 有限公司 机械 设备 重工 民营 聊聊 投递
378,项目工程师（售后技术支持）,4-8千,4000.0,8000.0,6000.0,False,上海,浦东新区,上海起迪计算机科技发展有限公司,计算机软件丨计算机服务丨网络/信息安全,民营,50-150人,不限,未标明,项目管理|项目实施|培训|安装|客户服务|网络|windows|linux|sqlserver|达梦|五险一金|员工旅游|交通补贴|餐饮补贴|通讯补贴|出国机会|绩效奖金|年终奖金|带薪年假|带薪病假|节日福利|项目提成|拓展福利|周末双休|全勤奖,25,项目工程师 售后技术支持 项目管理 项目实施 培训 安装 客户服务 网络 windows linux sqlserver 达梦 五险一金 员工旅游 交通补贴 餐饮补贴 通讯补贴 出国机会 绩效奖金 年终奖金 带薪年假 带薪病假 节日福利 项目提成 拓展福利 周末双休 全勤奖 计算机软件丨计算机服务丨网络 信息安全 民营 50 150人 项目工程师 售后技术支持 4 8千 上海 浦东新区 本周查看简历1次 项目管理 项目实施 培训 安装 客户服务 网络 windows linux sqlserver 达梦 五险一金 员工旅游 交通补贴 餐饮补贴 通讯补贴 出国机会 绩效奖金 年终奖金 带薪年假 带薪病假 节日福利 项目提成 拓展福利 周末双休 全勤奖 上海起迪计算机科技发展有限公司 计算机软件丨计算机服务丨网络 信息安全民营50 150人 去聊聊 投递,,项目 工程师 售后 技术支持 项目管理 项目 实施 培训 安装 客户服务 网络 windows linux sqlserver 达梦 一金 员工 旅游 交通 补贴 餐饮 补贴 通讯 补贴 出国 机会 绩效奖金 年终奖金 病假 节日 项目 提成 拓展 周末 双休 全勤奖 计算机软件 计算机服务 网络 信息安全 民营 项目 工程师 售后 技术支持 上海 浦东新区 本周 查看 简历 项目管理 项目 实施 培训 安装 客户服务 网络 windows linux sqlserver 达梦 一金 员工 旅游 交通 补贴 餐饮 补贴 通讯 补贴 出国 机会 绩效奖金 年终奖金 病假 节日 项目 提成 拓展 周末 双休 全勤奖 上海 起迪 计算机 科技 发展 有限公司 计算机软件 计算机服务 网络 信息安全 民营 聊聊 投递
379,IT技术支持工程师（招应届生）,6-8千,6000.0,8000.0,7000.0,False,上海,静安区,上海建梯企业咨询服务有限公司,计算机服务丨企业服务,民营,少于50人,不限,无经验友好,桌面运维|五险一金|年终奖金|弹性工作|居家办公|团队聚餐|国际化环境|中外合作团队|外企文化,9,IT技术支持工程师 招应届生 桌面运维 五险一金 年终奖金 弹性工作 居家办公 团队聚餐 国际化环境 中外合作团队 外企文化 计算机服务丨企业服务 民营 少于50人 IT技术支持工程师 招应届生 6 8千 上海 静安区 在线 本周查看简历1次 桌面运维 五险一金 年终奖金 弹性工作 居家办公 团队聚餐 国际化环境 中外合作团队 外企文化 上海建梯企业咨询服务有限公司 计算机服务丨企业服务民营少于50人 去聊聊 投递,,IT 技术支持 工程师 应届生 桌面 运维 一金 年终奖金 弹性 居家 办公 团队 聚餐 国际化 环境 中外合作 团队 外企 文化 计算机服务 企业 服务 民营 少于 IT 技术支持 工程师 应届生 上海 静安区 在线 本周 查看 简历 桌面 运维 一金 年终奖金 弹性 居家 办公 团队 聚餐 国际化 环境 中外合作 团队 外企 文化 上海 建梯 企业 咨询服务 有限公司 计算机服务 企业 服务 民营 少于 聊聊 投递
380,日系系统运维工程师,7.5-9千·13薪,7500.0,9000.0,8250.0,False,上海,浦东新区,艾迪系统开发（武汉）有限公司,网络/信息安全丨计算机服务,未标明,50-150人,不限,未标明,系统运维|服务器|计算机系统|五险一金|员工旅游|交通补贴|专业培训|年终奖金|定期体检,9,日系系统运维工程师 系统运维 服务器 计算机系统 五险一金 员工旅游 交通补贴 专业培训 年终奖金 定期体检 网络 信息安全丨计算机服务 外资 非欧美 50 150人 日系系统运维工程师 7.5 9千 13薪 上海 浦东新区 35分钟前回复 系统运维 服务器 计算机系统 五险一金 员工旅游 交通补贴 专业培训 年终奖金 定期体检 艾迪系统开发 武汉 有限公司 网络 信息安全丨计算机服务外资 非欧美 50 150人 去聊聊 投递,,日系 系统 运维 工程师 系统 运维 服务器 计算机系统 一金 员工 旅游 交通 补贴 专业培训 年终奖金 定期 体检 网络 信息安全 计算机服务 外资 欧美 日系 系统 运维 工程师 上海 浦东新区 分钟 回复 系统 运维 服务器 计算机系统 一金 员工 旅游 交通 补贴 专业培训 年终奖金 定期 体检 艾迪 系统 开发 武汉 有限公司 网络 信息安全 计算机服务 外资 欧美 聊聊 投递
381,助理机器视觉工程师,5-7千,5000.0,7000.0,6000.0,False,上海,闵行区,上海贝特威自动化科技有限公司,人工智能丨仪器仪表/工业自动化,民营,150-500人,不限,未标明,c++|c#|编程语言|机器视觉|故障排查|视觉|视觉产品|视觉工程师|五险一金|专业培训|出国机会|绩效奖金|弹性工作|带薪年假|出差补贴|年终奖金|年度调薪,17,助理机器视觉工程师 c++ c# 编程语言 机器视觉 故障排查 视觉 视觉产品 视觉工程师 五险一金 专业培训 出国机会 绩效奖金 弹性工作 带薪年假 出差补贴 年终奖金 年度调薪 人工智能丨仪器仪表 工业自动化 民营 150 500人 助理机器视觉工程师 5 7千 上海 闵行区 今日处理简历2次 c++ c# 编程语言 机器视觉 故障排查 视觉 视觉产品 视觉工程师 五险一金 专业培训 出国机会 绩效奖金 弹性工作 带薪年假 出差补贴 年终奖金 年度调薪 上海贝特威自动化科技有限公司 人工智能丨仪器仪表 工业自动化民营150 500人 去聊聊 投递,,助理 机器 视觉 工程师 c++ c# 编程语言 机器 视觉 故障 排查 视觉 视觉 产品 视觉 工程师 一金 专业培训 出国 机会 绩效奖金 弹性 出差 补贴 年终奖金 年度 调薪 人工智能 仪器仪表 工业 自动化 民营 助理 机器 视觉 工程师 上海 闵行区 今日 处理 简历 c++ c# 编程语言 机器 视觉 故障 排查 视觉 视觉 产品 视觉 工程师 一金 专业培训 出国 机会 绩效奖金 弹性 出差 补贴 年终奖金 年度 调薪 上海 贝特 自动化 科技 有限公司 人工智能 仪器仪表 工业 自动化 民营 聊聊 投递
382,IT Helpdesk技术支持工程师（面向企业客户）,5-6千·13薪,5000.0,6000.0,5500.0,False,上海,杨浦区,上海万利斯电子技术有限公司,批发/零售,民营,50-150人,不限,未标明,计算机|办公软件|office|windows|网络|客户服务|操作系统|通讯|打印机|安防|定期体检|做五休二|公积金|职业发展|年假|社会保险|人性化,17,IT Helpdesk技术支持工程师 面向企业客户 计算机 办公软件 office windows 网络 客户服务 操作系统 通讯 打印机 安防 定期体检 做五休二 公积金 职业发展 年假 社会保险 人性化 批发 零售 民营 50 150人 IT Helpdesk技术支持工程师 面向企业客户 5 6千 13薪 上海 杨浦区 今日回复10+次 计算机 办公软件 office windows 网络 客户服务 操作系统 通讯 打印机 安防 定期体检 做五休二 公积金 职业发展 年假 社会保险 人性化 上海万利斯电子技术有限公司 批发 零售民营50 150人 去聊聊 投递,,IT Helpdesk 技术支持 工程师 面向 企业 客户 计算机 办公软件 office windows 网络 客户服务 操作系统 通讯 打印机 安防 定期 体检 做五休 公积金 职业 发展 社会保险 人性化 批发 零售 民营 IT Helpdesk 技术支持 工程师 面向 企业 客户 上海 杨浦区 今日 回复 + 计算机 办公软件 office windows 网络 客户服务 操作系统 通讯 打印机 安防 定期 体检 做五休 公积金 职业 发展 社会保险 人性化 上海 万利斯 电子 技术 有限公司 批发 零售 民营 聊聊 投递
383,维护工程师,6-8千,6000.0,8000.0,7000.0,False,上海,浦东新区,上海共志通信信息技术发展有限公司,通信/网络设备,国企,1000-5000人,不限,未标明,计算机|办公软件|通信|网络|技术指导|通信原理|操作培训|理科|通信故障|缴纳社保|五险一金|定期体检|绩效奖金|年终奖金|高温费|绩效奖|公积金|培训|津贴补助,19,维护工程师 计算机 办公软件 通信 网络 技术指导 通信原理 操作培训 理科 通信故障 缴纳社保 五险一金 定期体检 绩效奖金 年终奖金 高温费 绩效奖 公积金 培训 津贴补助 通信 网络设备 国企 1000 5000人 维护工程师 6 8千 上海 浦东新区 计算机 办公软件 通信 网络 技术指导 通信原理 操作培训 理科 通信故障 缴纳社保 五险一金 定期体检 绩效奖金 年终奖金 高温费 绩效奖 公积金 培训 津贴补助 上海共志通信信息技术发展有限公司 通信 网络设备国企1000 5000人 去聊聊 投递,,维护 工程师 计算机 办公软件 通信 网络 技术 指导 通信 原理 操作 培训 理科 通信 故障 社保 一金 定期 体检 绩效奖金 年终奖金 高温 绩效 公积金 培训 津贴 补助 通信 网络设备 国企 维护 工程师 上海 浦东新区 计算机 办公软件 通信 网络 技术 指导 通信 原理 操作 培训 理科 通信 故障 社保 一金 定期 体检 绩效奖金 年终奖金 高温 绩效 公积金 培训 津贴 补助 上海 共志 通信 信息技术 发展 有限公司 通信 网络设备 国企 聊聊 投递
384,系统维护工程师,6千-1万,6000.0,10000.0,8000.0,False,上海,浦东新区,苏州鸿安机械股份有限公司,机械/设备/重工,民营,500-1000人,不限,未标明,电子信息|半导体|五险一金|专业培训|绩效奖金|定期体检,6,系统维护工程师 电子信息 半导体 五险一金 专业培训 绩效奖金 定期体检 机械 设备 重工 民营 500 1000人 系统维护工程师 6千 1万 上海 浦东新区 电子信息 半导体 五险一金 专业培训 绩效奖金 定期体检 苏州鸿安机械股份有限公司 机械 设备 重工民营500 1000人 去聊聊 投递,,系统维护 工程师 电子信息 半导体 一金 专业培训 绩效奖金 定期 体检 机械 设备 重工 民营 系统维护 工程师 上海 浦东新区 电子信息 半导体 一金 专业培训 绩效奖金 定期 体检 苏州 鸿安 机械 股份 有限公司 机械 设备 重工 民营 聊聊 投递
385,CIM工程师（2026届）,9千-1.8万·13薪,9000.0,18000.0,13500.0,False,上海,浦东新区,上海积塔半导体有限公司,电子/半导体/集成电路,国企,1000-5000人,不限,未标明,计算机|编程语言|CIM|MES|EAP|RTD|生产报表|java|VBA|五险一金|年终奖金|绩效奖金|定期体检|专业培训|带薪年假|免费班车|节日福利|培训,18,CIM工程师 2026届 计算机 编程语言 CIM MES EAP RTD 生产报表 java VBA 五险一金 年终奖金 绩效奖金 定期体检 专业培训 带薪年假 免费班车 节日福利 培训 电子 半导体 集成电路 国企 1000 5000人 CIM工程师 2026届 9千 1.8万 13薪 上海 浦东新区 计算机 编程语言 CIM MES EAP RTD 生产报表 java VBA 五险一金 年终奖金 绩效奖金 定期体检 专业培训 带薪年假 免费班车 节日福利 培训 上海积塔半导体有限公司 电子 半导体 集成电路国企1000 5000人 去聊聊 投递,,CIM 工程师 计算机 编程语言 CIM MES EAP RTD 生产 报表 java VBA 一金 年终奖金 绩效奖金 定期 体检 专业培训 免费 班车 节日 培训 电子 半导体 集成电路 国企 CIM 工程师 上海 浦东新区 计算机 编程语言 CIM MES EAP RTD 生产 报表 java VBA 一金 年终奖金 绩效奖金 定期 体检 专业培训 免费 班车 节日 培训 上海 积塔 半导体 有限公司 电子 半导体 集成电路 国企 聊聊 投递
386,测试实习生,3千及以下,3000.0,3000.0,3000.0,False,上海,浦东新区,上海森松制药设备工程有限公司,机械/设备/重工,未标明,500-1000人,不限,未标明,计算机|sql|接口测试|软件测试|postman|禅道|缺陷管理|系统操作,8,测试实习生 计算机 sql 接口测试 软件测试 postman 禅道 缺陷管理 系统操作 机械 设备 重工 外资 非欧美 500 1000人 测试实习生 3千及以下 上海 浦东新区 本周处理简历1次 计算机 sql 接口测试 软件测试 postman 禅道 缺陷管理 系统操作 上海森松制药设备工程有限公司 机械 设备 重工外资 非欧美 500 1000人 去聊聊 投递,,测试 实习生 计算机 sql 接口 测试 软件测试 postman 禅道 缺陷 管理 系统 操作 机械 设备 重工 外资 欧美 测试 实习生 千及 上海 浦东新区 本周 处理 简历 计算机 sql 接口 测试 软件测试 postman 禅道 缺陷 管理 系统 操作 上海 森松 制药 设备 工程 有限公司 机械 设备 重工 外资 欧美 聊聊 投递
387,视觉开发工程师（管培生）,8千-1.2万,8000.0,12000.0,10000.0,False,上海,宝山区,上海富驰高科技股份有限公司,消费电子产品,合资,1000-5000人,不限,未标明,计算机|数据分析|编程|前端开发|c#|ai|技术文档|用户体验|算法|接口对接|五险一金|带薪年假|提供食宿|免费工作餐|定期体检|提供住宿,16,视觉开发工程师 管培生 计算机 数据分析 编程 前端开发 c# ai 技术文档 用户体验 算法 接口对接 五险一金 带薪年假 提供食宿 免费工作餐 定期体检 提供住宿 消费电子产品 合资 1000 5000人 视觉开发工程师 管培生 8千 1.2万 上海 宝山区 计算机 数据分析 编程 前端开发 c# ai 技术文档 用户体验 算法 接口对接 五险一金 带薪年假 提供食宿 免费工作餐 定期体检 提供住宿 上海富驰高科技股份有限公司 消费电子产品合资1000 5000人 去聊聊 投递,,视觉 开发 工程师 管培生 计算机 数据分析 编程 前端开发 c# ai 技术 文档 用户 体验 算法 接口 对接 一金 食宿 免费 工作餐 定期 体检 住宿 消费 电子产品 合资 视觉 开发 工程师 管培生 上海 宝山区 计算机 数据分析 编程 前端开发 c# ai 技术 文档 用户 体验 算法 接口 对接 一金 食宿 免费 工作餐 定期 体检 住宿 上海 富驰 高科技 股份 有限公司 消费 电子产品 合资 聊聊 投递
388,信息软件工程师（自动化设备）,7千-1.2万·13薪,7000.0,12000.0,9500.0,False,上海,青浦区,上海圆通蛟龙投资发展（集团）有限公司,货运/物流/仓储丨贸易/进出口丨计算机软件,民营,500-1000人,不限,未标明,TCP|HTTP|五险一金|带薪年假|年终奖金|绩效奖金|专业培训|有餐补|包住|免费班车|出差补贴|定期团建,12,信息软件工程师 自动化设备 TCP HTTP 五险一金 带薪年假 年终奖金 绩效奖金 专业培训 有餐补 包住 免费班车 出差补贴 定期团建 货运 物流 仓储丨贸易 进出口丨计算机软件 民营 500 1000人 信息软件工程师 自动化设备 7千 1.2万 13薪 上海 青浦区 本周查看简历2次 TCP HTTP 五险一金 带薪年假 年终奖金 绩效奖金 专业培训 有餐补 包住 免费班车 出差补贴 定期团建 上海圆通蛟龙投资发展 集团 有限公司 货运 物流 仓储丨贸易 进出口丨计算机软件民营500 1000人 去聊聊 投递,,信息 软件 工程师 自动化 设备 TCP HTTP 一金 年终奖金 绩效奖金 专业培训 有餐 包住 免费 班车 出差 补贴 定期 团建 货运 物流 仓储 贸易 进出口 计算机软件 民营 信息 软件 工程师 自动化 设备 上海 青浦区 本周 查看 简历 TCP HTTP 一金 年终奖金 绩效奖金 专业培训 有餐 包住 免费 班车 出差 补贴 定期 团建 上海 圆通 蛟龙 投资 发展 集团 有限公司 货运 物流 仓储 贸易 进出口 计算机软件 民营 聊聊 投递
389,IT运维工程师,9千-1.4万·13薪,9000.0,14000.0,11500.0,False,上海,奉贤区,上海维宏电子科技股份有限公司,计算机软件丨计算机硬件丨电子/半导体/集成电路,未标明,500-1000人,不限,未标明,计算机|linux|it|资产管理|ai|网络技术|系统安装|自动化脚本|rpa|ccnp|年终奖金|绩效奖金|带薪年假|节日福利|周末双休|做五休二,16,IT运维工程师 计算机 linux it 资产管理 ai 网络技术 系统安装 自动化脚本 rpa ccnp 年终奖金 绩效奖金 带薪年假 节日福利 周末双休 做五休二 计算机软件丨计算机硬件丨电子 半导体 集成电路 已上市 500 1000人 IT运维工程师 9千 1.4万 13薪 上海 奉贤区 计算机 linux it 资产管理 ai 网络技术 系统安装 自动化脚本 rpa ccnp 年终奖金 绩效奖金 带薪年假 节日福利 周末双休 做五休二 上海维宏电子科技股份有限公司 计算机软件丨计算机硬件丨电子 半导体 集成电路已上市500 1000人 去聊聊 投递,,IT 运维 工程师 计算机 linux it 资产 管理 ai 网络 技术 系统 安装 自动化 脚本 rpa ccnp 年终奖金 绩效奖金 节日 周末 双休 做五休 计算机软件 计算机硬件 电子 半导体 集成电路 上市 IT 运维 工程师 上海 奉贤区 计算机 linux it 资产 管理 ai 网络 技术 系统 安装 自动化 脚本 rpa ccnp 年终奖金 绩效奖金 节日 周末 双休 做五休 上海 维宏 电子 科技股份 有限公司 计算机软件 计算机硬件 电子 半导体 集成电路 上市 聊聊 投递
390,运维工程师,7千-1万,7000.0,10000.0,8500.0,False,上海,,北京三维天地科技股份有限公司济南分公司,计算机软件,未标明,500-1000人,不限,未标明,计算机|网络|运维|维护|操作系统|计算机软硬件|数据安全|周末双休,8,运维工程师 计算机 网络 运维 维护 操作系统 计算机软硬件 数据安全 周末双休 计算机软件 已上市 500 1000人 运维工程师 7千 1万 上海 在线 12分钟前回复 计算机 网络 运维 维护 操作系统 计算机软硬件 数据安全 周末双休 北京三维天地科技股份有限公司济南分公司 计算机软件已上市500 1000人 去聊聊 投递,,运维 工程师 计算机 网络 运维 维护 操作系统 计算机 软硬件 数据安全 周末 双休 计算机软件 上市 运维 工程师 上海 在线 分钟 回复 计算机 网络 运维 维护 操作系统 计算机 软硬件 数据安全 周末 双休 北京 三维 天地 科技股份 有限公司 济南 分公司 计算机软件 上市 聊聊 投递
391,初级网络工程师,6-9千·13薪,6000.0,9000.0,7500.0,False,上海,,北京京铭宏硕科技有限公司,计算机软件,民营,150-500人,不限,未标明,网络安全|网络质量|网络设备监控|网络设备安装|网络环境管理|五险一金|补充医疗保险|通讯补贴|餐饮补贴|交通补贴|员工旅游|专业培训|绩效奖金|年终奖金|定期体检,15,初级网络工程师 网络安全 网络质量 网络设备监控 网络设备安装 网络环境管理 五险一金 补充医疗保险 通讯补贴 餐饮补贴 交通补贴 员工旅游 专业培训 绩效奖金 年终奖金 定期体检 计算机软件 民营 150 500人 初级网络工程师 6 9千 13薪 上海 网络安全 网络质量 网络设备监控 网络设备安装 网络环境管理 五险一金 补充医疗保险 通讯补贴 餐饮补贴 交通补贴 员工旅游 专业培训 绩效奖金 年终奖金 定期体检 北京京铭宏硕科技有限公司 计算机软件民营150 500人 去聊聊 投递,,初级 网络 工程师 网络安全 网络 质量 网络设备 监控 网络设备 安装 网络 环境 管理 一金 补充 医疗保险 通讯 补贴 餐饮 补贴 交通 补贴 员工 旅游 专业培训 绩效奖金 年终奖金 定期 体检 计算机软件 民营 初级 网络 工程师 上海 网络安全 网络 质量 网络设备 监控 网络设备 安装 网络 环境 管理 一金 补充 医疗保险 通讯 补贴 餐饮 补贴 交通 补贴 员工 旅游 专业培训 绩效奖金 年终奖金 定期 体检 北京 京铭 宏硕 科技 有限公司 计算机软件 民营 聊聊 投递
392,智能体搭建助手,8千-1.5万·13薪,8000.0,15000.0,11500.0,False,上海,徐汇区,上海库克打印机有限公司,企业服务丨计算机硬件丨计算机服务,民营,少于50人,不限,未标明,计算机|架构设计|人工智能|机器学习|算法模型|自然语言处理|五险一金|带薪年假|年终奖金|绩效奖金|专业培训,11,智能体搭建助手 计算机 架构设计 人工智能 机器学习 算法模型 自然语言处理 五险一金 带薪年假 年终奖金 绩效奖金 专业培训 企业服务丨计算机硬件丨计算机服务 民营 少于50人 智能体搭建助手 8千 1.5万 13薪 上海 徐汇区 今日回复8次 计算机 架构设计 人工智能 机器学习 算法模型 自然语言处理 五险一金 带薪年假 年终奖金 绩效奖金 专业培训 上海库克打印机有限公司 企业服务丨计算机硬件丨计算机服务民营少于50人 去聊聊 投递,,智能 搭建 助手 计算机 架构设计 人工智能 机器学习 算法 模型 自然语言处理 一金 年终奖金 绩效奖金 专业培训 企业 服务 计算机硬件 计算机服务 民营 少于 智能 搭建 助手 上海 徐汇区 今日 回复 计算机 架构设计 人工智能 机器学习 算法 模型 自然语言处理 一金 年终奖金 绩效奖金 专业培训 上海 库克 打印机 有限公司 企业 服务 计算机硬件 计算机服务 民营 少于 聊聊 投递
393,运维工程师储备,6-8千,6000.0,8000.0,7000.0,False,上海,黄浦区,上海青乾科技有限公司,计算机软件丨计算机服务,民营,50-150人,不限,未标明,计算机|mysql数据库|大学生,3,运维工程师储备 计算机 mysql数据库 大学生 计算机软件丨计算机服务 民营 50 150人 运维工程师储备 6 8千 上海 黄浦区 今日回复7次 计算机 mysql数据库 大学生 上海青乾科技有限公司 计算机软件丨计算机服务民营50 150人 去聊聊 投递,,运维 工程师 储备 计算机 mysql 数据库 大学生 计算机软件 计算机服务 民营 运维 工程师 储备 上海 黄浦区 今日 回复 计算机 mysql 数据库 大学生 上海 青乾 科技 有限公司 计算机软件 计算机服务 民营 聊聊 投递
394,实施顾问（金融保险方向）(J10031),1-1.6万,1000.0,16000.0,8500.0,False,上海,浦东新区,普联软件股份有限公司,计算机软件丨企业服务丨计算机服务,未标明,1000-5000人,不限,未标明,mysql|oracle|数据库|财务|sql|项目实施|软件行业|周末双休|带薪年假|五险一金|节日福利|通讯补贴|补充医疗保险|年终奖金|定期体检|出差补助,16,实施顾问 金融保险方向 J10031 mysql oracle 数据库 财务 sql 项目实施 软件行业 周末双休 带薪年假 五险一金 节日福利 通讯补贴 补充医疗保险 年终奖金 定期体检 出差补助 计算机软件丨企业服务丨计算机服务 已上市 1000 5000人 实施顾问 金融保险方向 J10031 1 1.6万 上海 浦东新区 18分钟前回复 mysql oracle 数据库 财务 sql 项目实施 软件行业 周末双休 带薪年假 五险一金 节日福利 通讯补贴 补充医疗保险 年终奖金 定期体检 出差补助 普联软件股份有限公司 计算机软件丨企业服务丨计算机服务已上市1000 5000人 去聊聊 投递,,实施 顾问 金融保险 方向 J10031 mysql oracle 数据库 财务 sql 项目 实施 软件 行业 周末 双休 一金 节日 通讯 补贴 补充 医疗保险 年终奖金 定期 体检 出差 补助 计算机软件 企业 服务 计算机服务 上市 实施 顾问 金融保险 方向 J10031 上海 浦东新区 分钟 回复 mysql oracle 数据库 财务 sql 项目 实施 软件 行业 周末 双休 一金 节日 通讯 补贴 补充 医疗保险 年终奖金 定期 体检 出差 补助 普联 软件 股份 有限公司 计算机软件 企业 服务 计算机服务 上市 聊聊 投递
395,软件实施工程师,6-8千,6000.0,8000.0,7000.0,False,上海,杨浦区,上海复翼软件开发有限公司,计算机软件,民营,150-500人,不限,未标明,五险一金|绩效奖金|餐饮补贴|周末双休|交通补贴|专业培训|年终奖金,7,软件实施工程师 五险一金 绩效奖金 餐饮补贴 周末双休 交通补贴 专业培训 年终奖金 计算机软件 民营 150 500人 软件实施工程师 6 8千 上海 杨浦区 41分钟前回复 五险一金 绩效奖金 餐饮补贴 周末双休 交通补贴 专业培训 年终奖金 上海复翼软件开发有限公司 计算机软件民营150 500人 去聊聊 投递,,软件 实施 工程师 一金 绩效奖金 餐饮 补贴 周末 双休 交通 补贴 专业培训 年终奖金 计算机软件 民营 软件 实施 工程师 上海 杨浦区 分钟 回复 一金 绩效奖金 餐饮 补贴 周末 双休 交通 补贴 专业培训 年终奖金 上海 复翼 软件开发 有限公司 计算机软件 民营 聊聊 投递
396,软件工程师（应届）,8千-1万·15薪,8000.0,10000.0,9000.0,False,上海,浦东新区,上海柏飞电子科技有限公司,电子/半导体/集成电路,未标明,150-500人,不限,无经验友好,调试|运维|软件工程|用户培训|编程语言|电子信息工程|部署|优化|软件应用|软件部署|五险一金|交通补贴|餐饮补贴|绩效奖金|年终奖金|定期体检|培训|补充医疗保险|带薪年假|专业培训|有餐补|租房补贴,22,软件工程师 应届 调试 运维 软件工程 用户培训 编程语言 电子信息工程 部署 优化 软件应用 软件部署 五险一金 交通补贴 餐饮补贴 绩效奖金 年终奖金 定期体检 培训 补充医疗保险 带薪年假 专业培训 有餐补 租房补贴 电子 半导体 集成电路 已上市 150 500人 软件工程师 应届 8千 1万 15薪 上海 浦东新区 调试 运维 软件工程 用户培训 编程语言 电子信息工程 部署 优化 软件应用 软件部署 五险一金 交通补贴 餐饮补贴 绩效奖金 年终奖金 定期体检 培训 补充医疗保险 带薪年假 专业培训 有餐补 租房补贴 上海柏飞电子科技有限公司 电子 半导体 集成电路已上市150 500人 去聊聊 投递,,软件 工程师 应届 调试 运维 软件工程 用户 培训 编程语言 电子 信息工程 部署 优化 软件应用 软件 部署 一金 交通 补贴 餐饮 补贴 绩效奖金 年终奖金 定期 体检 培训 补充 医疗保险 专业培训 有餐 租房 补贴 电子 半导体 集成电路 上市 软件 工程师 应届 上海 浦东新区 调试 运维 软件工程 用户 培训 编程语言 电子 信息工程 部署 优化 软件应用 软件 部署 一金 交通 补贴 餐饮 补贴 绩效奖金 年终奖金 定期 体检 培训 补充 医疗保险 专业培训 有餐 租房 补贴 上海 柏飞 电子科技 有限公司 电子 半导体 集成电路 上市 聊聊 投递
397,技术支持工程师(TLD04I12),1-1.6万,1000.0,16000.0,8500.0,False,上海,,福建顶点软件股份有限公司,计算机软件丨计算机服务丨证券/期货,未标明,1000-5000人,不限,未标明,计算机|mysql|oracle|数据库|linux|需求分析|c++|项目实施|专业培训|节日福利|培训|六险一金|电脑补贴|结婚礼金,14,技术支持工程师 TLD04I12 计算机 mysql oracle 数据库 linux 需求分析 c++ 项目实施 专业培训 节日福利 培训 六险一金 电脑补贴 结婚礼金 计算机软件丨计算机服务丨证券 期货 已上市 1000 5000人 技术支持工程师 TLD04I12 1 1.6万 上海 计算机 mysql oracle 数据库 linux 需求分析 c++ 项目实施 专业培训 节日福利 培训 六险一金 电脑补贴 结婚礼金 福建顶点软件股份有限公司 计算机软件丨计算机服务丨证券 期货已上市1000 5000人 去聊聊 投递,,技术支持 工程师 TLD04I12 计算机 mysql oracle 数据库 linux 需求 分析 c++ 项目 实施 专业培训 节日 培训 六险 一金 电脑 补贴 结婚 礼金 计算机软件 计算机服务 证券 期货 上市 技术支持 工程师 TLD04I12 上海 计算机 mysql oracle 数据库 linux 需求 分析 c++ 项目 实施 专业培训 节日 培训 六险 一金 电脑 补贴 结婚 礼金 福建 顶点 软件 股份 有限公司 计算机软件 计算机服务 证券 期货 上市 聊聊 投递
398,实施工程师,8千-1.2万·13薪,8000.0,12000.0,10000.0,False,上海,浦东新区,上海凯道电子科技有限公司,计算机服务,民营,50-150人,不限,未标明,培训|计算机|电子|调试|售后服务|通信|项目实施|现场调试|管理软件|网络工程|员工旅游|节日福利|培训,13,实施工程师 培训 计算机 电子 调试 售后服务 通信 项目实施 现场调试 管理软件 网络工程 员工旅游 节日福利 培训 计算机服务 民营 50 150人 实施工程师 8千 1.2万 13薪 上海 浦东新区 本周查看简历8次 培训 计算机 电子 调试 售后服务 通信 项目实施 现场调试 管理软件 网络工程 员工旅游 节日福利 培训 上海凯道电子科技有限公司 计算机服务民营50 150人 去聊聊 投递,,实施 工程师 培训 计算机 电子 调试 售后服务 通信 项目 实施 现场 调试 管理软件 网络工程 员工 旅游 节日 培训 计算机服务 民营 实施 工程师 上海 浦东新区 本周 查看 简历 培训 计算机 电子 调试 售后服务 通信 项目 实施 现场 调试 管理软件 网络工程 员工 旅游 节日 培训 上海 凯道 电子科技 有限公司 计算机服务 民营 聊聊 投递
399,IT实习生,150元/天,150.0,150.0,3262.5,True,上海,长宁区,上海耀中外籍人员子女学校,院校,未标明,500-1000人,不限,未标明,it|信息技术|网络设备|信息系统|计算机网络|免费午餐|市中心商圈|国际化氛围|各类活动,9,IT实习生 it 信息技术 网络设备 信息系统 计算机网络 免费午餐 市中心商圈 国际化氛围 各类活动 院校 外资 非欧美 500 1000人 IT实习生 150元 天 上海 长宁区 47分钟前回复 it 信息技术 网络设备 信息系统 计算机网络 免费午餐 市中心商圈 国际化氛围 各类活动 上海耀中外籍人员子女学校 院校外资 非欧美 500 1000人 去聊聊 投递,,IT 实习生 it 信息技术 网络设备 信息系统 计算机网络 免费 午餐 市中心 商圈 国际化 氛围 各类 活动 院校 外资 欧美 IT 实习生 上海 长宁区 分钟 回复 it 信息技术 网络设备 信息系统 计算机网络 免费 午餐 市中心 商圈 国际化 氛围 各类 活动 上海 耀中 外籍 人员 子女 学校 院校 外资 欧美 聊聊 投递
400,软件运维/实施工程师,14-18万/年,14000.0,180000.0,97000.0,False,上海,浦东新区,上海冠松汽车股份有限公司,4S店/车后市场,民营,1000-5000人,不限,未标明,linux|sql|项目实施|故障处理|软件运维|ad域|五险一金|绩效奖金|餐饮补贴|带薪年假|全勤奖,11,软件运维 实施工程师 linux sql 项目实施 故障处理 软件运维 ad域 五险一金 绩效奖金 餐饮补贴 带薪年假 全勤奖 4S店 车后市场 民营 1000 5000人 软件运维 实施工程师 14 18万 年 上海 浦东新区 本周查看简历45次 linux sql 项目实施 故障处理 软件运维 ad域 五险一金 绩效奖金 餐饮补贴 带薪年假 全勤奖 上海冠松汽车股份有限公司 4S店 车后市场民营1000 5000人 去聊聊 投递,,软件 运维 实施 工程师 linux sql 项目 实施 故障 处理 软件 运维 ad 一金 绩效奖金 餐饮 补贴 全勤奖 4S店 车后 市场 民营 软件 运维 实施 工程师 上海 浦东新区 本周 查看 简历 linux sql 项目 实施 故障 处理 软件 运维 ad 一金 绩效奖金 餐饮 补贴 全勤奖 上海 冠松 汽车 股份 有限公司 4S店 车后 市场 民营 聊聊 投递
401,服务器运维工程师,6.5-7.5千·13薪,6500.0,7500.0,7000.0,False,上海,杨浦区,深圳市泛科科技有限公司,其他行业,民营,50-150人,不限,未标明,售后服务|网络|x86服务器|服务器运维|故障处理|验证方案|测试环境|产品管理|设备运维|问题处理|年终奖金|绩效奖金|专业培训|带薪年假|员工旅游|周末双休|节日福利|定期团建|商业医疗保险|五险|出差补贴|零食下午茶,22,服务器运维工程师 售后服务 网络 x86服务器 服务器运维 故障处理 验证方案 测试环境 产品管理 设备运维 问题处理 年终奖金 绩效奖金 专业培训 带薪年假 员工旅游 周末双休 节日福利 定期团建 商业医疗保险 五险 出差补贴 零食下午茶 其他行业 民营 50 150人 服务器运维工程师 6.5 7.5千 13薪 上海 杨浦区 售后服务 网络 x86服务器 服务器运维 故障处理 验证方案 测试环境 产品管理 设备运维 问题处理 年终奖金 绩效奖金 专业培训 带薪年假 员工旅游 周末双休 节日福利 定期团建 商业医疗保险 五险 出差补贴 零食下午茶 深圳市泛科科技有限公司 其他行业民营50 150人 去聊聊 投递,,服务器 运维 工程师 售后服务 网络 x86 服务器 服务器 运维 故障 处理 验证 方案 测试环境 产品 管理 设备 运维 问题 处理 年终奖金 绩效奖金 专业培训 员工 旅游 周末 双休 节日 定期 团建 商业 医疗保险 出差 补贴 零食 下午茶 其他 行业 民营 服务器 运维 工程师 上海 杨浦区 售后服务 网络 x86 服务器 服务器 运维 故障 处理 验证 方案 测试环境 产品 管理 设备 运维 问题 处理 年终奖金 绩效奖金 专业培训 员工 旅游 周末 双休 节日 定期 团建 商业 医疗保险 出差 补贴 零食 下午茶 深圳市 泛科 科技 有限公司 其他 行业 民营 聊聊 投递
402,信息化工程师（2027届）,8千-1万·13薪,8000.0,10000.0,9000.0,False,上海,浦东新区,瑶芯微（上海）电子科技股份有限公司,电子/半导体/集成电路,民营,150-500人,不限,未标明,五险一金|餐饮补贴|绩效奖金|年终奖金|定期体检|零食下午茶|团建聚餐|补充保险|免费班车|员工旅游,10,信息化工程师 2027届 五险一金 餐饮补贴 绩效奖金 年终奖金 定期体检 零食下午茶 团建聚餐 补充保险 免费班车 员工旅游 电子 半导体 集成电路 民营 150 500人 信息化工程师 2027届 8千 1万 13薪 上海 浦东新区 今日回复10+次 五险一金 餐饮补贴 绩效奖金 年终奖金 定期体检 零食下午茶 团建聚餐 补充保险 免费班车 员工旅游 瑶芯微 上海 电子科技股份有限公司 电子 半导体 集成电路民营150 500人 去聊聊 投递,,信息化 工程师 一金 餐饮 补贴 绩效奖金 年终奖金 定期 体检 零食 下午茶 团建 聚餐 补充 保险 免费 班车 员工 旅游 电子 半导体 集成电路 民营 信息化 工程师 上海 浦东新区 今日 回复 + 一金 餐饮 补贴 绩效奖金 年终奖金 定期 体检 零食 下午茶 团建 聚餐 补充 保险 免费 班车 员工 旅游 瑶芯微 上海 电子 科技股份 有限公司 电子 半导体 集成电路 民营 聊聊 投递
403,系统运维工程师,6-7千,6000.0,7000.0,6500.0,False,上海,浦东新区,上海速强信息技术有限公司,银行,民营,150-500人,不限,未标明,计算机|java|mysql|oracle|数据库|运维|保险|数据统计|英语读写|保险|五险一金|定期体检|带薪年假,13,系统运维工程师 计算机 java mysql oracle 数据库 运维 保险 数据统计 英语读写 保险 五险一金 定期体检 带薪年假 银行 民营 150 500人 系统运维工程师 6 7千 上海 浦东新区 今日回复6次 计算机 java mysql oracle 数据库 运维 保险 数据统计 英语读写 保险 五险一金 定期体检 带薪年假 上海速强信息技术有限公司 银行民营150 500人 去聊聊 投递,,系统 运维 工程师 计算机 java mysql oracle 数据库 运维 保险 数据 统计 英语 读写 保险 一金 定期 体检 银行 民营 系统 运维 工程师 上海 浦东新区 今日 回复 计算机 java mysql oracle 数据库 运维 保险 数据 统计 英语 读写 保险 一金 定期 体检 上海 速强 信息技术 有限公司 银行 民营 聊聊 投递
404,硬件调试员,6-7千,6000.0,7000.0,6500.0,False,上海,黄浦区,上海莉侃信息科技有限公司,计算机软件,民营,少于50人,不限,未标明,硬件调试|五险一金|年终奖金|定期体检,4,硬件调试员 硬件调试 五险一金 年终奖金 定期体检 计算机软件 民营 少于50人 硬件调试员 6 7千 上海 黄浦区 硬件调试 五险一金 年终奖金 定期体检 上海莉侃信息科技有限公司 计算机软件民营少于50人 去聊聊 投递,,硬件 调试 硬件 调试 一金 年终奖金 定期 体检 计算机软件 民营 少于 硬件 调试 上海 黄浦区 硬件 调试 一金 年终奖金 定期 体检 上海 莉侃 信息 科技 有限公司 计算机软件 民营 少于 聊聊 投递
405,软件系统服务工程师,6千-1万,6000.0,10000.0,8000.0,False,上海,闵行区,上海理工科技园有限公司,医疗设备/器械,国企,少于50人,不限,未标明,java|springboot|前端开发|mysql数据库|多线程|开源框架|微服务|系统集成|产品研发|缓存|五险一金,11,软件系统服务工程师 java springboot 前端开发 mysql数据库 多线程 开源框架 微服务 系统集成 产品研发 缓存 五险一金 医疗设备 器械 国企 少于50人 软件系统服务工程师 6千 1万 上海 闵行区 java springboot 前端开发 mysql数据库 多线程 开源框架 微服务 系统集成 产品研发 缓存 五险一金 上海理工科技园有限公司 医疗设备 器械国企少于50人 去聊聊 投递,,软件系统 服务 工程师 java springboot 前端开发 mysql 数据库 多线程 开源 框架 服务 系统集成 产品 研发 缓存 一金 医疗 设备 器械 国企 少于 软件系统 服务 工程师 上海 闵行区 java springboot 前端开发 mysql 数据库 多线程 开源 框架 服务 系统集成 产品 研发 缓存 一金 上海 理工 科技园 有限公司 医疗 设备 器械 国企 少于 聊聊 投递
406,助理服务工程师,5-6千,5000.0,6000.0,5500.0,False,上海,闵行区,上海航天智慧能源技术有限公司,新能源丨仪器仪表/工业自动化丨其他行业,国企,50-150人,不限,未标明,发动机|焊工证|维保|服务管理|机械维修|热能动力工程|精益改善|电工操作证|方案讨论|内燃机|技能培训|内部培训|师傅带教,13,助理服务工程师 发动机 焊工证 维保 服务管理 机械维修 热能动力工程 精益改善 电工操作证 方案讨论 内燃机 技能培训 内部培训 师傅带教 新能源丨仪器仪表 工业自动化丨其他行业 国企 50 150人 助理服务工程师 5 6千 上海 闵行区 今日回复5次 发动机 焊工证 维保 服务管理 机械维修 热能动力工程 精益改善 电工操作证 方案讨论 内燃机 技能培训 内部培训 师傅带教 上海航天智慧能源技术有限公司 新能源丨仪器仪表 工业自动化丨其他行业国企50 150人 去聊聊 投递,,助理 服务 工程师 发动机 焊工 维保 服务 管理 机械 维修 热能 动力工程 精益 改善 电工 操作证 方案 讨论 内燃机 技能 培训 内部 培训 师傅 带教 新能源 仪器仪表 工业 自动化 其他 行业 国企 助理 服务 工程师 上海 闵行区 今日 回复 发动机 焊工 维保 服务 管理 机械 维修 热能 动力工程 精益 改善 电工 操作证 方案 讨论 内燃机 技能 培训 内部 培训 师傅 带教 上海 航天 智慧 能源技术 有限公司 新能源 仪器仪表 工业 自动化 其他 行业 国企 聊聊 投递
407,设备维护工程师（带薪培训）,6-8千·13薪,6000.0,8000.0,7000.0,False,上海,金山区,德耐尔节能科技（上海）股份有限公司,机械/设备/重工,未标明,150-500人,不限,未标明,五险一金|绩效奖金|带薪年假|员工旅游|双休|定期团建|年终奖|节日福利|带薪培训|旅游|全勤奖|节假日|晋升空间|法定节假|免费工作餐,15,设备维护工程师 带薪培训 五险一金 绩效奖金 带薪年假 员工旅游 双休 定期团建 年终奖 节日福利 带薪培训 旅游 全勤奖 节假日 晋升空间 法定节假 免费工作餐 机械 设备 重工 已上市 150 500人 设备维护工程师 带薪培训 6 8千 13薪 上海 金山区 今日查看简历1次 五险一金 绩效奖金 带薪年假 员工旅游 双休 定期团建 年终奖 节日福利 带薪培训 旅游 全勤奖 节假日 晋升空间 法定节假 免费工作餐 德耐尔节能科技 上海 股份有限公司 机械 设备 重工已上市150 500人 去聊聊 投递,,设备 维护 工程师 培训 一金 绩效奖金 员工 旅游 双休 定期 团建 年终奖 节日 培训 旅游 全勤奖 节假日 晋升 空间 法定 节假 免费 工作餐 机械 设备 重工 上市 设备 维护 工程师 培训 上海 金山区 今日 查看 简历 一金 绩效奖金 员工 旅游 双休 定期 团建 年终奖 节日 培训 旅游 全勤奖 节假日 晋升 空间 法定 节假 免费 工作餐 耐尔 节能 科技 上海 股份 有限公司 机械 设备 重工 上市 聊聊 投递
408,现场工程师（轴承机械业FAE）,10-13万/年,10000.0,130000.0,70000.0,False,上海,奉贤区,温州静音轴承有限公司,机械/设备/重工丨汽车零部件丨船舶/航空/航天,民营,10000人以上,不限,未标明,五险一金|年终奖金|专业培训|餐饮补贴|定期体检|节日福利|员工旅游|带薪年假|双人间宿舍|食堂餐补|篮/羽毛球场|师傅带教|台球室|空调、洗衣房|健身房,15,现场工程师 轴承机械业FAE 五险一金 年终奖金 专业培训 餐饮补贴 定期体检 节日福利 员工旅游 带薪年假 双人间宿舍 食堂餐补 篮 羽毛球场 师傅带教 台球室 空调 洗衣房 健身房 机械 设备 重工丨汽车零部件丨船舶 航空 航天 民营 10000人以上 现场工程师 轴承机械业FAE 10 13万 年 上海 奉贤区 在线 6分钟前回复 五险一金 年终奖金 专业培训 餐饮补贴 定期体检 节日福利 员工旅游 带薪年假 双人间宿舍 食堂餐补 篮 羽毛球场 师傅带教 台球室 空调 洗衣房 健身房 温州静音轴承有限公司 机械 设备 重工丨汽车零部件丨船舶 航空 航天民营10000人以上 去聊聊 投递,,现场 工程师 轴承 机械业 FAE 一金 年终奖金 专业培训 餐饮 补贴 定期 体检 节日 员工 旅游 双人间 宿舍 食堂 餐补 羽毛球场 师傅 带教 台球室 空调 洗衣房 健身房 机械 设备 重工 汽车 零部件 船舶 航空 航天 民营 现场 工程师 轴承 机械业 FAE 上海 奉贤区 在线 分钟 回复 一金 年终奖金 专业培训 餐饮 补贴 定期 体检 节日 员工 旅游 双人间 宿舍 食堂 餐补 羽毛球场 师傅 带教 台球室 空调 洗衣房 健身房 温州 静音 轴承 有限公司 机械 设备 重工 汽车 零部件 船舶 航空 航天 民营 聊聊 投递
409,机械点检,6-9千,6000.0,9000.0,7500.0,False,上海,宝山区,上海中冶环保运营管理有限公司,环保,国企,50-150人,不限,未标明,solidworks|cad|零部件|机加工|五险一金|年终奖金|专业培训|交通补贴|餐饮补贴|定期体检|通讯补贴|绩效奖金|员工宿舍,13,机械点检 solidworks cad 零部件 机加工 五险一金 年终奖金 专业培训 交通补贴 餐饮补贴 定期体检 通讯补贴 绩效奖金 员工宿舍 环保 国企 50 150人 机械点检 6 9千 上海 宝山区 solidworks cad 零部件 机加工 五险一金 年终奖金 专业培训 交通补贴 餐饮补贴 定期体检 通讯补贴 绩效奖金 员工宿舍 上海中冶环保运营管理有限公司 环保国企50 150人 去聊聊 投递,,机械 点检 solidworks cad 零部件 机加工 一金 年终奖金 专业培训 交通 补贴 餐饮 补贴 定期 体检 通讯 补贴 绩效奖金 员工 宿舍 环保 国企 机械 点检 上海 宝山区 solidworks cad 零部件 机加工 一金 年终奖金 专业培训 交通 补贴 餐饮 补贴 定期 体检 通讯 补贴 绩效奖金 员工 宿舍 上海 中冶 环保 运营 管理 有限公司 环保 国企 聊聊 投递
410,轴承技术员,6-7千,6000.0,7000.0,6500.0,False,上海,奉贤区,芜湖人本汽车轴承有限公司,汽车零部件丨汽车研发/制造,民营,500-1000人,不限,未标明,五险一金|餐饮补贴|员工旅游|免费班车|节日福利|包住宿|培训|8小时|宿舍,9,轴承技术员 五险一金 餐饮补贴 员工旅游 免费班车 节日福利 包住宿 培训 8小时 宿舍 汽车零部件丨汽车研发 制造 民营 500 1000人 轴承技术员 6 7千 上海 奉贤区 五险一金 餐饮补贴 员工旅游 免费班车 节日福利 包住宿 培训 8小时 宿舍 芜湖人本汽车轴承有限公司 汽车零部件丨汽车研发 制造民营500 1000人 去聊聊 投递,,轴承 技术员 一金 餐饮 补贴 员工 旅游 免费 班车 节日 住宿 培训 小时 宿舍 汽车 零部件 汽车 研发 制造 民营 轴承 技术员 上海 奉贤区 一金 餐饮 补贴 员工 旅游 免费 班车 节日 住宿 培训 小时 宿舍 芜湖 汽车 轴承 有限公司 汽车 零部件 汽车 研发 制造 民营 聊聊 投递
411,技术工程师,4-7千,4000.0,7000.0,5500.0,False,上海,金山区,辽熙发动机（上海）有限公司,机械/设备/重工,民营,少于50人,不限,未标明,,0,技术工程师 机械 设备 重工 民营 少于50人 技术工程师 4 7千 上海 金山区 今日回复10+次 辽熙发动机 上海 有限公司 机械 设备 重工民营少于50人 去聊聊 投递,,技术 工程师 机械 设备 重工 民营 少于 技术 工程师 上海 金山区 今日 回复 + 辽熙 发动机 上海 有限公司 机械 设备 重工 民营 少于 聊聊 投递
412,轴承技术员（上海）,5-8千,5000.0,8000.0,6500.0,False,上海,奉贤区,芜湖人本汽车轴承有限公司,汽车零部件丨汽车研发/制造,民营,500-1000人,不限,未标明,机械|维护|保养|生产设备|生产工艺流程|设备操作维护|设备故障|五险一金|年终奖金|绩效奖金|专业培训|定期体检|餐饮补贴|员工旅游|带薪年假|节日福利,16,轴承技术员 上海 机械 维护 保养 生产设备 生产工艺流程 设备操作维护 设备故障 五险一金 年终奖金 绩效奖金 专业培训 定期体检 餐饮补贴 员工旅游 带薪年假 节日福利 汽车零部件丨汽车研发 制造 民营 500 1000人 轴承技术员 上海 5 8千 上海 奉贤区 今日处理简历3次 机械 维护 保养 生产设备 生产工艺流程 设备操作维护 设备故障 五险一金 年终奖金 绩效奖金 专业培训 定期体检 餐饮补贴 员工旅游 带薪年假 节日福利 芜湖人本汽车轴承有限公司 汽车零部件丨汽车研发 制造民营500 1000人 去聊聊 投递,,轴承 技术员 上海 机械 维护 保养 生产 设备 生产 工艺流程 设备 操作 维护 设备 故障 一金 年终奖金 绩效奖金 专业培训 定期 体检 餐饮 补贴 员工 旅游 节日 汽车 零部件 汽车 研发 制造 民营 轴承 技术员 上海 上海 奉贤区 今日 处理 简历 机械 维护 保养 生产 设备 生产 工艺流程 设备 操作 维护 设备 故障 一金 年终奖金 绩效奖金 专业培训 定期 体检 餐饮 补贴 员工 旅游 节日 芜湖 汽车 轴承 有限公司 汽车 零部件 汽车 研发 制造 民营 聊聊 投递
413,技术机械工程师,6千-1.2万·13薪,6000.0,12000.0,9000.0,False,上海,,特友粉体技术（上海）有限公司,机械/设备/重工,未标明,少于50人,不限,未标明,机械|机械设计|工程师|五险一金|交通补贴,5,技术机械工程师 机械 机械设计 工程师 五险一金 交通补贴 机械 设备 重工 外资 非欧美 少于50人 技术机械工程师 6千 1.2万 13薪 上海 本周查看简历2次 机械 机械设计 工程师 五险一金 交通补贴 特友粉体技术 上海 有限公司 机械 设备 重工外资 非欧美 少于50人 去聊聊 投递,,技术 机械 工程师 机械 机械设计 工程师 一金 交通 补贴 机械 设备 重工 外资 欧美 少于 技术 机械 工程师 上海 本周 查看 简历 机械 机械设计 工程师 一金 交通 补贴 特友 粉体 技术 上海 有限公司 机械 设备 重工 外资 欧美 少于 聊聊 投递
414,应届生（机电一体化专业）,7-9千,7000.0,9000.0,8000.0,False,上海,金山区,上海麦宝食品有限公司,食品/饮料/粮油,合资,150-500人,不限,无经验友好,五险一金|专业培训|绩效奖金|定期体检,4,应届生 机电一体化专业 五险一金 专业培训 绩效奖金 定期体检 食品 饮料 粮油 合资 150 500人 应届生 机电一体化专业 7 9千 上海 金山区 在线 五险一金 专业培训 绩效奖金 定期体检 上海麦宝食品有限公司 食品 饮料 粮油合资150 500人 去聊聊 投递,,应届生 机电 一体化 专业 一金 专业培训 绩效奖金 定期 体检 食品 饮料 粮油 合资 应届生 机电 一体化 专业 上海 金山区 在线 一金 专业培训 绩效奖金 定期 体检 上海 麦宝 食品 有限公司 食品 饮料 粮油 合资 聊聊 投递
415,压缩机检测助理工程师,5.5-6千,5500.0,6000.0,5750.0,False,上海,嘉定区,上海谦和泰技术有限公司,检测/认证,民营,50-150人,不限,未标明,制冷系统|压缩机|耐久测试|检测设备|五险一金|年终奖金|带薪年假|节日福利|周末双休|节假日|培训,11,压缩机检测助理工程师 制冷系统 压缩机 耐久测试 检测设备 五险一金 年终奖金 带薪年假 节日福利 周末双休 节假日 培训 检测 认证 民营 50 150人 压缩机检测助理工程师 5.5 6千 上海 嘉定区 制冷系统 压缩机 耐久测试 检测设备 五险一金 年终奖金 带薪年假 节日福利 周末双休 节假日 培训 上海谦和泰技术有限公司 检测 认证民营50 150人 去聊聊 投递,,压缩机 检测 助理工程师 制冷系统 压缩机 耐久 测试 检测 设备 一金 年终奖金 节日 周末 双休 节假日 培训 检测 认证 民营 压缩机 检测 助理工程师 上海 嘉定区 制冷系统 压缩机 耐久 测试 检测 设备 一金 年终奖金 节日 周末 双休 节假日 培训 上海 谦和 技术 有限公司 检测 认证 民营 聊聊 投递
416,机电一体化应届生,5-8千,5000.0,8000.0,6500.0,False,上海,青浦区,上海华友金裕微电子有限公司,电子/半导体/集成电路,合资,50-150人,不限,无经验友好,五险一金|绩效奖金|定期体检|专业培训|餐饮补贴|带薪年假|包吃|包吃包住,8,机电一体化应届生 五险一金 绩效奖金 定期体检 专业培训 餐饮补贴 带薪年假 包吃 包吃包住 电子 半导体 集成电路 合资 50 150人 机电一体化应届生 5 8千 上海 青浦区 本周查看简历1次 五险一金 绩效奖金 定期体检 专业培训 餐饮补贴 带薪年假 包吃 包吃包住 上海华友金裕微电子有限公司 电子 半导体 集成电路合资50 150人 去聊聊 投递,,机电 一体化 应届生 一金 绩效奖金 定期 体检 专业培训 餐饮 补贴 包吃 包吃包住 电子 半导体 集成电路 合资 机电 一体化 应届生 上海 青浦区 本周 查看 简历 一金 绩效奖金 定期 体检 专业培训 餐饮 补贴 包吃 包吃包住 上海 华友 金裕 微电子 有限公司 电子 半导体 集成电路 合资 聊聊 投递
417,现场工程师—机械类毕业三年内,6-8千·13薪,6000.0,8000.0,7000.0,False,上海,奉贤区,浙江辛子精工机械有限公司,货运/物流/仓储,民营,1000-5000人,不限,未标明,调试|机械设计|安装|维护|绘图软件|产品测试|机械工程|机械结构|五险一金|年终奖金|员工旅游|带薪年假|包吃|包住|有餐补|高温补贴|生日补贴|节假日补贴,18,现场工程师 机械类毕业三年内 调试 机械设计 安装 维护 绘图软件 产品测试 机械工程 机械结构 五险一金 年终奖金 员工旅游 带薪年假 包吃 包住 有餐补 高温补贴 生日补贴 节假日补贴 货运 物流 仓储 民营 1000 5000人 现场工程师 机械类毕业三年内 6 8千 13薪 上海 奉贤区 调试 机械设计 安装 维护 绘图软件 产品测试 机械工程 机械结构 五险一金 年终奖金 员工旅游 带薪年假 包吃 包住 有餐补 高温补贴 生日补贴 节假日补贴 浙江辛子精工机械有限公司 货运 物流 仓储民营1000 5000人 去聊聊 投递,,现场 工程师 机械类 毕业 三年 调试 机械设计 安装 维护 绘图 软件 产品 测试 机械工程 机械 结构 一金 年终奖金 员工 旅游 包吃 包住 有餐 高温 补贴 生日 补贴 节假日 补贴 货运 物流 仓储 民营 现场 工程师 机械类 毕业 三年 上海 奉贤区 调试 机械设计 安装 维护 绘图 软件 产品 测试 机械工程 机械 结构 一金 年终奖金 员工 旅游 包吃 包住 有餐 高温 补贴 生日 补贴 节假日 补贴 浙江 辛子 精工 机械 有限公司 货运 物流 仓储 民营 聊聊 投递
418,Apprentice Mechanics/学徒机械员,10-12万/年,10000.0,120000.0,65000.0,False,上海,,上海普惠飞机发动机维修有限公司,船舶/航空/航天,合资,150-500人,不限,未标明,航空行业|五险一金|补充医疗保险|补充公积金|免费班车|交通补贴|餐饮补贴|专业培训|定期体检|年终奖金,10,Apprentice Mechanics 学徒机械员 航空行业 五险一金 补充医疗保险 补充公积金 免费班车 交通补贴 餐饮补贴 专业培训 定期体检 年终奖金 船舶 航空 航天 合资 150 500人 Apprentice Mechanics 学徒机械员 10 12万 年 上海 航空行业 五险一金 补充医疗保险 补充公积金 免费班车 交通补贴 餐饮补贴 专业培训 定期体检 年终奖金 上海普惠飞机发动机维修有限公司 船舶 航空 航天合资150 500人 去聊聊 投递,,Apprentice Mechanics 学徒 机械 航空 行业 一金 补充 医疗保险 补充 公积金 免费 班车 交通 补贴 餐饮 补贴 专业培训 定期 体检 年终奖金 船舶 航空 航天 合资 Apprentice Mechanics 学徒 机械 上海 航空 行业 一金 补充 医疗保险 补充 公积金 免费 班车 交通 补贴 餐饮 补贴 专业培训 定期 体检 年终奖金 上海 普惠 飞机 发动机 维修 有限公司 船舶 航空 航天 合资 聊聊 投递
419,机械工程师-输送设备,6-8千,6000.0,8000.0,7000.0,False,上海,,上海米赛么工业自动化有限公司,仪器仪表/工业自动化,民营,少于50人,不限,未标明,五险一金,1,机械工程师 输送设备 五险一金 仪器仪表 工业自动化 民营 少于50人 机械工程师 输送设备 6 8千 上海 五险一金 上海米赛么工业自动化有限公司 仪器仪表 工业自动化民营少于50人 去聊聊 投递,,机械 工程师 输送 设备 一金 仪器仪表 工业 自动化 民营 少于 机械 工程师 输送 设备 上海 一金 上海 米赛 工业 自动化 有限公司 仪器仪表 工业 自动化 民营 少于 聊聊 投递
420,设备工程师助理,6-9千,6000.0,9000.0,7500.0,False,上海,虹口区,上海朗日工程技术有限公司,机械/设备/重工,民营,少于50人,不限,未标明,压力容器|静设备|设备|五险一金|年终奖金|带薪年假|节日福利|加班少,8,设备工程师助理 压力容器 静设备 设备 五险一金 年终奖金 带薪年假 节日福利 加班少 机械 设备 重工 民营 少于50人 设备工程师助理 6 9千 上海 虹口区 本周操作面试1次 压力容器 静设备 设备 五险一金 年终奖金 带薪年假 节日福利 加班少 上海朗日工程技术有限公司 机械 设备 重工民营少于50人 去聊聊 投递,,设备 工程师 助理 压力容器 设备 设备 一金 年终奖金 节日 加班 机械 设备 重工 民营 少于 设备 工程师 助理 上海 虹口区 本周 操作 面试 压力容器 设备 设备 一金 年终奖金 节日 加班 上海 朗日 工程技术 有限公司 机械 设备 重工 民营 少于 聊聊 投递
421,机械工程师,5千-1万·13薪,5000.0,10000.0,7500.0,False,上海,松江区,上海塔池机械有限公司,机械/设备/重工丨汽车零部件,民营,50-150人,不限,未标明,培训,1,机械工程师 培训 机械 设备 重工丨汽车零部件 民营 50 150人 机械工程师 5千 1万 13薪 上海 松江区 培训 上海塔池机械有限公司 机械 设备 重工丨汽车零部件民营50 150人 去聊聊 投递,,机械 工程师 培训 机械 设备 重工 汽车 零部件 民营 机械 工程师 上海 松江区 培训 上海 塔池 机械 有限公司 机械 设备 重工 汽车 零部件 民营 聊聊 投递
422,维修钳工,6-8千,6000.0,8000.0,7000.0,False,上海,嘉定区,上海金泰工程机械有限公司,机械/设备/重工,国企,500-1000人,不限,未标明,数据分析|维修|数控车床|车床|机床|机械图纸|保养|磨床|钻床|镗床|五险一金|绩效奖金|年终奖金|餐饮补贴|节日福利|定期体检|带薪年假|交通补贴,18,维修钳工 数据分析 维修 数控车床 车床 机床 机械图纸 保养 磨床 钻床 镗床 五险一金 绩效奖金 年终奖金 餐饮补贴 节日福利 定期体检 带薪年假 交通补贴 机械 设备 重工 国企 500 1000人 维修钳工 6 8千 上海 嘉定区 数据分析 维修 数控车床 车床 机床 机械图纸 保养 磨床 钻床 镗床 五险一金 绩效奖金 年终奖金 餐饮补贴 节日福利 定期体检 带薪年假 交通补贴 上海金泰工程机械有限公司 机械 设备 重工国企500 1000人 去聊聊 投递,,维修 钳工 数据分析 维修 数控车床 车床 机床 机械 图纸 保养 磨床 钻床 镗床 一金 绩效奖金 年终奖金 餐饮 补贴 节日 定期 体检 交通 补贴 机械 设备 重工 国企 维修 钳工 上海 嘉定区 数据分析 维修 数控车床 车床 机床 机械 图纸 保养 磨床 钻床 镗床 一金 绩效奖金 年终奖金 餐饮 补贴 节日 定期 体检 交通 补贴 上海 金泰 工程机械 有限公司 机械 设备 重工 国企 聊聊 投递
423,机床装配工程师（毕业生）,5-7千,5000.0,7000.0,6000.0,False,上海,,帕马（上海）机床有限公司,机械/设备/重工,未标明,50-150人,不限,未标明,调试|自动化|数控机床|bom|安装|维护保养|机械图纸|量具|五险一金|年终奖金|绩效奖金|定期体检|带薪年假|节日福利|周末双休|补充医疗保险|技能培训|培训|能力优先|住房补贴|带薪病假,21,机床装配工程师 毕业生 调试 自动化 数控机床 bom 安装 维护保养 机械图纸 量具 五险一金 年终奖金 绩效奖金 定期体检 带薪年假 节日福利 周末双休 补充医疗保险 技能培训 培训 能力优先 住房补贴 带薪病假 机械 设备 重工 外资 欧美 50 150人 机床装配工程师 毕业生 5 7千 上海 本周查看简历1次 调试 自动化 数控机床 bom 安装 维护保养 机械图纸 量具 五险一金 年终奖金 绩效奖金 定期体检 带薪年假 节日福利 周末双休 补充医疗保险 技能培训 培训 能力优先 住房补贴 带薪病假 帕马 上海 机床有限公司 机械 设备 重工外资 欧美 50 150人 去聊聊 投递,,机床 装配 工程师 毕业生 调试 自动化 数控机床 bom 安装 维护 保养 机械 图纸 量具 一金 年终奖金 绩效奖金 定期 体检 节日 周末 双休 补充 医疗保险 技能 培训 培训 能力 住房补贴 病假 机械 设备 重工 外资 欧美 机床 装配 工程师 毕业生 上海 本周 查看 简历 调试 自动化 数控机床 bom 安装 维护 保养 机械 图纸 量具 一金 年终奖金 绩效奖金 定期 体检 节日 周末 双休 补充 医疗保险 技能 培训 培训 能力 住房补贴 病假 帕马 上海 机床 有限公司 机械 设备 重工 外资 欧美 聊聊 投递
424,轴承技术员,6-8千·13薪,6000.0,8000.0,7000.0,False,上海,,浙江辛子精工机械有限公司,货运/物流/仓储,民营,1000-5000人,不限,未标明,机加工|轴承|五险一金|绩效奖金|年终奖金|专业培训|餐饮补贴|节日福利|定期体检|员工旅游|带薪年假|餐补|师傅带教|高温补贴|生日补贴|节假日补贴|平台发展,17,轴承技术员 机加工 轴承 五险一金 绩效奖金 年终奖金 专业培训 餐饮补贴 节日福利 定期体检 员工旅游 带薪年假 餐补 师傅带教 高温补贴 生日补贴 节假日补贴 平台发展 货运 物流 仓储 民营 1000 5000人 轴承技术员 6 8千 13薪 上海 机加工 轴承 五险一金 绩效奖金 年终奖金 专业培训 餐饮补贴 节日福利 定期体检 员工旅游 带薪年假 餐补 师傅带教 高温补贴 生日补贴 节假日补贴 平台发展 浙江辛子精工机械有限公司 货运 物流 仓储民营1000 5000人 去聊聊 投递,,轴承 技术员 机加工 轴承 一金 绩效奖金 年终奖金 专业培训 餐饮 补贴 节日 定期 体检 员工 旅游 餐补 师傅 带教 高温 补贴 生日 补贴 节假日 补贴 平台 发展 货运 物流 仓储 民营 轴承 技术员 上海 机加工 轴承 一金 绩效奖金 年终奖金 专业培训 餐饮 补贴 节日 定期 体检 员工 旅游 餐补 师傅 带教 高温 补贴 生日 补贴 节假日 补贴 平台 发展 浙江 辛子 精工 机械 有限公司 货运 物流 仓储 民营 聊聊 投递
425,机械设备调试（纯机械）,8千-1万,8000.0,10000.0,9000.0,False,上海,嘉定区,瑞光（上海）电气设备有限公司,汽车研发/制造丨机械/设备/重工丨印刷/包装/造纸,未标明,150-500人,不限,未标明,机械|调试|自动化|组装|现场调试|功能验证|机械故障|机械传动原理|机械故障诊断|五险一金|免费班车|年终奖金|定期体检|加班补贴|节日福利|高温补贴|做五休二,17,机械设备调试 纯机械 机械 调试 自动化 组装 现场调试 功能验证 机械故障 机械传动原理 机械故障诊断 五险一金 免费班车 年终奖金 定期体检 加班补贴 节日福利 高温补贴 做五休二 汽车研发 制造丨机械 设备 重工丨印刷 包装 造纸 外资 非欧美 150 500人 机械设备调试 纯机械 8千 1万 上海 嘉定区 本周查看简历1次 机械 调试 自动化 组装 现场调试 功能验证 机械故障 机械传动原理 机械故障诊断 五险一金 免费班车 年终奖金 定期体检 加班补贴 节日福利 高温补贴 做五休二 瑞光 上海 电气设备有限公司 汽车研发 制造丨机械 设备 重工丨印刷 包装 造纸外资 非欧美 150 500人 去聊聊 投递,,机械设备 调试 机械 机械 调试 自动化 组装 现场 调试 功能 验证 机械故障 机械传动 原理 机械 故障诊断 一金 免费 班车 年终奖金 定期 体检 加班 补贴 节日 高温 补贴 做五休 汽车 研发 制造 机械 设备 重工 印刷 包装 造纸 外资 欧美 机械设备 调试 机械 上海 嘉定区 本周 查看 简历 机械 调试 自动化 组装 现场 调试 功能 验证 机械故障 机械传动 原理 机械 故障诊断 一金 免费 班车 年终奖金 定期 体检 加班 补贴 节日 高温 补贴 做五休 瑞光 上海 电气设备 有限公司 汽车 研发 制造 机械 设备 重工 印刷 包装 造纸 外资 欧美 聊聊 投递
426,维修技术人员,6-8千,6000.0,8000.0,7000.0,False,上海,浦东新区,四川海特高新技术股份有限公司,船舶/航空/航天,未标明,1000-5000人,不限,未标明,维护|附件维修|五险一金|补充医疗保险|免费班车|员工旅游|交通补贴|餐饮补贴|专业培训|年终奖金|定期体检,11,维修技术人员 维护 附件维修 五险一金 补充医疗保险 免费班车 员工旅游 交通补贴 餐饮补贴 专业培训 年终奖金 定期体检 船舶 航空 航天 已上市 1000 5000人 维修技术人员 6 8千 上海 浦东新区 维护 附件维修 五险一金 补充医疗保险 免费班车 员工旅游 交通补贴 餐饮补贴 专业培训 年终奖金 定期体检 四川海特高新技术股份有限公司 船舶 航空 航天已上市1000 5000人 去聊聊 投递,,维修 技术人员 维护 附件 维修 一金 补充 医疗保险 免费 班车 员工 旅游 交通 补贴 餐饮 补贴 专业培训 年终奖金 定期 体检 船舶 航空 航天 上市 维修 技术人员 上海 浦东新区 维护 附件 维修 一金 补充 医疗保险 免费 班车 员工 旅游 交通 补贴 餐饮 补贴 专业培训 年终奖金 定期 体检 四川 海特 高新技术 股份 有限公司 船舶 航空 航天 上市 聊聊 投递
427,机械工程师,7千-1万,7000.0,10000.0,8500.0,False,上海,嘉定区,晋康半导体科技（上海）有限公司,电子/半导体/集成电路丨原材料和加工丨机械/设备/重工,民营,50-150人,不限,未标明,带薪年假|五险一金|包吃|节日福利|加班补贴|绩效奖金|年终奖金|员工旅游|住房补贴,9,机械工程师 带薪年假 五险一金 包吃 节日福利 加班补贴 绩效奖金 年终奖金 员工旅游 住房补贴 电子 半导体 集成电路丨原材料和加工丨机械 设备 重工 民营 50 150人 机械工程师 7千 1万 上海 嘉定区 带薪年假 五险一金 包吃 节日福利 加班补贴 绩效奖金 年终奖金 员工旅游 住房补贴 晋康半导体科技 上海 有限公司 电子 半导体 集成电路丨原材料和加工丨机械 设备 重工民营50 150人 去聊聊 投递,,机械 工程师 一金 包吃 节日 加班 补贴 绩效奖金 年终奖金 员工 旅游 住房补贴 电子 半导体 集成电路 原材料 加工 机械 设备 重工 民营 机械 工程师 上海 嘉定区 一金 包吃 节日 加班 补贴 绩效奖金 年终奖金 员工 旅游 住房补贴 晋康 半导体 科技 上海 有限公司 电子 半导体 集成电路 原材料 加工 机械 设备 重工 民营 聊聊 投递
428,机械设备工程师,12-15万/年,12000.0,150000.0,81000.0,False,上海,,光驰科技（上海）有限公司,机械/设备/重工,未标明,500-1000人,不限,未标明,机械|调试|英语|售后|机械制造|设备安装|设备安装调试|机械装配|机械识图|工时统计,10,机械设备工程师 机械 调试 英语 售后 机械制造 设备安装 设备安装调试 机械装配 机械识图 工时统计 机械 设备 重工 外资 非欧美 500 1000人 机械设备工程师 12 15万 年 上海 机械 调试 英语 售后 机械制造 设备安装 设备安装调试 机械装配 机械识图 工时统计 光驰科技 上海 有限公司 机械 设备 重工外资 非欧美 500 1000人 去聊聊 投递,,机械设备 工程师 机械 调试 英语 售后 机械制造 设备 安装 设备 安装 调试 机械 装配 机械 识图 工时 统计 机械 设备 重工 外资 欧美 机械设备 工程师 上海 机械 调试 英语 售后 机械制造 设备 安装 设备 安装 调试 机械 装配 机械 识图 工时 统计 光驰 科技 上海 有限公司 机械 设备 重工 外资 欧美 聊聊 投递
429,技术部实习生,3千及以下,3000.0,3000.0,3000.0,False,上海,静安区,上海宝欧工业自动化有限公司,电子/半导体/集成电路,民营,少于50人,不限,未标明,计算机|调试|软件开发|数据统计|维护|资料整理|技术服务|改造|维保|机电设备|五险一金|带薪年假|年终奖金|绩效奖金,14,技术部实习生 计算机 调试 软件开发 数据统计 维护 资料整理 技术服务 改造 维保 机电设备 五险一金 带薪年假 年终奖金 绩效奖金 电子 半导体 集成电路 民营 少于50人 技术部实习生 3千及以下 上海 静安区 本周查看简历1次 计算机 调试 软件开发 数据统计 维护 资料整理 技术服务 改造 维保 机电设备 五险一金 带薪年假 年终奖金 绩效奖金 上海宝欧工业自动化有限公司 电子 半导体 集成电路民营少于50人 去聊聊 投递,,技术部 实习生 计算机 调试 软件开发 数据 统计 维护 资料 整理 技术 服务 改造 维保 机电设备 一金 年终奖金 绩效奖金 电子 半导体 集成电路 民营 少于 技术部 实习生 千及 上海 静安区 本周 查看 简历 计算机 调试 软件开发 数据 统计 维护 资料 整理 技术 服务 改造 维保 机电设备 一金 年终奖金 绩效奖金 上海 宝欧 工业 自动化 有限公司 电子 半导体 集成电路 民营 少于 聊聊 投递
430,机械钳工、生产，安装，调试,6-8千,6000.0,8000.0,7000.0,False,上海,嘉定区,上海科甲电子有限公司,印刷/包装/造纸,民营,50-150人,不限,未标明,调试|图纸|生产|安装|维护|机械设备|故障排查|机械识图|员工旅游|定期体检|五险|年终绩效奖金|提供工作餐|国定假期放假,14,机械钳工 生产 安装 调试 调试 图纸 生产 安装 维护 机械设备 故障排查 机械识图 员工旅游 定期体检 五险 年终绩效奖金 提供工作餐 国定假期放假 印刷 包装 造纸 民营 50 150人 机械钳工 生产 安装 调试 6 8千 上海 嘉定区 调试 图纸 生产 安装 维护 机械设备 故障排查 机械识图 员工旅游 定期体检 五险 年终绩效奖金 提供工作餐 国定假期放假 上海科甲电子有限公司 印刷 包装 造纸民营50 150人 去聊聊 投递,,机械 钳工 生产 安装 调试 调试 图纸 生产 安装 维护 机械设备 故障 排查 机械 识图 员工 旅游 定期 体检 年终 绩效奖金 工作餐 国定 假期 放假 印刷 包装 造纸 民营 机械 钳工 生产 安装 调试 上海 嘉定区 调试 图纸 生产 安装 维护 机械设备 故障 排查 机械 识图 员工 旅游 定期 体检 年终 绩效奖金 工作餐 国定 假期 放假 上海 科甲 电子 有限公司 印刷 包装 造纸 民营 聊聊 投递
431,工艺员（生产储备）,5.5-6千,5500.0,6000.0,5750.0,False,上海,,上海清远管业科技股份有限公司,建材,民营,50-150人,不限,未标明,sop|调试|自动化设备|工艺优化|生产流程|开机|参数设定|包住,8,工艺员 生产储备 sop 调试 自动化设备 工艺优化 生产流程 开机 参数设定 包住 建材 民营 50 150人 工艺员 生产储备 5.5 6千 上海 今日回复10+次 sop 调试 自动化设备 工艺优化 生产流程 开机 参数设定 包住 上海清远管业科技股份有限公司 建材民营50 150人 去聊聊 投递,,工艺员 生产 储备 sop 调试 自动化 设备 工艺 优化 生产流程 开机 参数 设定 包住 建材 民营 工艺员 生产 储备 上海 今日 回复 + sop 调试 自动化 设备 工艺 优化 生产流程 开机 参数 设定 包住 上海 清远 管业 科技股份 有限公司 建材 民营 聊聊 投递
432,机械工程师,6-8千,6000.0,8000.0,7000.0,False,上海,嘉定区,上海统洁环保科技有限公司,环保,民营,50-150人,不限,未标明,水处理工程|环境工程|技术图纸|技术方案|工艺流程|水处理设备|超纯水设备|纯化水|五险一金|餐饮补贴|弹性工作,11,机械工程师 水处理工程 环境工程 技术图纸 技术方案 工艺流程 水处理设备 超纯水设备 纯化水 五险一金 餐饮补贴 弹性工作 环保 民营 50 150人 机械工程师 6 8千 上海 嘉定区 今日回复10+次 水处理工程 环境工程 技术图纸 技术方案 工艺流程 水处理设备 超纯水设备 纯化水 五险一金 餐饮补贴 弹性工作 上海统洁环保科技有限公司 环保民营50 150人 去聊聊 投递,,机械 工程师 处理 工程 环境工程 技术 图纸 技术 方案 工艺流程 处理 设备 超纯水 设备 纯化 一金 餐饮 补贴 弹性 环保 民营 机械 工程师 上海 嘉定区 今日 回复 + 处理 工程 环境工程 技术 图纸 技术 方案 工艺流程 处理 设备 超纯水 设备 纯化 一金 餐饮 补贴 弹性 上海 统洁 环保 科技 有限公司 环保 民营 聊聊 投递
433,机械工程师,7千-1万,7000.0,10000.0,8500.0,False,上海,松江区,上海凯森环保科技有限公司,环保,民营,50-150人,不限,未标明,cad|自动化|机械设计|solidworks|机械制图|方案设计|房补|五险一金|绩效奖金|包吃|节日福利|专业培训|补助|做五休二|带薪年假,15,机械工程师 cad 自动化 机械设计 solidworks 机械制图 方案设计 房补 五险一金 绩效奖金 包吃 节日福利 专业培训 补助 做五休二 带薪年假 环保 民营 50 150人 机械工程师 7千 1万 上海 松江区 51分钟前回复 cad 自动化 机械设计 solidworks 机械制图 方案设计 房补 五险一金 绩效奖金 包吃 节日福利 专业培训 补助 做五休二 带薪年假 上海凯森环保科技有限公司 环保民营50 150人 去聊聊 投递,,机械 工程师 cad 自动化 机械设计 solidworks 机械制图 方案设计 房补 一金 绩效奖金 包吃 节日 专业培训 补助 做五休 环保 民营 机械 工程师 上海 松江区 分钟 回复 cad 自动化 机械设计 solidworks 机械制图 方案设计 房补 一金 绩效奖金 包吃 节日 专业培训 补助 做五休 上海 凯森 环保 科技 有限公司 环保 民营 聊聊 投递
434,初级机械工程师（二维/三维）,5千-1万·13薪,5000.0,10000.0,7500.0,False,上海,闵行区,安思特管道系统工程（上海）有限公司,工程施工丨机械/设备/重工丨仪器仪表/工业自动化,未标明,50-150人,不限,未标明,design|mechanical|datasheets|p&id|CADworx|五险一金|专业培训|餐饮补贴|带薪年假|交通补贴|节日福利|补充医疗保险|弹性工作|带薪病假,14,初级机械工程师 二维 三维 design mechanical datasheets p id CADworx 五险一金 专业培训 餐饮补贴 带薪年假 交通补贴 节日福利 补充医疗保险 弹性工作 带薪病假 工程施工丨机械 设备 重工丨仪器仪表 工业自动化 外资 欧美 50 150人 初级机械工程师 二维 三维 5千 1万 13薪 上海 闵行区 design mechanical datasheets p id CADworx 五险一金 专业培训 餐饮补贴 带薪年假 交通补贴 节日福利 补充医疗保险 弹性工作 带薪病假 安思特管道系统工程 上海 有限公司 工程施工丨机械 设备 重工丨仪器仪表 工业自动化外资 欧美 50 150人 去聊聊 投递,,初级 机械 工程师 二维 三维 design mechanical datasheets p id CAD worx 一金 专业培训 餐饮 补贴 交通 补贴 节日 补充 医疗保险 弹性 病假 工程施工 机械 设备 重工 仪器仪表 工业 自动化 外资 欧美 初级 机械 工程师 二维 三维 上海 闵行区 design mechanical datasheets p id CAD worx 一金 专业培训 餐饮 补贴 交通 补贴 节日 补充 医疗保险 弹性 病假 安思特 管道 系统工程 上海 有限公司 工程施工 机械 设备 重工 仪器仪表 工业 自动化 外资 欧美 聊聊 投递
435,机械设计工程师,6-8千,6000.0,8000.0,7000.0,False,上海,松江区,积至工业设计（上海）有限公司,机械/设备/重工,民营,未标明,不限,未标明,五险一金|定期体检|餐饮补贴|员工旅游|带薪年假|培训,6,机械设计工程师 五险一金 定期体检 餐饮补贴 员工旅游 带薪年假 培训 机械 设备 重工 民营 机械设计工程师 6 8千 上海 松江区 五险一金 定期体检 餐饮补贴 员工旅游 带薪年假 培训 积至工业设计 上海 有限公司 机械 设备 重工民营 去聊聊 投递,,机械设计 工程师 一金 定期 体检 餐饮 补贴 员工 旅游 培训 机械 设备 重工 民营 机械设计 工程师 上海 松江区 一金 定期 体检 餐饮 补贴 员工 旅游 培训 积至 工业 设计 上海 有限公司 机械 设备 重工 民营 聊聊 投递
436,机械工程师,7千-1.1万,7000.0,11000.0,9000.0,False,上海,嘉定区,上海靖和实业有限公司,机械/设备/重工,民营,500-1000人,不限,未标明,培训|机械|ug|机械制造|机械工程|指导|质量|机械电子工程|工艺分析|soildworks|培训,11,机械工程师 培训 机械 ug 机械制造 机械工程 指导 质量 机械电子工程 工艺分析 soildworks 培训 机械 设备 重工 民营 500 1000人 机械工程师 7千 1.1万 上海 嘉定区 在线 10分钟前回复 培训 机械 ug 机械制造 机械工程 指导 质量 机械电子工程 工艺分析 soildworks 培训 上海靖和实业有限公司 机械 设备 重工民营500 1000人 去聊聊 投递,,机械 工程师 培训 机械 ug 机械制造 机械工程 指导 质量 机械 电子 工程 工艺 分析 soildworks 培训 机械 设备 重工 民营 机械 工程师 上海 嘉定区 在线 分钟 回复 培训 机械 ug 机械制造 机械工程 指导 质量 机械 电子 工程 工艺 分析 soildworks 培训 上海 实业 有限公司 机械 设备 重工 民营 聊聊 投递
437,技术销售工程师,5千-1万,5000.0,10000.0,7500.0,False,上海,浦东新区,东和恩泰实业（上海）有限公司,机械/设备/重工丨船舶/航空/航天,未标明,少于50人,不限,未标明,五险一金|绩效奖金|年终奖金|定期体检|餐饮补贴|员工旅游|带薪年假|节日福利|补充公积金|提供住宿|机械|理工科|英语cet_4|船舶海洋工程,14,技术销售工程师 五险一金 绩效奖金 年终奖金 定期体检 餐饮补贴 员工旅游 带薪年假 节日福利 补充公积金 提供住宿 机械 理工科 英语cet 4 船舶海洋工程 机械 设备 重工丨船舶 航空 航天 外资 非欧美 少于50人 技术销售工程师 5千 1万 上海 浦东新区 五险一金 绩效奖金 年终奖金 定期体检 餐饮补贴 员工旅游 带薪年假 节日福利 补充公积金 提供住宿 机械 理工科 英语cet 4 船舶海洋工程 东和恩泰实业 上海 有限公司 机械 设备 重工丨船舶 航空 航天外资 非欧美 少于50人 去聊聊 投递,,技术 销售 工程师 一金 绩效奖金 年终奖金 定期 体检 餐饮 补贴 员工 旅游 节日 补充 公积金 住宿 机械 理工科 英语 cet 船舶 海洋工程 机械 设备 重工 船舶 航空 航天 外资 欧美 少于 技术 销售 工程师 上海 浦东新区 一金 绩效奖金 年终奖金 定期 体检 餐饮 补贴 员工 旅游 节日 补充 公积金 住宿 机械 理工科 英语 cet 船舶 海洋工程 东和恩泰 实业 上海 有限公司 机械 设备 重工 船舶 航空 航天 外资 欧美 少于 聊聊 投递
438,机械工程师 海隆管道工程技术服务有限公司,8千-1万,8000.0,10000.0,9000.0,False,上海,宝山区,上海市宝山区人才工作局,政府/公共事业,事业单位,少于50人,不限,未标明,维修|维护|制图|测绘|故障排查|结构优化|设备技改|产线升级|五险一金|餐补|带薪年假|定期体检|新能源|专业培训|培训|绩效奖|车补|节日慰问|班车,19,机械工程师 海隆管道工程技术服务有限公司 维修 维护 制图 测绘 故障排查 结构优化 设备技改 产线升级 五险一金 餐补 带薪年假 定期体检 新能源 专业培训 培训 绩效奖 车补 节日慰问 班车 政府 公共事业 事业单位 少于50人 机械工程师 海隆管道工程技术服务有限公司 8千 1万 上海 宝山区 22分钟前回复 维修 维护 制图 测绘 故障排查 结构优化 设备技改 产线升级 五险一金 餐补 带薪年假 定期体检 新能源 专业培训 培训 绩效奖 车补 节日慰问 班车 上海市宝山区人才工作局 政府 公共事业事业单位少于50人 去聊聊 投递,,机械 工程师 海隆 管道工程 技术 服务 有限公司 维修 维护 制图 测绘 故障 排查 结构 优化 设备 技改 产线 升级 一金 餐补 定期 体检 新能源 专业培训 培训 绩效 车补 节日 慰问 班车 政府 公共事业 事业单位 少于 机械 工程师 海隆 管道工程 技术 服务 有限公司 上海 宝山区 分钟 回复 维修 维护 制图 测绘 故障 排查 结构 优化 设备 技改 产线 升级 一金 餐补 定期 体检 新能源 专业培训 培训 绩效 车补 节日 慰问 班车 上海市 宝山区 人才 政府 公共事业 事业单位 少于 聊聊 投递
439,技能人员储备,5千-1万,5000.0,10000.0,7500.0,False,上海,,上海南华兰陵电气有限公司,电气/电力/水利,合资,150-500人,不限,未标明,装配|电气自动化|钣金|数控|接线|装配图|6s管理|折弯|打磨|装配工艺|系统培训,11,技能人员储备 装配 电气自动化 钣金 数控 接线 装配图 6s管理 折弯 打磨 装配工艺 系统培训 电气 电力 水利 合资 150 500人 技能人员储备 5千 1万 上海 本周查看简历1次 装配 电气自动化 钣金 数控 接线 装配图 6s管理 折弯 打磨 装配工艺 系统培训 上海南华兰陵电气有限公司 电气 电力 水利合资150 500人 去聊聊 投递,,技能 人员 储备 装配 电气 自动化 数控 接线 装配图 6s 管理 折弯 打磨 装配 工艺 系统 培训 电气 电力 水利 合资 技能 人员 储备 上海 本周 查看 简历 装配 电气 自动化 数控 接线 装配图 6s 管理 折弯 打磨 装配 工艺 系统 培训 上海 南华 兰陵 电气 有限公司 电气 电力 水利 合资 聊聊 投递
440,技术销售工程师,5千-1万·13薪,5000.0,10000.0,7500.0,False,上海,浦东新区,东和恩泰实业（上海）有限公司,机械/设备/重工丨船舶/航空/航天,未标明,少于50人,不限,未标明,五险一金|绩效奖金|年终奖金|定期体检|餐饮补贴|员工旅游|带薪年假|节日福利|补充公积金|提供住宿|机械|理工科|英语cet_4|船舶海洋工程,14,技术销售工程师 五险一金 绩效奖金 年终奖金 定期体检 餐饮补贴 员工旅游 带薪年假 节日福利 补充公积金 提供住宿 机械 理工科 英语cet 4 船舶海洋工程 机械 设备 重工丨船舶 航空 航天 外资 非欧美 少于50人 技术销售工程师 5千 1万 13薪 上海 浦东新区 五险一金 绩效奖金 年终奖金 定期体检 餐饮补贴 员工旅游 带薪年假 节日福利 补充公积金 提供住宿 机械 理工科 英语cet 4 船舶海洋工程 东和恩泰实业 上海 有限公司 机械 设备 重工丨船舶 航空 航天外资 非欧美 少于50人 去聊聊 投递,,技术 销售 工程师 一金 绩效奖金 年终奖金 定期 体检 餐饮 补贴 员工 旅游 节日 补充 公积金 住宿 机械 理工科 英语 cet 船舶 海洋工程 机械 设备 重工 船舶 航空 航天 外资 欧美 少于 技术 销售 工程师 上海 浦东新区 一金 绩效奖金 年终奖金 定期 体检 餐饮 补贴 员工 旅游 节日 补充 公积金 住宿 机械 理工科 英语 cet 船舶 海洋工程 东和恩泰 实业 上海 有限公司 机械 设备 重工 船舶 航空 航天 外资 欧美 少于 聊聊 投递
441,机械工程师,8千-1万,8000.0,10000.0,9000.0,False,上海,嘉定区,上海精谱科技有限公司,仪器仪表/工业自动化,民营,50-150人,不限,未标明,免费班车|年终奖金|绩效奖金,3,机械工程师 免费班车 年终奖金 绩效奖金 仪器仪表 工业自动化 民营 50 150人 机械工程师 8千 1万 上海 嘉定区 免费班车 年终奖金 绩效奖金 上海精谱科技有限公司 仪器仪表 工业自动化民营50 150人 去聊聊 投递,,机械 工程师 免费 班车 年终奖金 绩效奖金 仪器仪表 工业 自动化 民营 机械 工程师 上海 嘉定区 免费 班车 年终奖金 绩效奖金 上海 精谱 科技 有限公司 仪器仪表 工业 自动化 民营 聊聊 投递
442,技术员,5-7千·13薪,5000.0,7000.0,6000.0,False,上海,浦东新区,上海恒伸祥汽车部件有限公司,汽车零部件,民营,50-150人,不限,未标明,五险一金|绩效奖金|定期体检|节日福利|工作餐|提供宿舍|培训,7,技术员 五险一金 绩效奖金 定期体检 节日福利 工作餐 提供宿舍 培训 汽车零部件 民营 50 150人 技术员 5 7千 13薪 上海 浦东新区 23分钟前回复 五险一金 绩效奖金 定期体检 节日福利 工作餐 提供宿舍 培训 上海恒伸祥汽车部件有限公司 汽车零部件民营50 150人 去聊聊 投递,,技术员 一金 绩效奖金 定期 体检 节日 工作餐 宿舍 培训 汽车 零部件 民营 技术员 上海 浦东新区 分钟 回复 一金 绩效奖金 定期 体检 节日 工作餐 宿舍 培训 上海 伸祥 汽车部件 有限公司 汽车 零部件 民营 聊聊 投递
443,机械制图,6-9千·13薪,6000.0,9000.0,7500.0,False,上海,金山区,上海瑞荟流体技术有限公司,机械/设备/重工,民营,少于50人,不限,未标明,五险一金|年终奖金|节日福利|全勤奖|免费工作餐|高温费,6,机械制图 五险一金 年终奖金 节日福利 全勤奖 免费工作餐 高温费 机械 设备 重工 民营 少于50人 机械制图 6 9千 13薪 上海 金山区 今日回复6次 五险一金 年终奖金 节日福利 全勤奖 免费工作餐 高温费 上海瑞荟流体技术有限公司 机械 设备 重工民营少于50人 去聊聊 投递,,机械制图 一金 年终奖金 节日 全勤奖 免费 工作餐 高温 机械 设备 重工 民营 少于 机械制图 上海 金山区 今日 回复 一金 年终奖金 节日 全勤奖 免费 工作餐 高温 海瑞 流体 技术 有限公司 机械 设备 重工 民营 少于 聊聊 投递
444,机械结构工程师,6.5-7.5千,6500.0,7500.0,7000.0,False,上海,奉贤区,上海颐坤自动化控制设备有限公司,电子技术/半导体/集成电路,民营,50-150人,不限,未标明,五险一金|专业培训|餐饮补贴|带薪年假|周末双休,5,机械结构工程师 五险一金 专业培训 餐饮补贴 带薪年假 周末双休 电子技术 半导体 集成电路 民营 50 150人 机械结构工程师 6.5 7.5千 上海 奉贤区 五险一金 专业培训 餐饮补贴 带薪年假 周末双休 上海颐坤自动化控制设备有限公司 电子技术 半导体 集成电路民营50 150人 去聊聊 投递,,机械 结构 工程师 一金 专业培训 餐饮 补贴 周末 双休 电子 技术 半导体 集成电路 民营 机械 结构 工程师 上海 奉贤区 一金 专业培训 餐饮 补贴 周末 双休 上海 颐坤 自动化 控制 设备 有限公司 电子 技术 半导体 集成电路 民营 聊聊 投递
445,营业担当--沈阳/大连/长春/哈尔滨,6-8千,6000.0,8000.0,7000.0,False,远程办公,,三菱铅笔贸易（上海）有限公司,批发/零售,未标明,少于50人,不限,未标明,办公软件|客户关系|快速消费品|维护|销售报表|市场销售|门店维护|销售跟进|销售促销,9,营业担当 沈阳 大连 长春 哈尔滨 办公软件 客户关系 快速消费品 维护 销售报表 市场销售 门店维护 销售跟进 销售促销 批发 零售 外资 非欧美 少于50人 营业担当 沈阳 大连 长春 哈尔滨 6 8千 远程办公 1分钟前回复 办公软件 客户关系 快速消费品 维护 销售报表 市场销售 门店维护 销售跟进 销售促销 三菱铅笔贸易 上海 有限公司 批发 零售外资 非欧美 少于50人 去聊聊 投递,,营业 担当 沈阳 大连 长春 哈尔滨 办公软件 客户关系 快速 消费品 维护 销售 报表 市场 销售 门店 维护 销售 跟进 销售 促销 批发 零售 外资 欧美 少于 营业 担当 沈阳 大连 长春 哈尔滨 远程 办公 分钟 回复 办公软件 客户关系 快速 消费品 维护 销售 报表 市场 销售 门店 维护 销售 跟进 销售 促销 三菱 铅笔 贸易 上海 有限公司 批发 零售 外资 欧美 少于 聊聊 投递
446,设备操作工/检修工,5-6千,5000.0,6000.0,5500.0,False,上海,静安区,上海庭礼实业有限公司,电气/电力/水利,民营,50-150人,不限,未标明,隐患排查|安全操作规程|使用管理|工器具|安全工器具|现场安全检查|五险一金|岗位培训|体检|宿舍|非流水线,11,设备操作工 检修工 隐患排查 安全操作规程 使用管理 工器具 安全工器具 现场安全检查 五险一金 岗位培训 体检 宿舍 非流水线 电气 电力 水利 民营 50 150人 设备操作工 检修工 5 6千 上海 静安区 隐患排查 安全操作规程 使用管理 工器具 安全工器具 现场安全检查 五险一金 岗位培训 体检 宿舍 非流水线 上海庭礼实业有限公司 电气 电力 水利民营50 150人 去聊聊 投递,,设备 操作工 检修 隐患 排查 安全 操作规程 使用 管理 器具 安全 器具 现场 安全检查 一金 岗位培训 体检 宿舍 流水线 电气 电力 水利 民营 设备 操作工 检修 上海 静安区 隐患 排查 安全 操作规程 使用 管理 器具 安全 器具 现场 安全检查 一金 岗位培训 体检 宿舍 流水线 上海 庭礼 实业 有限公司 电气 电力 水利 民营 聊聊 投递
447,中国龙工,7-9千,7000.0,9000.0,8000.0,False,上海,松江区,上海鹏阑人力资源有限公司,生活服务,民营,少于50人,不限,未标明,包住|高温补贴|饭补,3,中国龙工 包住 高温补贴 饭补 生活服务 民营 少于50人 中国龙工 7 9千 上海 松江区 包住 高温补贴 饭补 上海鹏阑人力资源有限公司 生活服务民营少于50人 去聊聊 投递,,中国 龙工 包住 高温 补贴 饭补 生活 服务 民营 少于 中国 龙工 上海 松江区 包住 高温 补贴 饭补 上海 人力资源 有限公司 生活 服务 民营 少于 聊聊 投递
448,安全工器具操作岗,5-6千,5000.0,6000.0,5500.0,False,上海,静安区,上海庭礼实业有限公司,电气/电力/水利,民营,50-150人,不限,未标明,安全操作规程|使用管理|工器具|安全工器具|现场安全检查|五险一金|岗位培训|体检|宿舍|非流水线,10,安全工器具操作岗 安全操作规程 使用管理 工器具 安全工器具 现场安全检查 五险一金 岗位培训 体检 宿舍 非流水线 电气 电力 水利 民营 50 150人 安全工器具操作岗 5 6千 上海 静安区 安全操作规程 使用管理 工器具 安全工器具 现场安全检查 五险一金 岗位培训 体检 宿舍 非流水线 上海庭礼实业有限公司 电气 电力 水利民营50 150人 去聊聊 投递,,安全 器具 操作 安全 操作规程 使用 管理 器具 安全 器具 现场 安全检查 一金 岗位培训 体检 宿舍 流水线 电气 电力 水利 民营 安全 器具 操作 上海 静安区 安全 操作规程 使用 管理 器具 安全 器具 现场 安全检查 一金 岗位培训 体检 宿舍 流水线 上海 庭礼 实业 有限公司 电气 电力 水利 民营 聊聊 投递
449,设备智能制造运维 接收无经验,6千-1.2万,6000.0,12000.0,9000.0,False,上海,,安徽佶祥企业管理有限公司,中介服务,民营,少于50人,不限,无经验友好,带薪休假|工作餐|带薪年假|节假日|补助|免费住宿,6,设备智能制造运维 接收无经验 带薪休假 工作餐 带薪年假 节假日 补助 免费住宿 中介服务 民营 少于50人 设备智能制造运维 接收无经验 6千 1.2万 上海 带薪休假 工作餐 带薪年假 节假日 补助 免费住宿 安徽佶祥企业管理有限公司 中介服务民营少于50人 去聊聊 投递,,设备 智能 制造 运维 接收 经验 带薪休假 工作餐 节假日 补助 免费 住宿 中介 服务 民营 少于 设备 智能 制造 运维 接收 经验 上海 带薪休假 工作餐 节假日 补助 免费 住宿 安徽 佶祥 企业 管理 有限公司 中介 服务 民营 少于 聊聊 投递
450,加氢员,4-7千·13薪,4000.0,7000.0,5500.0,False,上海,嘉定区,上海舜华新能源系统有限公司,新能源,国企,150-500人,不限,未标明,五险一金|餐饮补贴|通讯补贴|交通补贴|专业培训|绩效奖金|年终奖金|维修|现场管理|维护保养|安全|交接班|生产数据统计|氢气|加氢站|氢能|故障报修,17,加氢员 五险一金 餐饮补贴 通讯补贴 交通补贴 专业培训 绩效奖金 年终奖金 维修 现场管理 维护保养 安全 交接班 生产数据统计 氢气 加氢站 氢能 故障报修 新能源 国企 150 500人 加氢员 4 7千 13薪 上海 嘉定区 今日回复10+次 五险一金 餐饮补贴 通讯补贴 交通补贴 专业培训 绩效奖金 年终奖金 维修 现场管理 维护保养 安全 交接班 生产数据统计 氢气 加氢站 氢能 故障报修 上海舜华新能源系统有限公司 新能源国企150 500人 去聊聊 投递,,加氢 一金 餐饮 补贴 通讯 补贴 交通 补贴 专业培训 绩效奖金 年终奖金 维修 现场 管理 维护 保养 安全 交接班 生产 数据 统计 氢气 加氢 氢能 故障 报修 新能源 国企 加氢 上海 嘉定区 今日 回复 + 一金 餐饮 补贴 通讯 补贴 交通 补贴 专业培训 绩效奖金 年终奖金 维修 现场 管理 维护 保养 安全 交接班 生产 数据 统计 氢气 加氢 氢能 故障 报修 上海 华新 能源 系统 有限公司 新能源 国企 聊聊 投递
451,机器人维保运维工（初级）,6-7.5千,6000.0,7500.0,6750.0,False,上海,宝山区,上海铁路机车车辆发展有限公司,交通/运输/客运,国企,500-1000人,不限,未标明,设备维护检修|电工资质|五险一金|节假日福利|专业培训|定期体检,6,机器人维保运维工 初级 设备维护检修 电工资质 五险一金 节假日福利 专业培训 定期体检 交通 运输 客运 国企 500 1000人 机器人维保运维工 初级 6 7.5千 上海 宝山区 设备维护检修 电工资质 五险一金 节假日福利 专业培训 定期体检 上海铁路机车车辆发展有限公司 交通 运输 客运国企500 1000人 去聊聊 投递,,机器人 维保 运维 初级 设备 维护 检修 电工 资质 一金 节假日 专业培训 定期 体检 交通 运输 客运 国企 机器人 维保 运维 初级 上海 宝山区 设备 维护 检修 电工 资质 一金 节假日 专业培训 定期 体检 上海 铁路 机车车辆 发展 有限公司 交通 运输 客运 国企 聊聊 投递
452,安装维修钳工,6-8千,6000.0,8000.0,7000.0,False,上海,松江区,信安诺医药科技（上海）有限公司,制药/生物工程,民营,50-150人,不限,未标明,药学|gmp|制药工程|bom|装配|生物医药|工艺设计|dq|化工工艺|化学工程|五险一金|包吃包住|专业培训|员工旅游|年终奖金|通讯补贴,16,安装维修钳工 药学 gmp 制药工程 bom 装配 生物医药 工艺设计 dq 化工工艺 化学工程 五险一金 包吃包住 专业培训 员工旅游 年终奖金 通讯补贴 制药 生物工程 民营 50 150人 安装维修钳工 6 8千 上海 松江区 药学 gmp 制药工程 bom 装配 生物医药 工艺设计 dq 化工工艺 化学工程 五险一金 包吃包住 专业培训 员工旅游 年终奖金 通讯补贴 信安诺医药科技 上海 有限公司 制药 生物工程民营50 150人 去聊聊 投递,,安装 维修 钳工 药学 gmp 制药 工程 bom 装配 生物医药 工艺 设计 dq 化工 工艺 化学工程 一金 包吃包住 专业培训 员工 旅游 年终奖金 通讯 补贴 制药 生物工程 民营 安装 维修 钳工 上海 松江区 药学 gmp 制药 工程 bom 装配 生物医药 工艺 设计 dq 化工 工艺 化学工程 一金 包吃包住 专业培训 员工 旅游 年终奖金 通讯 补贴 信安诺 医药 科技 上海 有限公司 制药 生物工程 民营 聊聊 投递
453,检验员-2027届实习生,3-4千,3000.0,4000.0,3500.0,False,上海,松江区,上海精稳密封技术有限公司,船舶/航空/航天丨机械/设备/重工,民营,少于50人,不限,未标明,检验工具|去毛刺|检验产品|量尺寸|外观清洁|检验|免费工作餐,7,检验员 2027届实习生 检验工具 去毛刺 检验产品 量尺寸 外观清洁 检验 免费工作餐 船舶 航空 航天丨机械 设备 重工 民营 少于50人 检验员 2027届实习生 3 4千 上海 松江区 检验工具 去毛刺 检验产品 量尺寸 外观清洁 检验 免费工作餐 上海精稳密封技术有限公司 船舶 航空 航天丨机械 设备 重工民营少于50人 去聊聊 投递,,检验员 实习生 检验 工具 毛刺 检验 产品 量尺寸 外观 清洁 检验 免费 工作餐 船舶 航空 航天 机械 设备 重工 民营 少于 检验员 实习生 上海 松江区 检验 工具 毛刺 检验 产品 量尺寸 外观 清洁 检验 免费 工作餐 上海 精稳 密封 技术 有限公司 船舶 航空 航天 机械 设备 重工 民营 少于 聊聊 投递
454,仓库管理员(工具管理）,5-6千·13薪,5000.0,6000.0,5500.0,False,上海,长宁区,东航飞机维修工程（上海）有限公司,船舶/航空/航天,国企,500-1000人,不限,未标明,工具管理|五险一金|年终奖金|带薪年假|定期体检|加班补贴|节日福利|高温补贴|免费班车|年底双薪|交通补贴|通讯补贴|伙食补贴,13,仓库管理员 工具管理 工具管理 五险一金 年终奖金 带薪年假 定期体检 加班补贴 节日福利 高温补贴 免费班车 年底双薪 交通补贴 通讯补贴 伙食补贴 船舶 航空 航天 国企 500 1000人 仓库管理员 工具管理 5 6千 13薪 上海 长宁区 工具管理 五险一金 年终奖金 带薪年假 定期体检 加班补贴 节日福利 高温补贴 免费班车 年底双薪 交通补贴 通讯补贴 伙食补贴 东航飞机维修工程 上海 有限公司 船舶 航空 航天国企500 1000人 去聊聊 投递,,仓库 管理员 工具 管理 工具 管理 一金 年终奖金 定期 体检 加班 补贴 节日 高温 补贴 免费 班车 年底 双薪 交通 补贴 通讯 补贴 伙食 补贴 船舶 航空 航天 国企 仓库 管理员 工具 管理 上海 长宁区 工具 管理 一金 年终奖金 定期 体检 加班 补贴 节日 高温 补贴 免费 班车 年底 双薪 交通 补贴 通讯 补贴 伙食 补贴 东航 飞机 维修 工程 上海 有限公司 船舶 航空 航天 国企 聊聊 投递
455,机器人焊接操作工,7-9千,7000.0,9000.0,8000.0,False,上海,崇明区,上海永冠商业设备有限公司,电气/电力/水利丨机械/设备/重工,民营,500-1000人,不限,未标明,焊接|工业机器人,2,机器人焊接操作工 焊接 工业机器人 电气 电力 水利丨机械 设备 重工 民营 500 1000人 机器人焊接操作工 7 9千 上海 崇明区 焊接 工业机器人 上海永冠商业设备有限公司 电气 电力 水利丨机械 设备 重工民营500 1000人 去聊聊 投递,,机器人 焊接 操作工 焊接 工业 机器人 电气 电力 水利 机械 设备 重工 民营 机器人 焊接 操作工 上海 崇明 焊接 工业 机器人 上海 永冠 商业 设备 有限公司 电气 电力 水利 机械 设备 重工 民营 聊聊 投递
456,安装技工,6千-1万·13薪,6000.0,10000.0,8000.0,False,上海,嘉定区,上海艾普强粒子设备有限公司,医疗设备/器械,国企,50-150人,不限,未标明,cad|运维|装配|机械制造|6s|机械装配|装配图纸|研磨|修型|刮削|五险一金|免费班车|专业培训|绩效奖金|定期体检,15,安装技工 cad 运维 装配 机械制造 6s 机械装配 装配图纸 研磨 修型 刮削 五险一金 免费班车 专业培训 绩效奖金 定期体检 医疗设备 器械 国企 50 150人 安装技工 6千 1万 13薪 上海 嘉定区 今日回复10+次 cad 运维 装配 机械制造 6s 机械装配 装配图纸 研磨 修型 刮削 五险一金 免费班车 专业培训 绩效奖金 定期体检 上海艾普强粒子设备有限公司 医疗设备 器械国企50 150人 去聊聊 投递,,安装 技工 cad 运维 装配 机械制造 6s 机械 装配 装配 图纸 研磨 修型 刮削 一金 免费 班车 专业培训 绩效奖金 定期 体检 医疗 设备 器械 国企 安装 技工 上海 嘉定区 今日 回复 + cad 运维 装配 机械制造 6s 机械 装配 装配 图纸 研磨 修型 刮削 一金 免费 班车 专业培训 绩效奖金 定期 体检 上海 艾普强 粒子 设备 有限公司 医疗 设备 器械 国企 聊聊 投递
457,CAD助理,6-8千,6000.0,8000.0,7000.0,False,上海,,山东山大电力技术股份有限公司,电气/电力/水利,国企,500-1000人,不限,未标明,cad|图纸|cad绘图|五险一金|带薪年假|年终奖金|绩效奖金|专业培训|定期体检|有餐补|出差补贴,11,CAD助理 cad 图纸 cad绘图 五险一金 带薪年假 年终奖金 绩效奖金 专业培训 定期体检 有餐补 出差补贴 电气 电力 水利 国企 500 1000人 CAD助理 6 8千 上海 cad 图纸 cad绘图 五险一金 带薪年假 年终奖金 绩效奖金 专业培训 定期体检 有餐补 出差补贴 山东山大电力技术股份有限公司 电气 电力 水利国企500 1000人 去聊聊 投递,,CAD 助理 cad 图纸 cad 绘图 一金 年终奖金 绩效奖金 专业培训 定期 体检 有餐 出差 补贴 电气 电力 水利 国企 CAD 助理 上海 cad 图纸 cad 绘图 一金 年终奖金 绩效奖金 专业培训 定期 体检 有餐 出差 补贴 山东 电力 技术 股份 有限公司 电气 电力 水利 国企 聊聊 投递
458,会点电脑就行/ 接受小白,5-9千,5000.0,9000.0,7000.0,False,上海,浦东新区,吉瑞才（成都）科技有限公司,计算机软件,民营,500-1000人,不限,未标明,电脑登记|室内办公,2,会点电脑就行 接受小白 电脑登记 室内办公 计算机软件 民营 500 1000人 会点电脑就行 接受小白 5 9千 上海 浦东新区 电脑登记 室内办公 吉瑞才 成都 科技有限公司 计算机软件民营500 1000人 去聊聊 投递,,电脑 就行 接受 小白 电脑 登记 室内 办公 计算机软件 民营 电脑 就行 接受 小白 上海 浦东新区 电脑 登记 室内 办公 吉瑞才 成都 科技 有限公司 计算机软件 民营 聊聊 投递
459,会计助理(J12342),160元/天,160.0,160.0,3480.0,True,上海,宝山区,上海菲曼特医疗器械有限公司,制药/生物工程,国企,50-150人,不限,未标明,,0,会计助理 J12342 制药 生物工程 国企 50 150人 会计助理 J12342 160元 天 上海 宝山区 1分钟前查看简历 上海菲曼特医疗器械有限公司 制药 生物工程国企50 150人 去聊聊 投递,,会计 助理 J12342 制药 生物工程 国企 会计 助理 J12342 上海 宝山区 分钟 查看 简历 上海 菲曼特 医疗器械 有限公司 制药 生物工程 国企 聊聊 投递
460,财务实习生,150元/天,150.0,150.0,3262.5,True,上海,浦东新区,上海芯谦集成电路有限公司,电子/半导体/集成电路,民营,50-150人,不限,未标明,财务|审核|财会|打印|凭证整理|装订|财务票据整理|财务资料,8,财务实习生 财务 审核 财会 打印 凭证整理 装订 财务票据整理 财务资料 电子 半导体 集成电路 民营 50 150人 财务实习生 150元 天 上海 浦东新区 财务 审核 财会 打印 凭证整理 装订 财务票据整理 财务资料 上海芯谦集成电路有限公司 电子 半导体 集成电路民营50 150人 去聊聊 投递,,财务 实习生 财务 审核 财会 打印 凭证 整理 装订 财务 票据 整理 财务 资料 电子 半导体 集成电路 民营 财务 实习生 上海 浦东新区 财务 审核 财会 打印 凭证 整理 装订 财务 票据 整理 财务 资料 上海 芯谦 集成电路 有限公司 电子 半导体 集成电路 民营 聊聊 投递
461,众鑫优才,8千-1.2万,8000.0,12000.0,10000.0,False,上海,浦东新区,中国人寿保险股份有限公司上海市分公司,保险,国企,10000人以上,不限,未标明,销售|培训|招聘|客服|入职手续|离职手续|下午茶|生日福利|旅游|员工旅游|节日福利|晋升机会|员工福利|团建聚餐,14,众鑫优才 销售 培训 招聘 客服 入职手续 离职手续 下午茶 生日福利 旅游 员工旅游 节日福利 晋升机会 员工福利 团建聚餐 保险 国企 10000人以上 众鑫优才 8千 1.2万 上海 浦东新区 销售 培训 招聘 客服 入职手续 离职手续 下午茶 生日福利 旅游 员工旅游 节日福利 晋升机会 员工福利 团建聚餐 中国人寿保险股份有限公司上海市分公司 保险国企10000人以上 去聊聊 投递,,众鑫 优才 销售 培训 客服 入职 手续 离职 手续 下午茶 生日 旅游 员工 旅游 节日 晋升 机会 员工福利 团建 聚餐 保险 国企 众鑫 优才 上海 浦东新区 销售 培训 客服 入职 手续 离职 手续 下午茶 生日 旅游 员工 旅游 节日 晋升 机会 员工福利 团建 聚餐 中国 人寿保险 股份 有限公司 上海市 分公司 保险 国企 聊聊 投递
462,cad制图,7千-1.4万·13薪,7000.0,14000.0,10500.0,False,上海,,上海洄艏智能设备有限公司,计算机软件丨电子/半导体/集成电路丨机械/设备/重工,民营,500-1000人,不限,未标明,cad|绘图软件|cad制图|技术文档编写|施工图审核|图纸整理|技术配合|autocad|工程|五险一金|年终奖金|专业培训|员工旅游|定期体检|节日福利|带薪年假|五险|通讯补贴|交通补贴|弹性工作|补充医疗保险|补充公积金|带薪病假|项目奖金,24,cad制图 cad 绘图软件 cad制图 技术文档编写 施工图审核 图纸整理 技术配合 autocad 工程 五险一金 年终奖金 专业培训 员工旅游 定期体检 节日福利 带薪年假 五险 通讯补贴 交通补贴 弹性工作 补充医疗保险 补充公积金 带薪病假 项目奖金 计算机软件丨电子 半导体 集成电路丨机械 设备 重工 民营 500 1000人 cad制图 7千 1.4万 13薪 上海 今日回复10次 cad 绘图软件 cad制图 技术文档编写 施工图审核 图纸整理 技术配合 autocad 工程 五险一金 年终奖金 专业培训 员工旅游 定期体检 节日福利 带薪年假 五险 通讯补贴 交通补贴 弹性工作 补充医疗保险 补充公积金 带薪病假 项目奖金 上海洄艏智能设备有限公司 计算机软件丨电子 半导体 集成电路丨机械 设备 重工民营500 1000人 去聊聊 投递,,cad 制图 cad 绘图 软件 cad 制图 技术 文档 编写 施工图 审核 图纸 整理 技术 配合 autocad 工程 一金 年终奖金 专业培训 员工 旅游 定期 体检 节日 通讯 补贴 交通 补贴 弹性 补充 医疗保险 补充 公积金 病假 项目 奖金 计算机软件 电子 半导体 集成电路 机械 设备 重工 民营 cad 制图 上海 今日 回复 cad 绘图 软件 cad 制图 技术 文档 编写 施工图 审核 图纸 整理 技术 配合 autocad 工程 一金 年终奖金 专业培训 员工 旅游 定期 体检 节日 通讯 补贴 交通 补贴 弹性 补充 医疗保险 补充 公积金 病假 项目 奖金 上海 智能 设备 有限公司 计算机软件 电子 半导体 集成电路 机械 设备 重工 民营 聊聊 投递
463,真空机械工程师（实习）,180元/天,180.0,180.0,3915.0,True,上海,宝山区,上海广川科技有限公司,电子/半导体/集成电路,合资,500-1000人,不限,未标明,测试|机械|excel|word|归档|powerpoint|数据整理|技术文档|时间管理|文档整理|免费班车|商业保险|工作餐,13,真空机械工程师 实习 测试 机械 excel word 归档 powerpoint 数据整理 技术文档 时间管理 文档整理 免费班车 商业保险 工作餐 电子 半导体 集成电路 合资 500 1000人 真空机械工程师 实习 180元 天 上海 宝山区 在线 测试 机械 excel word 归档 powerpoint 数据整理 技术文档 时间管理 文档整理 免费班车 商业保险 工作餐 上海广川科技有限公司 电子 半导体 集成电路合资500 1000人 去聊聊 投递,,真空 机械 工程师 实习 测试 机械 excel word 归档 powerpoint 数据 整理 技术 文档 时间 管理 文档 整理 免费 班车 商业保险 工作餐 电子 半导体 集成电路 合资 真空 机械 工程师 实习 上海 宝山区 在线 测试 机械 excel word 归档 powerpoint 数据 整理 技术 文档 时间 管理 文档 整理 免费 班车 商业保险 工作餐 上海 广川 科技 有限公司 电子 半导体 集成电路 合资 聊聊 投递
464,27届本科实习岗-文职,100元/天,100.0,100.0,2175.0,True,上海,松江区,上海芯圣电子股份有限公司,电子/半导体/集成电路,未标明,150-500人,本科,未标明,excel|erp|行政|word|ppt|客户服务|接听电话|秩序维护|前台接待|快递收发|团建活动|提供食宿|五险一金|带薪年假|员工旅游|年终奖金|绩效奖金|项目奖金|专业培训|定期体检|零食下午茶|免费工作餐,22,27届本科实习岗 文职 excel erp 行政 word ppt 客户服务 接听电话 秩序维护 前台接待 快递收发 团建活动 提供食宿 五险一金 带薪年假 员工旅游 年终奖金 绩效奖金 项目奖金 专业培训 定期体检 零食下午茶 免费工作餐 电子 半导体 集成电路 已上市 150 500人 27届本科实习岗 文职 100元 天 上海 松江区 excel erp 行政 word ppt 客户服务 接听电话 秩序维护 前台接待 快递收发 团建活动 提供食宿 五险一金 带薪年假 员工旅游 年终奖金 绩效奖金 项目奖金 专业培训 定期体检 零食下午茶 免费工作餐 上海芯圣电子股份有限公司 电子 半导体 集成电路已上市150 500人 去聊聊 投递,,本科 实习 文职 excel erp 行政 word ppt 客户服务 接听电话 秩序 维护 前台 接待 快递 收发 团建 活动 食宿 一金 员工 旅游 年终奖金 绩效奖金 项目 奖金 专业培训 定期 体检 零食 下午茶 免费 工作餐 电子 半导体 集成电路 上市 本科 实习 文职 上海 松江区 excel erp 行政 word ppt 客户服务 接听电话 秩序 维护 前台 接待 快递 收发 团建 活动 食宿 一金 员工 旅游 年终奖金 绩效奖金 项目 奖金 专业培训 定期 体检 零食 下午茶 免费 工作餐 上海 芯圣 电子 股份 有限公司 电子 半导体 集成电路 上市 聊聊 投递
465,HR系统档案管理支持实习生,150元/天,150.0,150.0,3262.5,True,上海,青浦区,杜尔涂装系统工程（上海）有限公司,机械/设备/重工,未标明,1000-5000人,不限,未标明,提供住宿,1,HR系统档案管理支持实习生 提供住宿 机械 设备 重工 外资 欧美 1000 5000人 HR系统档案管理支持实习生 150元 天 上海 青浦区 提供住宿 杜尔涂装系统工程 上海 有限公司 机械 设备 重工外资 欧美 1000 5000人 去聊聊 投递,,HR 系统 档案管理 支持 实习生 住宿 机械 设备 重工 外资 欧美 HR 系统 档案管理 支持 实习生 上海 青浦区 住宿 杜尔 涂装 系统工程 上海 有限公司 机械 设备 重工 外资 欧美 聊聊 投递
466,入职盖实习三方-线上面试,7千-1.4万·14薪,7000.0,14000.0,10500.0,False,上海,黄浦区,上海太平洋房屋服务有限公司,地产经纪/中介,未标明,5000-10000人,不限,未标明,五险一金|年终奖金|绩效奖金|专业培训|带薪年假|员工旅游|无责任底薪|节假日|晋升|高薪|上不封顶|提成,12,入职盖实习三方 线上面试 五险一金 年终奖金 绩效奖金 专业培训 带薪年假 员工旅游 无责任底薪 节假日 晋升 高薪 上不封顶 提成 地产经纪 中介 外资 非欧美 5000 10000人 入职盖实习三方 线上面试 7千 1.4万 14薪 上海 黄浦区 56分钟前回复 五险一金 年终奖金 绩效奖金 专业培训 带薪年假 员工旅游 无责任底薪 节假日 晋升 高薪 上不封顶 提成 上海太平洋房屋服务有限公司 地产经纪 中介外资 非欧美 5000 10000人 去聊聊 投递,,职盖 实习 三方 线上 面试 一金 年终奖金 绩效奖金 专业培训 员工 旅游 责任 底薪 节假日 晋升 高薪 封顶 提成 地产 经纪 中介 外资 欧美 职盖 实习 三方 线上 面试 上海 黄浦区 分钟 回复 一金 年终奖金 绩效奖金 专业培训 员工 旅游 责任 底薪 节假日 晋升 高薪 封顶 提成 上海 太平洋 房屋 服务 有限公司 地产 经纪 中介 外资 欧美 聊聊 投递
467,机械制图员,200元/天,200.0,200.0,4350.0,True,上海,松江区,灏哲科技（上海）有限公司,电子商务,民营,少于50人,不限,未标明,solidworks|bom|节日福利|包住|周末双休|免费工作餐,6,机械制图员 solidworks bom 节日福利 包住 周末双休 免费工作餐 电子商务 民营 少于50人 机械制图员 200元 天 上海 松江区 在线 23分钟前回复 solidworks bom 节日福利 包住 周末双休 免费工作餐 灏哲科技 上海 有限公司 电子商务民营少于50人 去聊聊 投递,,机械制图 solidworks bom 节日 包住 周末 双休 免费 工作餐 电子商务 民营 少于 机械制图 上海 松江区 在线 分钟 回复 solidworks bom 节日 包住 周末 双休 免费 工作餐 科技 上海 有限公司 电子商务 民营 少于 聊聊 投递
468,机械点检实习生,150元/天,150.0,150.0,3262.5,True,上海,宝山区,上海中冶环保运营管理有限公司,环保,国企,50-150人,不限,未标明,周末双休|餐饮补贴|带薪休假|五险一金|通讯补贴|定期体检|年终奖金|员工住宿,8,机械点检实习生 周末双休 餐饮补贴 带薪休假 五险一金 通讯补贴 定期体检 年终奖金 员工住宿 环保 国企 50 150人 机械点检实习生 150元 天 上海 宝山区 周末双休 餐饮补贴 带薪休假 五险一金 通讯补贴 定期体检 年终奖金 员工住宿 上海中冶环保运营管理有限公司 环保国企50 150人 去聊聊 投递,,机械 点检 实习生 周末 双休 餐饮 补贴 带薪休假 一金 通讯 补贴 定期 体检 年终奖金 员工 住宿 环保 国企 机械 点检 实习生 上海 宝山区 周末 双休 餐饮 补贴 带薪休假 一金 通讯 补贴 定期 体检 年终奖金 员工 住宿 上海 中冶 环保 运营 管理 有限公司 环保 国企 聊聊 投递
469,短期见习生包餐,228元/天,228.0,228.0,4959.0,True,上海,奉贤区,双木能源装备科技（上海）有限公司,机械/设备/重工丨新能源,民营,150-500人,不限,未标明,轻松无压力|做五休二|包餐,3,短期见习生包餐 轻松无压力 做五休二 包餐 机械 设备 重工丨新能源 民营 150 500人 短期见习生包餐 228元 天 上海 奉贤区 今日回复7次 轻松无压力 做五休二 包餐 双木能源装备科技 上海 有限公司 机械 设备 重工丨新能源民营150 500人 去聊聊 投递,,短期 见习生 包餐 轻松 压力 做五休 包餐 机械 设备 重工 新能源 民营 短期 见习生 包餐 上海 奉贤区 今日 回复 轻松 压力 做五休 包餐 双木 能源 装备 科技 上海 有限公司 机械 设备 重工 新能源 民营 聊聊 投递
470,助理机械生产工程师（可留用）,180元/天,180.0,180.0,3915.0,True,上海,宝山区,益美高（上海）制冷设备有限公司,机械/设备/重工,未标明,150-500人,不限,未标明,机械|英语四级|绘图软件|英语读写|制冷|五险一金|专业培训|定期体检|带薪年假|交通补贴|通讯补贴|补充医疗保险|免费班车|免费工作餐|十三薪|利润分红奖金,16,助理机械生产工程师 可留用 机械 英语四级 绘图软件 英语读写 制冷 五险一金 专业培训 定期体检 带薪年假 交通补贴 通讯补贴 补充医疗保险 免费班车 免费工作餐 十三薪 利润分红奖金 机械 设备 重工 外资 欧美 150 500人 助理机械生产工程师 可留用 180元 天 上海 宝山区 机械 英语四级 绘图软件 英语读写 制冷 五险一金 专业培训 定期体检 带薪年假 交通补贴 通讯补贴 补充医疗保险 免费班车 免费工作餐 十三薪 利润分红奖金 益美高 上海 制冷设备有限公司 机械 设备 重工外资 欧美 150 500人 去聊聊 投递,,助理 机械 生产 工程师 留用 机械 英语 四级 绘图 软件 英语 读写 制冷 一金 专业培训 定期 体检 交通 补贴 通讯 补贴 补充 医疗保险 免费 班车 免费 工作餐 十三 利润 分红 奖金 机械 设备 重工 外资 欧美 助理 机械 生产 工程师 留用 上海 宝山区 机械 英语 四级 绘图 软件 英语 读写 制冷 一金 专业培训 定期 体检 交通 补贴 通讯 补贴 补充 医疗保险 免费 班车 免费 工作餐 十三 利润 分红 奖金 益美高 上海 制冷 设备 有限公司 机械 设备 重工 外资 欧美 聊聊 投递
471,财务实习生,180元/天,180.0,180.0,3915.0,True,上海,普陀区,上海高左实业有限公司,贸易/进出口,国企,150-500人,不限,未标明,整理单据凭证|核对往来账款|全职,3,财务实习生 整理单据凭证 核对往来账款 全职 贸易 进出口 国企 150 500人 财务实习生 180元 天 上海 普陀区 3分钟前回复 整理单据凭证 核对往来账款 全职 上海高左实业有限公司 贸易 进出口国企150 500人 去聊聊 投递,,财务 实习生 整理 单据 凭证 核对 往来 账款 全职 贸易 进出口 国企 财务 实习生 上海 普陀区 分钟 回复 整理 单据 凭证 核对 往来 账款 全职 上海 实业 有限公司 贸易 进出口 国企 聊聊 投递
472,财务实习生,120元/天,120.0,120.0,2610.0,True,上海,,绍兴君航企业管理有限公司,企业服务,民营,50-150人,不限,未标明,数据统计|归档|财务管理,3,财务实习生 数据统计 归档 财务管理 企业服务 民营 50 150人 财务实习生 120元 天 上海 54分钟前回复 数据统计 归档 财务管理 绍兴君航企业管理有限公司 企业服务民营50 150人 去聊聊 投递,,财务 实习生 数据 统计 归档 财务管理 企业 服务 民营 财务 实习生 上海 分钟 回复 数据 统计 归档 财务管理 绍兴 君航 企业 管理 有限公司 企业 服务 民营 聊聊 投递
473,工程管理岗（实习生）,150元/天,150.0,150.0,3262.5,True,上海,徐汇区,上海浦中实业发展有限公司,物业服务,未标明,1000-5000人,不限,未标明,物业工程管理|餐饮补贴|节日福利|周末双休|培训,5,工程管理岗 实习生 物业工程管理 餐饮补贴 节日福利 周末双休 培训 物业服务 外资 非欧美 1000 5000人 工程管理岗 实习生 150元 天 上海 徐汇区 今日回复5次 物业工程管理 餐饮补贴 节日福利 周末双休 培训 上海浦中实业发展有限公司 物业服务外资 非欧美 1000 5000人 去聊聊 投递,,工程 管理 实习生 物业 工程 管理 餐饮 补贴 节日 周末 双休 培训 物业 服务 外资 欧美 工程 管理 实习生 上海 徐汇区 今日 回复 物业 工程 管理 餐饮 补贴 节日 周末 双休 培训 上海 浦中 实业 发展 有限公司 物业 服务 外资 欧美 聊聊 投递
474,财务实习生,150元/天,150.0,150.0,3262.5,True,上海,闵行区,卓益浦芯材料科技（上海）有限公司,电子技术/半导体/集成电路,民营,少于50人,不限,未标明,财务|金融|会计|数据统计|费用报销审核|凭证整理|发票核对|合同归档|财务文档,9,财务实习生 财务 金融 会计 数据统计 费用报销审核 凭证整理 发票核对 合同归档 财务文档 电子技术 半导体 集成电路 民营 少于50人 财务实习生 150元 天 上海 闵行区 今日回复7次 财务 金融 会计 数据统计 费用报销审核 凭证整理 发票核对 合同归档 财务文档 卓益浦芯材料科技 上海 有限公司 电子技术 半导体 集成电路民营少于50人 去聊聊 投递,,财务 实习生 财务 金融 会计 数据 统计 费用 报销 审核 凭证 整理 发票 核对 合同 归档 财务 文档 电子 技术 半导体 集成电路 民营 少于 财务 实习生 上海 闵行区 今日 回复 财务 金融 会计 数据 统计 费用 报销 审核 凭证 整理 发票 核对 合同 归档 财务 文档 卓益浦 材料 科技 上海 有限公司 电子 技术 半导体 集成电路 民营 少于 聊聊 投递
475,财务实习生（2028年毕业优先） ID216000,150元/天,150.0,150.0,3262.5,True,上海,,达信（中国）保险经纪有限公司,保险,未标明,150-500人,不限,3年以上,finance|年终奖金|定期体检|弹性工作|节日福利|带薪年假|五险一金|周末双休,8,财务实习生 2028年毕业优先 ID216000 finance 年终奖金 定期体检 弹性工作 节日福利 带薪年假 五险一金 周末双休 保险 外资 欧美 150 500人 财务实习生 2028年毕业优先 ID216000 150元 天 上海 finance 年终奖金 定期体检 弹性工作 节日福利 带薪年假 五险一金 周末双休 达信 中国 保险经纪有限公司 保险外资 欧美 150 500人 去聊聊 投递,,财务 实习生 毕业 ID216000 finance 年终奖金 定期 体检 弹性 节日 一金 周末 双休 保险 外资 欧美 财务 实习生 毕业 ID216000 上海 finance 年终奖金 定期 体检 弹性 节日 一金 周末 双休 达信 中国 保险经纪 有限公司 保险 外资 欧美 聊聊 投递
476,财务实习生,100元/天,100.0,100.0,2175.0,True,上海,黄浦区,上海百联资产控股有限公司,物业服务,国企,10000人以上,不限,未标明,核销|资金管理|报销单据|结算单|会计档案|税筹|税收管理|税务风险管理|五险一金|交通补贴|餐饮补贴|年终奖金|定期体检,13,财务实习生 核销 资金管理 报销单据 结算单 会计档案 税筹 税收管理 税务风险管理 五险一金 交通补贴 餐饮补贴 年终奖金 定期体检 物业服务 国企 10000人以上 财务实习生 100元 天 上海 黄浦区 今日回复5次 核销 资金管理 报销单据 结算单 会计档案 税筹 税收管理 税务风险管理 五险一金 交通补贴 餐饮补贴 年终奖金 定期体检 上海百联资产控股有限公司 物业服务国企10000人以上 去聊聊 投递,,财务 实习生 核销 资金 管理 报销 单据 结算 会计 档案 税筹 税收管理 税务 风险管理 一金 交通 补贴 餐饮 补贴 年终奖金 定期 体检 物业 服务 国企 财务 实习生 上海 黄浦区 今日 回复 核销 资金 管理 报销 单据 结算 会计 档案 税筹 税收管理 税务 风险管理 一金 交通 补贴 餐饮 补贴 年终奖金 定期 体检 上海 百联 资产 控股 有限公司 物业 服务 国企 聊聊 投递
477,货代业务员（可收应届生）（上海）,5千-1万,5000.0,10000.0,7500.0,False,上海,普陀区,湖北柏吉供应链管理有限公司,货运/物流/仓储,民营,50-150人,不限,无经验友好,员工旅游|餐饮补贴|年终奖金|周末双休|五险|带薪年假|零食下午茶|有餐补|出差补贴|定期团建|销售|海运|空运|国际物流行业|客户开发维护|市场拓展计划|业务报表|客户账单,18,货代业务员 可收应届生 上海 员工旅游 餐饮补贴 年终奖金 周末双休 五险 带薪年假 零食下午茶 有餐补 出差补贴 定期团建 销售 海运 空运 国际物流行业 客户开发维护 市场拓展计划 业务报表 客户账单 货运 物流 仓储 民营 50 150人 货代业务员 可收应届生 上海 5千 1万 上海 普陀区 员工旅游 餐饮补贴 年终奖金 周末双休 五险 带薪年假 零食下午茶 有餐补 出差补贴 定期团建 销售 海运 空运 国际物流行业 客户开发维护 市场拓展计划 业务报表 客户账单 湖北柏吉供应链管理有限公司 货运 物流 仓储民营50 150人 去聊聊 投递,,货代 业务员 应届生 上海 员工 旅游 餐饮 补贴 年终奖金 周末 双休 零食 下午茶 有餐 出差 补贴 定期 团建 销售 海运 空运 国际 物流 行业 客户 开发 维护 市场 拓展 计划 业务 报表 客户 账单 货运 物流 仓储 民营 货代 业务员 应届生 上海 上海 普陀区 员工 旅游 餐饮 补贴 年终奖金 周末 双休 零食 下午茶 有餐 出差 补贴 定期 团建 销售 海运 空运 国际 物流 行业 客户 开发 维护 市场 拓展 计划 业务 报表 客户 账单 湖北 柏吉 供应链 管理 有限公司 货运 物流 仓储 民营 聊聊 投递
478,业务助理+仓库管理,5-8千,5000.0,8000.0,6500.0,False,上海,浦东新区,吉盛微（上海）半导体技术有限公司,电子/半导体/集成电路,民营,150-500人,不限,未标明,办公软件|excel|word|仓库|助理|销售流程|物料出入库|维修报告|五险一金|补充医疗保险|子女医疗保险|带薪年假|年终奖金|定期体检|定期团建,15,业务助理+仓库管理 办公软件 excel word 仓库 助理 销售流程 物料出入库 维修报告 五险一金 补充医疗保险 子女医疗保险 带薪年假 年终奖金 定期体检 定期团建 电子 半导体 集成电路 民营 150 500人 业务助理+仓库管理 5 8千 上海 浦东新区 本周查看简历14次 办公软件 excel word 仓库 助理 销售流程 物料出入库 维修报告 五险一金 补充医疗保险 子女医疗保险 带薪年假 年终奖金 定期体检 定期团建 吉盛微 上海 半导体技术有限公司 电子 半导体 集成电路民营150 500人 去聊聊 投递,,业务 助理 + 仓库 管理 办公软件 excel word 仓库 助理 销售 流程 物料 出入库 维修 报告 一金 补充 医疗保险 子女 医疗保险 年终奖金 定期 体检 定期 团建 电子 半导体 集成电路 民营 业务 助理 + 仓库 管理 上海 浦东新区 本周 查看 简历 办公软件 excel word 仓库 助理 销售 流程 物料 出入库 维修 报告 一金 补充 医疗保险 子女 医疗保险 年终奖金 定期 体检 定期 团建 吉盛微 上海 半导体技术 有限公司 电子 半导体 集成电路 民营 聊聊 投递
479,仓库管理,4-6千,4000.0,6000.0,5000.0,False,上海,浦东新区,上海江南工程塑胶有限公司,原材料和加工,合资,150-500人,不限,未标明,仓库日常管理|数控机床设备|专业培训,3,仓库管理 仓库日常管理 数控机床设备 专业培训 原材料和加工 合资 150 500人 仓库管理 4 6千 上海 浦东新区 仓库日常管理 数控机床设备 专业培训 上海江南工程塑胶有限公司 原材料和加工合资150 500人 去聊聊 投递,,仓库 管理 仓库 日常 管理 数控 机床设备 专业培训 原材料 加工 合资 仓库 管理 上海 浦东新区 仓库 日常 管理 数控 机床设备 专业培训 上海 江南 工程 塑胶 有限公司 原材料 加工 合资 聊聊 投递
480,零件收发内务（国际）,5-6千,5000.0,6000.0,5500.0,False,上海,金山区,上海富山精密机械科技有限公司,机械/设备/重工丨仪器仪表/工业自动化,民营,500-1000人,不限,未标明,计算机|办公软件|英语|sap|盘点|仓库管理|打包|管理库存|库存报告|安排物流,10,零件收发内务 国际 计算机 办公软件 英语 sap 盘点 仓库管理 打包 管理库存 库存报告 安排物流 机械 设备 重工丨仪器仪表 工业自动化 民营 500 1000人 零件收发内务 国际 5 6千 上海 金山区 计算机 办公软件 英语 sap 盘点 仓库管理 打包 管理库存 库存报告 安排物流 上海富山精密机械科技有限公司 机械 设备 重工丨仪器仪表 工业自动化民营500 1000人 去聊聊 投递,,零件 收发 内务 国际 计算机 办公软件 英语 sap 盘点 仓库 管理 打包 管理 库存 库存 报告 安排 物流 机械 设备 重工 仪器仪表 工业 自动化 民营 零件 收发 内务 国际 上海 金山区 计算机 办公软件 英语 sap 盘点 仓库 管理 打包 管理 库存 库存 报告 安排 物流 上海 富山 精密机械 科技 有限公司 机械 设备 重工 仪器仪表 工业 自动化 民营 聊聊 投递
481,玛氏休闲食品-岗位操作员-松江工厂 (R160933),6-7千,6000.0,7000.0,6500.0,False,上海,松江区,玛氏中国,食品/饮料/粮油,未标明,10000人以上,不限,未标明,,0,玛氏休闲食品 岗位操作员 松江工厂 R160933 食品 饮料 粮油 外资 欧美 10000人以上 玛氏休闲食品 岗位操作员 松江工厂 R160933 6 7千 上海 松江区 今日回复10+次 玛氏中国 食品 饮料 粮油外资 欧美 10000人以上 去聊聊 投递,,玛氏 休闲 食品 操作员 松江 工厂 R160933 食品 饮料 粮油 外资 欧美 玛氏 休闲 食品 操作员 松江 工厂 R160933 上海 松江区 今日 回复 + 玛氏 中国 食品 饮料 粮油 外资 欧美 聊聊 投递
482,仓库管理员（需帮忙装卸）,7.5-8千,7500.0,8000.0,7750.0,False,上海,,上海凌驰速达物流有限公司,交通/运输/客运,民营,50-150人,不限,未标明,打包|处理异常订单|入库验收|检查消防设施|消除安全隐患|堆码|分类上架|货物调度|物流动态|库存盘点|缴纳五险|五险一金|全勤奖|补助|免费宿舍|食堂|师傅带教,17,仓库管理员 需帮忙装卸 打包 处理异常订单 入库验收 检查消防设施 消除安全隐患 堆码 分类上架 货物调度 物流动态 库存盘点 缴纳五险 五险一金 全勤奖 补助 免费宿舍 食堂 师傅带教 交通 运输 客运 民营 50 150人 仓库管理员 需帮忙装卸 7.5 8千 上海 本周查看简历43次 打包 处理异常订单 入库验收 检查消防设施 消除安全隐患 堆码 分类上架 货物调度 物流动态 库存盘点 缴纳五险 五险一金 全勤奖 补助 免费宿舍 食堂 师傅带教 上海凌驰速达物流有限公司 交通 运输 客运民营50 150人 去聊聊 投递,,仓库 管理员 帮忙 装卸 打包 处理 异常 订单 入库 验收 检查 消防设施 消除 安全隐患 堆码 分类 上架 货物 调度 物流 动态 库存 盘点 一金 全勤奖 补助 免费 宿舍 食堂 师傅 带教 交通 运输 客运 民营 仓库 管理员 帮忙 装卸 上海 本周 查看 简历 打包 处理 异常 订单 入库 验收 检查 消防设施 消除 安全隐患 堆码 分类 上架 货物 调度 物流 动态 库存 盘点 一金 全勤奖 补助 免费 宿舍 食堂 师傅 带教 上海 凌驰 速达 物流 有限公司 交通 运输 客运 民营 聊聊 投递
483,仓管员,5-6.5千,5000.0,6500.0,5750.0,False,上海,浦东新区,上海凯尔孚应力腐蚀试验设备有限公司,机械/设备/重工,民营,少于50人,不限,未标明,盘点|机械行业|经营管理|物料管理|仓管|装卸|拣货|存货|搬运|周末双休|五险一金|节日福利,12,仓管员 盘点 机械行业 经营管理 物料管理 仓管 装卸 拣货 存货 搬运 周末双休 五险一金 节日福利 机械 设备 重工 民营 少于50人 仓管员 5 6.5千 上海 浦东新区 25分钟前处理简历 盘点 机械行业 经营管理 物料管理 仓管 装卸 拣货 存货 搬运 周末双休 五险一金 节日福利 上海凯尔孚应力腐蚀试验设备有限公司 机械 设备 重工民营少于50人 去聊聊 投递,,仓管员 盘点 机械行业 经营 管理 物料 管理 仓管 装卸 存货 搬运 周末 双休 一金 节日 机械 设备 重工 民营 少于 仓管员 上海 浦东新区 分钟 处理 简历 盘点 机械行业 经营 管理 物料 管理 仓管 装卸 存货 搬运 周末 双休 一金 节日 上海 凯尔 应力 腐蚀 试验设备 有限公司 机械 设备 重工 民营 少于 聊聊 投递
484,仓库管理员（需协助装卸分拣）,7-8千,7000.0,8000.0,7500.0,False,上海,普陀区,河南伊若人力资源服务有限公司,人力资源服务,民营,150-500人,不限,未标明,包装|仓库盘点|账实相符|复核|入库验收|货物装卸搬运|装卸搬运|订单拣选|分类上架|环境卫生|包吃住|双休|缴纳五险|可预支|五险一金|预支工资|免费宿舍|带薪年假|绩效奖金|专业培训|定期团建,21,仓库管理员 需协助装卸分拣 包装 仓库盘点 账实相符 复核 入库验收 货物装卸搬运 装卸搬运 订单拣选 分类上架 环境卫生 包吃住 双休 缴纳五险 可预支 五险一金 预支工资 免费宿舍 带薪年假 绩效奖金 专业培训 定期团建 人力资源服务 民营 150 500人 仓库管理员 需协助装卸分拣 7 8千 上海 普陀区 包装 仓库盘点 账实相符 复核 入库验收 货物装卸搬运 装卸搬运 订单拣选 分类上架 环境卫生 包吃住 双休 缴纳五险 可预支 五险一金 预支工资 免费宿舍 带薪年假 绩效奖金 专业培训 定期团建 河南伊若人力资源服务有限公司 人力资源服务民营150 500人 去聊聊 投递,,仓库 管理员 协助 装卸 分拣 包装 仓库 盘点 账实 相符 复核 入库 验收 货物 装卸 搬运 装卸 搬运 订单 拣选 分类 上架 环境卫生 包吃 双休 预支 一金 预支 工资 免费 宿舍 绩效奖金 专业培训 定期 团建 人力资源 服务 民营 仓库 管理员 协助 装卸 分拣 上海 普陀区 包装 仓库 盘点 账实 相符 复核 入库 验收 货物 装卸 搬运 装卸 搬运 订单 拣选 分类 上架 环境卫生 包吃 双休 预支 一金 预支 工资 免费 宿舍 绩效奖金 专业培训 定期 团建 河南 伊若 人力资源 服务 有限公司 人力资源 服务 民营 聊聊 投递
485,仓库管理员,4-5.5千,4000.0,5500.0,4750.0,False,上海,金山区,双恒阀门集团有限公司,机械/设备/重工,民营,150-500人,不限,未标明,办公软件|验收|电脑|盘点|打字|配送|仓库|出库|账实相符|搬运|工作餐|宿舍,12,仓库管理员 办公软件 验收 电脑 盘点 打字 配送 仓库 出库 账实相符 搬运 工作餐 宿舍 机械 设备 重工 民营 150 500人 仓库管理员 4 5.5千 上海 金山区 办公软件 验收 电脑 盘点 打字 配送 仓库 出库 账实相符 搬运 工作餐 宿舍 双恒阀门集团有限公司 机械 设备 重工民营150 500人 去聊聊 投递,,仓库 管理员 办公软件 验收 电脑 盘点 打字 配送 仓库 出库 账实 相符 搬运 工作餐 宿舍 机械 设备 重工 民营 仓库 管理员 上海 金山区 办公软件 验收 电脑 盘点 打字 配送 仓库 出库 账实 相符 搬运 工作餐 宿舍 双恒 阀门 集团 有限公司 机械 设备 重工 民营 聊聊 投递
486,仓库管理员,5-6千,5000.0,6000.0,5500.0,False,上海,虹口区,上海竹伟企业管理有限公司,货运/物流/仓储,民营,50-150人,不限,未标明,仓库物流|管理库存数据|仓库管理|电脑基本操作|做五休二|五险一金|餐饮补贴,7,仓库管理员 仓库物流 管理库存数据 仓库管理 电脑基本操作 做五休二 五险一金 餐饮补贴 货运 物流 仓储 民营 50 150人 仓库管理员 5 6千 上海 虹口区 今日回复4次 仓库物流 管理库存数据 仓库管理 电脑基本操作 做五休二 五险一金 餐饮补贴 上海竹伟企业管理有限公司 货运 物流 仓储民营50 150人 去聊聊 投递,,仓库 管理员 仓库 物流 管理 库存 数据 仓库 管理 电脑 基本操作 做五休 一金 餐饮 补贴 货运 物流 仓储 民营 仓库 管理员 上海 虹口区 今日 回复 仓库 物流 管理 库存 数据 仓库 管理 电脑 基本操作 做五休 一金 餐饮 补贴 上海 竹伟 企业 管理 有限公司 货运 物流 仓储 民营 聊聊 投递
487,仓储理货员,5-6千,5000.0,6000.0,5500.0,False,上海,普陀区,上海竹伟企业管理有限公司,货运/物流/仓储,民营,50-150人,不限,未标明,复核|分拣|搬运|绩效奖金|五险一金|餐饮补贴|全勤奖|包住宿|周末双休|法定节假日,10,仓储理货员 复核 分拣 搬运 绩效奖金 五险一金 餐饮补贴 全勤奖 包住宿 周末双休 法定节假日 货运 物流 仓储 民营 50 150人 仓储理货员 5 6千 上海 普陀区 本周查看简历3次 复核 分拣 搬运 绩效奖金 五险一金 餐饮补贴 全勤奖 包住宿 周末双休 法定节假日 上海竹伟企业管理有限公司 货运 物流 仓储民营50 150人 去聊聊 投递,,仓储 理货员 复核 分拣 搬运 绩效奖金 一金 餐饮 补贴 全勤奖 住宿 周末 双休 法定 节假日 货运 物流 仓储 民营 仓储 理货员 上海 普陀区 本周 查看 简历 复核 分拣 搬运 绩效奖金 一金 餐饮 补贴 全勤奖 住宿 周末 双休 法定 节假日 上海 竹伟 企业 管理 有限公司 货运 物流 仓储 民营 聊聊 投递
488,仓库管理员,5-6千,5000.0,6000.0,5500.0,False,上海,浦东新区,中赤信息技术（上海）有限公司,网络/信息安全,民营,50-150人,不限,未标明,excel|erp|电脑|售后服务|盘点|归档|仓库管理|入库|台账|进销存|五险一金|员工旅游|交通补贴|专业培训|绩效奖金|年终奖金|弹性工作|定期体检,18,仓库管理员 excel erp 电脑 售后服务 盘点 归档 仓库管理 入库 台账 进销存 五险一金 员工旅游 交通补贴 专业培训 绩效奖金 年终奖金 弹性工作 定期体检 网络 信息安全 民营 50 150人 仓库管理员 5 6千 上海 浦东新区 excel erp 电脑 售后服务 盘点 归档 仓库管理 入库 台账 进销存 五险一金 员工旅游 交通补贴 专业培训 绩效奖金 年终奖金 弹性工作 定期体检 中赤信息技术 上海 有限公司 网络 信息安全民营50 150人 去聊聊 投递,,仓库 管理员 excel erp 电脑 售后服务 盘点 归档 仓库 管理 入库 台账 进销存 一金 员工 旅游 交通 补贴 专业培训 绩效奖金 年终奖金 弹性 定期 体检 网络 信息安全 民营 仓库 管理员 上海 浦东新区 excel erp 电脑 售后服务 盘点 归档 仓库 管理 入库 台账 进销存 一金 员工 旅游 交通 补贴 专业培训 绩效奖金 年终奖金 弹性 定期 体检 中赤 信息技术 上海 有限公司 网络 信息安全 民营 聊聊 投递
489,仓库管理员,5-6.5千,5000.0,6500.0,5750.0,False,上海,嘉定区,日乃本五金塑料制品（上海）有限公司,其他行业,未标明,150-500人,不限,未标明,办公软件|验收|物流|仓库管理|仓储|出入库|账实相符|库存数据|管理仓库|仓库管理系统|发展空间,11,仓库管理员 办公软件 验收 物流 仓库管理 仓储 出入库 账实相符 库存数据 管理仓库 仓库管理系统 发展空间 其他行业 外资 非欧美 150 500人 仓库管理员 5 6.5千 上海 嘉定区 办公软件 验收 物流 仓库管理 仓储 出入库 账实相符 库存数据 管理仓库 仓库管理系统 发展空间 日乃本五金塑料制品 上海 有限公司 其他行业外资 非欧美 150 500人 去聊聊 投递,,仓库 管理员 办公软件 验收 物流 仓库 管理 仓储 出入库 账实 相符 库存 数据 管理 仓库 仓库 管理系统 发展 空间 其他 行业 外资 欧美 仓库 管理员 上海 嘉定区 办公软件 验收 物流 仓库 管理 仓储 出入库 账实 相符 库存 数据 管理 仓库 仓库 管理系统 发展 空间 日乃本 五金塑料 制品 上海 有限公司 其他 行业 外资 欧美 聊聊 投递
490,仓库管理员,6.5-7.5千,6500.0,7500.0,7000.0,False,上海,奉贤区,上海乾一化学品有限公司,日化/化妆品,民营,少于50人,不限,未标明,发货|数据统计|仓库|仓储|打包|出入库|账实相符|拣货|复核|团队建设|培训|方案|五险一金|带薪年假|员工旅游|绩效奖金|专业培训|定期体检|有餐补|定期团建,20,仓库管理员 发货 数据统计 仓库 仓储 打包 出入库 账实相符 拣货 复核 团队建设 培训 方案 五险一金 带薪年假 员工旅游 绩效奖金 专业培训 定期体检 有餐补 定期团建 日化 化妆品 民营 少于50人 仓库管理员 6.5 7.5千 上海 奉贤区 发货 数据统计 仓库 仓储 打包 出入库 账实相符 拣货 复核 团队建设 培训 方案 五险一金 带薪年假 员工旅游 绩效奖金 专业培训 定期体检 有餐补 定期团建 上海乾一化学品有限公司 日化 化妆品民营少于50人 去聊聊 投递,,仓库 管理员 发货 数据 统计 仓库 仓储 打包 出入库 账实 相符 复核 团队 建设 培训 方案 一金 员工 旅游 绩效奖金 专业培训 定期 体检 有餐 定期 团建 日化 化妆品 民营 少于 仓库 管理员 上海 奉贤区 发货 数据 统计 仓库 仓储 打包 出入库 账实 相符 复核 团队 建设 培训 方案 一金 员工 旅游 绩效奖金 专业培训 定期 体检 有餐 定期 团建 上海 乾一 化学品 有限公司 日化 化妆品 民营 少于 聊聊 投递
491,仓库管理员,4.5-6千,4500.0,6000.0,5250.0,False,上海,金山区,螺优压缩机（上海）有限公司,机械/设备/重工,民营,50-150人,不限,未标明,审计|机械设备|出库|盘点库存|管理报表|库存数据|物料领用|重工|库存预警|仓储作业流程|五险|带薪年假|员工旅游|年终奖金|绩效奖金|项目奖金|专业培训|出国机会|包住|免费工作餐,20,仓库管理员 审计 机械设备 出库 盘点库存 管理报表 库存数据 物料领用 重工 库存预警 仓储作业流程 五险 带薪年假 员工旅游 年终奖金 绩效奖金 项目奖金 专业培训 出国机会 包住 免费工作餐 机械 设备 重工 民营 50 150人 仓库管理员 4.5 6千 上海 金山区 45分钟前回复 审计 机械设备 出库 盘点库存 管理报表 库存数据 物料领用 重工 库存预警 仓储作业流程 五险 带薪年假 员工旅游 年终奖金 绩效奖金 项目奖金 专业培训 出国机会 包住 免费工作餐 螺优压缩机 上海 有限公司 机械 设备 重工民营50 150人 去聊聊 投递,,仓库 管理员 审计 机械设备 出库 盘点 库存 管理 报表 库存 数据 物料 重工 库存 预警 仓储 作业 流程 员工 旅游 年终奖金 绩效奖金 项目 奖金 专业培训 出国 机会 包住 免费 工作餐 机械 设备 重工 民营 仓库 管理员 上海 金山区 分钟 回复 审计 机械设备 出库 盘点 库存 管理 报表 库存 数据 物料 重工 库存 预警 仓储 作业 流程 员工 旅游 年终奖金 绩效奖金 项目 奖金 专业培训 出国 机会 包住 免费 工作餐 螺优 压缩机 上海 有限公司 机械 设备 重工 民营 聊聊 投递
492,仓储物流单证,5-7千,5000.0,7000.0,6000.0,False,上海,浦东新区,中外运普菲斯冷链物流有限公司,货运/物流/仓储丨贸易/进出口丨交通/运输/客运,合资,150-500人,不限,未标明,带薪年假|五险一金|绩效奖金|节日福利|餐饮补贴|做五休二|电脑|打字|资料整理|表格录入|办公操作,11,仓储物流单证 带薪年假 五险一金 绩效奖金 节日福利 餐饮补贴 做五休二 电脑 打字 资料整理 表格录入 办公操作 货运 物流 仓储丨贸易 进出口丨交通 运输 客运 合资 150 500人 仓储物流单证 5 7千 上海 浦东新区 带薪年假 五险一金 绩效奖金 节日福利 餐饮补贴 做五休二 电脑 打字 资料整理 表格录入 办公操作 中外运普菲斯冷链物流有限公司 货运 物流 仓储丨贸易 进出口丨交通 运输 客运合资150 500人 去聊聊 投递,,仓储 物流 单证 一金 绩效奖金 节日 餐饮 补贴 做五休 电脑 打字 资料 整理 表格 录入 办公 操作 货运 物流 仓储 贸易 进出口 交通 运输 客运 合资 仓储 物流 单证 上海 浦东新区 一金 绩效奖金 节日 餐饮 补贴 做五休 电脑 打字 资料 整理 表格 录入 办公 操作 中外运 菲斯 冷链 物流 有限公司 货运 物流 仓储 贸易 进出口 交通 运输 客运 合资 聊聊 投递
493,仓库管理员,5-8千,5000.0,8000.0,6500.0,False,上海,松江区,上海建邦自动化设备有限公司,贸易/进出口,民营,少于50人,不限,未标明,验收|盘点|核对|库存数据|货物安全|物资接收,6,仓库管理员 验收 盘点 核对 库存数据 货物安全 物资接收 贸易 进出口 民营 少于50人 仓库管理员 5 8千 上海 松江区 验收 盘点 核对 库存数据 货物安全 物资接收 上海建邦自动化设备有限公司 贸易 进出口民营少于50人 去聊聊 投递,,仓库 管理员 验收 盘点 核对 库存 数据 货物 安全 物资 接收 贸易 进出口 民营 少于 仓库 管理员 上海 松江区 验收 盘点 核对 库存 数据 货物 安全 物资 接收 上海 建邦 自动化 设备 有限公司 贸易 进出口 民营 少于 聊聊 投递
494,标签打印员,4.5-5千,4500.0,5000.0,4750.0,False,上海,嘉定区,麦加芯彩新材料科技（上海）股份有限公司,化工,未标明,150-500人,不限,未标明,,0,标签打印员 化工 外资 非欧美 150 500人 标签打印员 4.5 5千 上海 嘉定区 麦加芯彩新材料科技 上海 股份有限公司 化工外资 非欧美 150 500人 去聊聊 投递,,标签 打印 化工 外资 欧美 标签 打印 上海 嘉定区 麦加 芯彩 材料 科技 上海 股份 有限公司 化工 外资 欧美 聊聊 投递
495,仓储物流专员,4-6千·13薪,4000.0,6000.0,5000.0,False,上海,杨浦区,上海杰昂计算机科技有限公司,计算机硬件,民营,少于50人,不限,未标明,仓库|仓库管理|盘点库存|物资验收|货物搬运|物流管理|节日福利|五险一金|缴纳五险|培训|发展空间|节假日|晋升|法定节假|带薪年假|带薪病假|年终奖金|专业培训|零食下午茶|包吃,20,仓储物流专员 仓库 仓库管理 盘点库存 物资验收 货物搬运 物流管理 节日福利 五险一金 缴纳五险 培训 发展空间 节假日 晋升 法定节假 带薪年假 带薪病假 年终奖金 专业培训 零食下午茶 包吃 计算机硬件 民营 少于50人 仓储物流专员 4 6千 13薪 上海 杨浦区 仓库 仓库管理 盘点库存 物资验收 货物搬运 物流管理 节日福利 五险一金 缴纳五险 培训 发展空间 节假日 晋升 法定节假 带薪年假 带薪病假 年终奖金 专业培训 零食下午茶 包吃 上海杰昂计算机科技有限公司 计算机硬件民营少于50人 去聊聊 投递,,仓储 物流 专员 仓库 仓库 管理 盘点 库存 物资 验收 货物 搬运 物流 管理 节日 一金 培训 发展 空间 节假日 晋升 法定 节假 病假 年终奖金 专业培训 零食 下午茶 包吃 计算机硬件 民营 少于 仓储 物流 专员 上海 杨浦区 仓库 仓库 管理 盘点 库存 物资 验收 货物 搬运 物流 管理 节日 一金 培训 发展 空间 节假日 晋升 法定 节假 病假 年终奖金 专业培训 零食 下午茶 包吃 上海 杰昂 计算机 科技 有限公司 计算机硬件 民营 少于 聊聊 投递
496,仓储文员/助理（在校生）,5-5.5千,5000.0,5500.0,5250.0,False,上海,青浦区,昆明三霖花卉有限公司上海分公司,农/林/牧/渔,民营,少于50人,不限,未标明,鲜花|仓管|订单处理|质检员|货物接收|到货验收|文员|物流文员|物流助理|货物入库,10,仓储文员 助理 在校生 鲜花 仓管 订单处理 质检员 货物接收 到货验收 文员 物流文员 物流助理 货物入库 农 林 牧 渔 民营 少于50人 仓储文员 助理 在校生 5 5.5千 上海 青浦区 鲜花 仓管 订单处理 质检员 货物接收 到货验收 文员 物流文员 物流助理 货物入库 昆明三霖花卉有限公司上海分公司 农 林 牧 渔民营少于50人 去聊聊 投递,,仓储 文员 助理 在校生 鲜花 仓管 订单 处理 质检员 货物 接收 到货 验收 文员 物流 文员 物流 助理 货物 入库 民营 少于 仓储 文员 助理 在校生 上海 青浦区 鲜花 仓管 订单 处理 质检员 货物 接收 到货 验收 文员 物流 文员 物流 助理 货物 入库 昆明 三霖 花卉 有限公司 上海 分公司 渔民 少于 聊聊 投递
497,仓库管理/柜台营业员,5-8.5千,5000.0,8500.0,6750.0,False,上海,杨浦区,上海复旦科教器材服务有限公司,货运/物流/仓储丨政府/公共事业,国企,50-150人,不限,未标明,五险一金|专业培训|绩效奖金|定期体检|带薪年假|高校食堂就餐,6,仓库管理 柜台营业员 五险一金 专业培训 绩效奖金 定期体检 带薪年假 高校食堂就餐 货运 物流 仓储丨政府 公共事业 国企 50 150人 仓库管理 柜台营业员 5 8.5千 上海 杨浦区 本周查看简历178次 五险一金 专业培训 绩效奖金 定期体检 带薪年假 高校食堂就餐 上海复旦科教器材服务有限公司 货运 物流 仓储丨政府 公共事业国企50 150人 去聊聊 投递,,仓库 管理 柜台 营业员 一金 专业培训 绩效奖金 定期 体检 高校 食堂 就餐 货运 物流 仓储 政府 公共事业 国企 仓库 管理 柜台 营业员 上海 杨浦区 本周 查看 简历 一金 专业培训 绩效奖金 定期 体检 高校 食堂 就餐 上海 复旦 科教 器材 服务 有限公司 货运 物流 仓储 政府 公共事业 国企 聊聊 投递
498,仓库管理员,6-6千,6000.0,6000.0,6000.0,False,上海,青浦区,上海货优智选医疗器械有限公司,医疗设备/器械,民营,50-150人,不限,未标明,验收|盘点|电脑操作|发货安排|货物接收|库存异常|存储|送货|五险一金|做五休二,10,仓库管理员 验收 盘点 电脑操作 发货安排 货物接收 库存异常 存储 送货 五险一金 做五休二 医疗设备 器械 民营 50 150人 仓库管理员 6 6千 上海 青浦区 今日回复10+次 验收 盘点 电脑操作 发货安排 货物接收 库存异常 存储 送货 五险一金 做五休二 上海货优智选医疗器械有限公司 医疗设备 器械民营50 150人 去聊聊 投递,,仓库 管理员 验收 盘点 电脑操作 发货 安排 货物 接收 库存 异常 存储 送货 一金 做五休 医疗 设备 器械 民营 仓库 管理员 上海 青浦区 今日 回复 + 验收 盘点 电脑操作 发货 安排 货物 接收 库存 异常 存储 送货 一金 做五休 上海 货优智选 医疗器械 有限公司 医疗 设备 器械 民营 聊聊 投递
499,仓库保管员,6-9万/年,6000.0,90000.0,48000.0,False,上海,虹口区,上药医疗器械（上海）有限公司,医疗设备/器械,国企,150-500人,不限,未标明,医疗器械|仓库保管|五险一金|交通补贴|餐饮补贴|专业培训|绩效奖金|年终奖金|定期体检|生日福利,10,仓库保管员 医疗器械 仓库保管 五险一金 交通补贴 餐饮补贴 专业培训 绩效奖金 年终奖金 定期体检 生日福利 医疗设备 器械 国企 150 500人 仓库保管员 6 9万 年 上海 虹口区 本周查看简历20次 医疗器械 仓库保管 五险一金 交通补贴 餐饮补贴 专业培训 绩效奖金 年终奖金 定期体检 生日福利 上药医疗器械 上海 有限公司 医疗设备 器械国企150 500人 去聊聊 投递,,仓库 保管员 医疗器械 仓库 保管 一金 交通 补贴 餐饮 补贴 专业培训 绩效奖金 年终奖金 定期 体检 生日 医疗 设备 器械 国企 仓库 保管员 上海 虹口区 本周 查看 简历 医疗器械 仓库 保管 一金 交通 补贴 餐饮 补贴 专业培训 绩效奖金 年终奖金 定期 体检 生日 上药 医疗器械 上海 有限公司 医疗 设备 器械 国企 聊聊 投递
500,仓库管理员,4.5-6千,4500.0,6000.0,5250.0,False,上海,青浦区,威聚（上海）贸易有限公司,批发/零售,未标明,50-150人,不限,未标明,盘点|office软件|仓库打包发货|五险一金,4,仓库管理员 盘点 office软件 仓库打包发货 五险一金 批发 零售 外资 非欧美 50 150人 仓库管理员 4.5 6千 上海 青浦区 盘点 office软件 仓库打包发货 五险一金 威聚 上海 贸易有限公司 批发 零售外资 非欧美 50 150人 去聊聊 投递,,仓库 管理员 盘点 office 软件 仓库 打包 发货 一金 批发 零售 外资 欧美 仓库 管理员 上海 青浦区 盘点 office 软件 仓库 打包 发货 一金 威聚 上海 贸易 有限公司 批发 零售 外资 欧美 聊聊 投递
501,仓储管理员,5-7千,5000.0,7000.0,6000.0,False,上海,青浦区,上海货优智选医疗器械有限公司,医疗设备/器械,民营,50-150人,不限,未标明,验收|物流|盘点|仓储|打包|库存数据|货物整理|货物接收|存储管理|分类|五险一金|做五休二|节假日,13,仓储管理员 验收 物流 盘点 仓储 打包 库存数据 货物整理 货物接收 存储管理 分类 五险一金 做五休二 节假日 医疗设备 器械 民营 50 150人 仓储管理员 5 7千 上海 青浦区 今日回复10+次 验收 物流 盘点 仓储 打包 库存数据 货物整理 货物接收 存储管理 分类 五险一金 做五休二 节假日 上海货优智选医疗器械有限公司 医疗设备 器械民营50 150人 去聊聊 投递,,仓储 管理员 验收 物流 盘点 仓储 打包 库存 数据 货物 整理 货物 接收 存储管理 分类 一金 做五休 节假日 医疗 设备 器械 民营 仓储 管理员 上海 青浦区 今日 回复 + 验收 物流 盘点 仓储 打包 库存 数据 货物 整理 货物 接收 存储管理 分类 一金 做五休 节假日 上海 货优智选 医疗器械 有限公司 医疗 设备 器械 民营 聊聊 投递
502,仓管员,5-6千·13薪,5000.0,6000.0,5500.0,False,上海,浦东新区,上海广顺物业管理有限公司,物业服务,民营,50-150人,不限,未标明,数据分析|excel|安全管理|采购计划|仓储|仓储管理|出入库|账实相符|防盗|库存数据|五险一金,11,仓管员 数据分析 excel 安全管理 采购计划 仓储 仓储管理 出入库 账实相符 防盗 库存数据 五险一金 物业服务 民营 50 150人 仓管员 5 6千 13薪 上海 浦东新区 今日查看简历1次 数据分析 excel 安全管理 采购计划 仓储 仓储管理 出入库 账实相符 防盗 库存数据 五险一金 上海广顺物业管理有限公司 物业服务民营50 150人 去聊聊 投递,,仓管员 数据分析 excel 安全 管理 采购计划 仓储 仓储 管理 出入库 账实 相符 防盗 库存 数据 一金 物业 服务 民营 仓管员 上海 浦东新区 今日 查看 简历 数据分析 excel 安全 管理 采购计划 仓储 仓储 管理 出入库 账实 相符 防盗 库存 数据 一金 上海 广顺 物业管理 有限公司 物业 服务 民营 聊聊 投递
503,物料管理员,6-7千,6000.0,7000.0,6500.0,False,上海,黄浦区,上海莉侃信息科技有限公司,计算机软件,民营,少于50人,不限,未标明,五险一金|年终奖金|定期体检,3,物料管理员 五险一金 年终奖金 定期体检 计算机软件 民营 少于50人 物料管理员 6 7千 上海 黄浦区 五险一金 年终奖金 定期体检 上海莉侃信息科技有限公司 计算机软件民营少于50人 去聊聊 投递,,物料 管理员 一金 年终奖金 定期 体检 计算机软件 民营 少于 物料 管理员 上海 黄浦区 一金 年终奖金 定期 体检 上海 莉侃 信息 科技 有限公司 计算机软件 民营 少于 聊聊 投递
504,收货员,5-6.5千,5000.0,6500.0,5750.0,False,上海,松江区,领虹企业服务（上海）有限公司,外包服务丨人力资源服务丨企业服务,民营,少于50人,不限,未标明,包吃|包吃,2,收货员 包吃 包吃 外包服务丨人力资源服务丨企业服务 民营 少于50人 收货员 5 6.5千 上海 松江区 包吃 包吃 领虹企业服务 上海 有限公司 外包服务丨人力资源服务丨企业服务民营少于50人 去聊聊 投递,,货员 包吃 包吃 服务 人力资源 服务 企业 服务 民营 少于 货员 上海 松江区 包吃 包吃 领虹 企业 服务 上海 有限公司 服务 人力资源 服务 企业 服务 民营 少于 聊聊 投递
505,周末双休   无责5000,5.5千-1.1万,5500.0,11000.0,8250.0,False,上海,徐汇区,顶呱呱科技股份有限公司,法律丨财务/审计/税务丨专利/商标/知识产权,民营,1000-5000人,不限,未标明,周末双休|五险|年终分红|季度奖金|节假日|法定节假|工伤保险|节日礼金|养老保险|产假|生育保险|失业保险|医疗保险,13,周末双休 无责5000 周末双休 五险 年终分红 季度奖金 节假日 法定节假 工伤保险 节日礼金 养老保险 产假 生育保险 失业保险 医疗保险 法律丨财务 审计 税务丨专利 商标 知识产权 民营 1000 5000人 周末双休 无责5000 5.5千 1.1万 上海 徐汇区 周末双休 五险 年终分红 季度奖金 节假日 法定节假 工伤保险 节日礼金 养老保险 产假 生育保险 失业保险 医疗保险 顶呱呱科技股份有限公司 法律丨财务 审计 税务丨专利 商标 知识产权民营1000 5000人 去聊聊 投递,,周末 双休 无责 周末 双休 年终 分红 季度 奖金 节假日 法定 节假 工伤保险 节日 礼金 养老保险 产假 生育 保险 失业 保险 医疗保险 法律 财务 审计 税务 专利 商标 知识产权 民营 周末 双休 无责 上海 徐汇区 周末 双休 年终 分红 季度 奖金 节假日 法定 节假 工伤保险 节日 礼金 养老保险 产假 生育 保险 失业 保险 医疗保险 顶呱呱 科技股份 有限公司 法律 财务 审计 税务 专利 商标 知识产权 民营 聊聊 投递
506,仓库管理员,4.5-6千·13薪,4500.0,6000.0,5250.0,False,上海,黄浦区,河北侬畅企业管理有限公司,人力资源服务,民营,少于50人,不限,未标明,erp|安全管理|仓库|供应链管理|wms|调拨|账实相符|优化库存结构|五险一金|员工旅游|专业培训|弹性工作|年终奖金|定期体检|做五休二,15,仓库管理员 erp 安全管理 仓库 供应链管理 wms 调拨 账实相符 优化库存结构 五险一金 员工旅游 专业培训 弹性工作 年终奖金 定期体检 做五休二 人力资源服务 民营 少于50人 仓库管理员 4.5 6千 13薪 上海 黄浦区 erp 安全管理 仓库 供应链管理 wms 调拨 账实相符 优化库存结构 五险一金 员工旅游 专业培训 弹性工作 年终奖金 定期体检 做五休二 河北侬畅企业管理有限公司 人力资源服务民营少于50人 去聊聊 投递,,仓库 管理员 erp 安全 管理 仓库 供应链 管理 wms 调拨 账实 相符 优化 库存 结构 一金 员工 旅游 专业培训 弹性 年终奖金 定期 体检 做五休 人力资源 服务 民营 少于 仓库 管理员 上海 黄浦区 erp 安全 管理 仓库 供应链 管理 wms 调拨 账实 相符 优化 库存 结构 一金 员工 旅游 专业培训 弹性 年终奖金 定期 体检 做五休 河北 企业 管理 有限公司 人力资源 服务 民营 少于 聊聊 投递
507,张江盛夏路仓管长白班+加班少+五险一金,5-6千,5000.0,6000.0,5500.0,False,上海,浦东新区,上海随时配物流有限公司,货运/物流/仓储,民营,少于50人,不限,未标明,盘点|仓储|理货|收发货|出入库验收|长白班|社保,7,张江盛夏路仓管长白班+加班少+五险一金 盘点 仓储 理货 收发货 出入库验收 长白班 社保 货运 物流 仓储 民营 少于50人 张江盛夏路仓管长白班+加班少+五险一金 5 6千 上海 浦东新区 盘点 仓储 理货 收发货 出入库验收 长白班 社保 上海随时配物流有限公司 货运 物流 仓储民营少于50人 去聊聊 投递,,张江 盛夏 路仓管 长白 + 加班 + 一金 盘点 仓储 理货 发货 出入库 验收 长白 社保 货运 物流 仓储 民营 少于 张江 盛夏 路仓管 长白 + 加班 + 一金 上海 浦东新区 盘点 仓储 理货 发货 出入库 验收 长白 社保 上海 随时 物流 有限公司 货运 物流 仓储 民营 少于 聊聊 投递
508,java开发工程师,1-1.6万,1000.0,16000.0,8500.0,False,上海,徐汇区,江苏星方筑缘机电设备有限公司,机械/设备/重工,民营,少于50人,不限,未标明,计算机|java|mybatis|需求分析|mysql数据库|单元测试|功能实现|boot|sql编写|性能优化|五险一金|年终奖金|定期体检|专业培训|员工旅游|弹性工作|周末双休|带薪年假|节日福利|做五休二|全勤奖,21,java开发工程师 计算机 java mybatis 需求分析 mysql数据库 单元测试 功能实现 boot sql编写 性能优化 五险一金 年终奖金 定期体检 专业培训 员工旅游 弹性工作 周末双休 带薪年假 节日福利 做五休二 全勤奖 机械 设备 重工 民营 少于50人 java开发工程师 1 1.6万 上海 徐汇区 计算机 java mybatis 需求分析 mysql数据库 单元测试 功能实现 boot sql编写 性能优化 五险一金 年终奖金 定期体检 专业培训 员工旅游 弹性工作 周末双休 带薪年假 节日福利 做五休二 全勤奖 江苏星方筑缘机电设备有限公司 机械 设备 重工民营少于50人 去聊聊 投递,,java 开发 工程师 计算机 java mybatis 需求 分析 mysql 数据库 单元测试 功能 实现 boot sql 编写 性能 优化 一金 年终奖金 定期 体检 专业培训 员工 旅游 弹性 周末 双休 节日 做五休 全勤奖 机械 设备 重工 民营 少于 java 开发 工程师 上海 徐汇区 计算机 java mybatis 需求 分析 mysql 数据库 单元测试 功能 实现 boot sql 编写 性能 优化 一金 年终奖金 定期 体检 专业培训 员工 旅游 弹性 周末 双休 节日 做五休 全勤奖 江苏 星方筑缘 机电设备 有限公司 机械 设备 重工 民营 少于 聊聊 投递
509,康桥物流聘仓管员五险一金,5-6千,5000.0,6000.0,5500.0,False,上海,浦东新区,上海随时配物流有限公司,货运/物流/仓储,民营,少于50人,不限,未标明,发货|仓库|打包|拣货|收发货|复核|规划库位|库存盘点|社保,9,康桥物流聘仓管员五险一金 发货 仓库 打包 拣货 收发货 复核 规划库位 库存盘点 社保 货运 物流 仓储 民营 少于50人 康桥物流聘仓管员五险一金 5 6千 上海 浦东新区 发货 仓库 打包 拣货 收发货 复核 规划库位 库存盘点 社保 上海随时配物流有限公司 货运 物流 仓储民营少于50人 去聊聊 投递,,康桥 物流 仓管员 一金 发货 仓库 打包 发货 复核 规划 库位 库存 盘点 社保 货运 物流 仓储 民营 少于 康桥 物流 仓管员 一金 上海 浦东新区 发货 仓库 打包 发货 复核 规划 库位 库存 盘点 社保 上海 随时 物流 有限公司 货运 物流 仓储 民营 少于 聊聊 投递
510,Java后端实习生,5-7千,5000.0,7000.0,6000.0,False,上海,,上海数全软件有限公司,计算机软件,民营,少于50人,不限,未标明,,0,Java后端实习生 计算机软件 民营 少于50人 Java后端实习生 5 7千 上海 今日回复3次 上海数全软件有限公司 计算机软件民营少于50人 去聊聊 投递,,Java 后端 实习生 计算机软件 民营 少于 Java 后端 实习生 上海 今日 回复 上海 数全 软件 有限公司 计算机软件 民营 少于 聊聊 投递
511,java开发工程师,1.2-1.8万,1200.0,18000.0,9600.0,False,上海,松江区,南京睿灿欣电气设备有限公司,电子商务,民营,50-150人,不限,未标明,计算机|java|mybatis|需求分析|redis|架构设计|中间件|微服务架构|分布式系统|代码评审|五险一金|年终奖金|绩效奖金|定期体检|专业培训|员工旅游|弹性工作|周末双休|带薪年假|节日福利|做五休二|全勤奖|带薪病假|定期团建,24,java开发工程师 计算机 java mybatis 需求分析 redis 架构设计 中间件 微服务架构 分布式系统 代码评审 五险一金 年终奖金 绩效奖金 定期体检 专业培训 员工旅游 弹性工作 周末双休 带薪年假 节日福利 做五休二 全勤奖 带薪病假 定期团建 电子商务 民营 50 150人 java开发工程师 1.2 1.8万 上海 松江区 计算机 java mybatis 需求分析 redis 架构设计 中间件 微服务架构 分布式系统 代码评审 五险一金 年终奖金 绩效奖金 定期体检 专业培训 员工旅游 弹性工作 周末双休 带薪年假 节日福利 做五休二 全勤奖 带薪病假 定期团建 南京睿灿欣电气设备有限公司 电子商务民营50 150人 去聊聊 投递,,java 开发 工程师 计算机 java mybatis 需求 分析 redis 架构设计 中间件 服务 架构 分布式系统 代码 评审 一金 年终奖金 绩效奖金 定期 体检 专业培训 员工 旅游 弹性 周末 双休 节日 做五休 全勤奖 病假 定期 团建 电子商务 民营 java 开发 工程师 上海 松江区 计算机 java mybatis 需求 分析 redis 架构设计 中间件 服务 架构 分布式系统 代码 评审 一金 年终奖金 绩效奖金 定期 体检 专业培训 员工 旅游 弹性 周末 双休 节日 做五休 全勤奖 病假 定期 团建 南京 灿欣 电气设备 有限公司 电子商务 民营 聊聊 投递
512,生产管理-应届生岗,7.5千-1.2万·13薪,7500.0,12000.0,9750.0,False,上海,徐汇区,捷普科技（上海）有限公司,电子/半导体/集成电路,未标明,1000-5000人,不限,无经验友好,,0,生产管理 应届生岗 电子 半导体 集成电路 外资 欧美 1000 5000人 生产管理 应届生岗 7.5千 1.2万 13薪 上海 徐汇区 2分钟前查看简历 捷普科技 上海 有限公司 电子 半导体 集成电路外资 欧美 1000 5000人 去聊聊 投递,,生产 管理 应届生 电子 半导体 集成电路 外资 欧美 生产 管理 应届生 上海 徐汇区 分钟 查看 简历 捷普 科技 上海 有限公司 电子 半导体 集成电路 外资 欧美 聊聊 投递
513,伊利2027届校招-销售培训生（液态奶浙沪）,7-8千,7000.0,8000.0,7500.0,False,上海,浦东新区,内蒙古伊利实业集团股份有限公司,食品/饮料/粮油,未标明,10000人以上,不限,未标明,销售|市场营销|工商管理|数字化|学生组织|管理大客户|大学英语四级|渠道业务拓展|五险一金|专业培训|绩效奖金|定期体检|带薪年假|节日福利|通讯补贴|培训,16,伊利2027届校招 销售培训生 液态奶浙沪 销售 市场营销 工商管理 数字化 学生组织 管理大客户 大学英语四级 渠道业务拓展 五险一金 专业培训 绩效奖金 定期体检 带薪年假 节日福利 通讯补贴 培训 食品 饮料 粮油 已上市 10000人以上 伊利2027届校招 销售培训生 液态奶浙沪 7 8千 上海 浦东新区 销售 市场营销 工商管理 数字化 学生组织 管理大客户 大学英语四级 渠道业务拓展 五险一金 专业培训 绩效奖金 定期体检 带薪年假 节日福利 通讯补贴 培训 内蒙古伊利实业集团股份有限公司 食品 饮料 粮油已上市10000人以上 去聊聊 投递,,伊利 届校 销售 培训生 液态奶 浙沪 销售 市场营销 工商管理 数字化 学生 组织 管理 客户 大学 英语 四级 渠道 业务 拓展 一金 专业培训 绩效奖金 定期 体检 节日 通讯 补贴 培训 食品 饮料 粮油 上市 伊利 届校 销售 培训生 液态奶 浙沪 上海 浦东新区 销售 市场营销 工商管理 数字化 学生 组织 管理 客户 大学 英语 四级 渠道 业务 拓展 一金 专业培训 绩效奖金 定期 体检 节日 通讯 补贴 培训 内蒙古 伊利 实业集团 股份 有限公司 食品 饮料 粮油 上市 聊聊 投递
514,JAVA后端研发工程师(J14653),6千-1.2万,6000.0,12000.0,9000.0,False,上海,,上海汉得信息技术股份有限公司,计算机软件,未标明,10000人以上,不限,未标明,五险一金|绩效奖金|定期体检|专业培训|带薪年假,5,JAVA后端研发工程师 J14653 五险一金 绩效奖金 定期体检 专业培训 带薪年假 计算机软件 已上市 10000人以上 JAVA后端研发工程师 J14653 6千 1.2万 上海 48分钟前查看简历 五险一金 绩效奖金 定期体检 专业培训 带薪年假 上海汉得信息技术股份有限公司 计算机软件已上市10000人以上 去聊聊 投递,,JAVA 后端 研发 工程师 J14653 一金 绩效奖金 定期 体检 专业培训 计算机软件 上市 JAVA 后端 研发 工程师 J14653 上海 分钟 查看 简历 一金 绩效奖金 定期 体检 专业培训 上海 汉得 信息技术 股份 有限公司 计算机软件 上市 聊聊 投递
515,财务实习生（可转正）,150元/天,150.0,150.0,3262.5,True,上海,闵行区,上海罗森便利有限公司,批发/零售,未标明,1000-5000人,不限,未标明,excel|结算|会计|对账|office|催收|发票开具|财会|节假日|五险一金|带薪年假|员工旅游|年终奖金|绩效奖金|专业培训|出国机会|定期体检|定期团建|交通补贴,19,财务实习生 可转正 excel 结算 会计 对账 office 催收 发票开具 财会 节假日 五险一金 带薪年假 员工旅游 年终奖金 绩效奖金 专业培训 出国机会 定期体检 定期团建 交通补贴 批发 零售 外资 非欧美 1000 5000人 财务实习生 可转正 150元 天 上海 闵行区 本周操作面试1次 excel 结算 会计 对账 office 催收 发票开具 财会 节假日 五险一金 带薪年假 员工旅游 年终奖金 绩效奖金 专业培训 出国机会 定期体检 定期团建 交通补贴 上海罗森便利有限公司 批发 零售外资 非欧美 1000 5000人 去聊聊 投递,,财务 实习生 转正 excel 结算 会计 对账 office 催收 发票 开具 财会 节假日 一金 员工 旅游 年终奖金 绩效奖金 专业培训 出国 机会 定期 体检 定期 团建 交通 补贴 批发 零售 外资 欧美 财务 实习生 转正 上海 闵行区 本周 操作 面试 excel 结算 会计 对账 office 催收 发票 开具 财会 节假日 一金 员工 旅游 年终奖金 绩效奖金 专业培训 出国 机会 定期 体检 定期 团建 交通 补贴 上海 罗森 便利 有限公司 批发 零售 外资 欧美 聊聊 投递
516,JAVA后端开发工程师(J14650),6千-1.2万,6000.0,12000.0,9000.0,False,上海,,上海汉得信息技术股份有限公司,计算机软件,未标明,10000人以上,不限,未标明,五险一金|绩效奖金|定期体检|专业培训|带薪年假,5,JAVA后端开发工程师 J14650 五险一金 绩效奖金 定期体检 专业培训 带薪年假 计算机软件 已上市 10000人以上 JAVA后端开发工程师 J14650 6千 1.2万 上海 五险一金 绩效奖金 定期体检 专业培训 带薪年假 上海汉得信息技术股份有限公司 计算机软件已上市10000人以上 去聊聊 投递,,JAVA 后端 开发 工程师 J14650 一金 绩效奖金 定期 体检 专业培训 计算机软件 上市 JAVA 后端 开发 工程师 J14650 上海 一金 绩效奖金 定期 体检 专业培训 上海 汉得 信息技术 股份 有限公司 计算机软件 上市 聊聊 投递
517,做四休二操作工工作轻松月7k,7-8千,7000.0,8000.0,7500.0,False,上海,浦东新区,上海万鑫人力资源（集团）有限公司,机械/设备/重工,民营,50-150人,不限,未标明,普工|操作工|cnc|女普工|修毛刺|操作机台|做四休二·|工作轻松|长期稳定|包吃住|服装|工作轻松|包吃住|人走账清|坐班|白班|长白班|日结|缴纳社保|五险一金|年终奖金|绩效奖金|带薪年假|专业培训|新手,25,做四休二操作工工作轻松月7k 普工 操作工 cnc 女普工 修毛刺 操作机台 做四休二 工作轻松 长期稳定 包吃住 服装 工作轻松 包吃住 人走账清 坐班 白班 长白班 日结 缴纳社保 五险一金 年终奖金 绩效奖金 带薪年假 专业培训 新手 机械 设备 重工 民营 50 150人 做四休二操作工工作轻松月7k 7 8千 上海 浦东新区 本周处理简历1次 普工 操作工 cnc 女普工 修毛刺 操作机台 做四休二 工作轻松 长期稳定 包吃住 服装 工作轻松 包吃住 人走账清 坐班 白班 长白班 日结 缴纳社保 五险一金 年终奖金 绩效奖金 带薪年假 专业培训 新手 上海万鑫人力资源 集团 有限公司 机械 设备 重工民营50 150人 去聊聊 投递,,做四休 操作工 轻松 7k 普工 操作工 cnc 女普工 毛刺 操作机 做四休 轻松 长期 稳定 包吃 服装 轻松 包吃 走账 坐班 白班 长白 日结 社保 一金 年终奖金 绩效奖金 专业培训 新手 机械 设备 重工 民营 做四休 操作工 轻松 7k 上海 浦东新区 本周 处理 简历 普工 操作工 cnc 女普工 毛刺 操作机 做四休 轻松 长期 稳定 包吃 服装 轻松 包吃 走账 坐班 白班 长白 日结 社保 一金 年终奖金 绩效奖金 专业培训 新手 上海 万鑫 人力资源 集团 有限公司 机械 设备 重工 民营 聊聊 投递
518,财务实习生,180元/天,180.0,180.0,3915.0,True,上海,虹口区,上海智宸实业（集团）有限公司,医疗设备/器械,民营,少于50人,不限,未标明,财务|会计|发票|记账凭证打印|会计初级职称|五险一金|带薪年假|绩效奖金|项目奖金|出差补贴|有餐补,11,财务实习生 财务 会计 发票 记账凭证打印 会计初级职称 五险一金 带薪年假 绩效奖金 项目奖金 出差补贴 有餐补 医疗设备 器械 民营 少于50人 财务实习生 180元 天 上海 虹口区 财务 会计 发票 记账凭证打印 会计初级职称 五险一金 带薪年假 绩效奖金 项目奖金 出差补贴 有餐补 上海智宸实业 集团 有限公司 医疗设备 器械民营少于50人 去聊聊 投递,,财务 实习生 财务 会计 发票 记账 凭证 打印 会计 初级职称 一金 绩效奖金 项目 奖金 出差 补贴 有餐 医疗 设备 器械 民营 少于 财务 实习生 上海 虹口区 财务 会计 发票 记账 凭证 打印 会计 初级职称 一金 绩效奖金 项目 奖金 出差 补贴 有餐 上海 智宸 实业 集团 有限公司 医疗 设备 器械 民营 少于 聊聊 投递
519,会计,4.5-5千,4500.0,5000.0,4750.0,False,上海,闵行区,上海晨兴农业发展有限公司,农/林/牧/渔,民营,少于50人,不限,未标明,五险一金|带薪年假|年终奖金|出国机会,4,会计 五险一金 带薪年假 年终奖金 出国机会 农 林 牧 渔 民营 少于50人 会计 4.5 5千 上海 闵行区 今日回复10+次 五险一金 带薪年假 年终奖金 出国机会 上海晨兴农业发展有限公司 农 林 牧 渔民营少于50人 去聊聊 投递,,会计 一金 年终奖金 出国 机会 民营 少于 会计 上海 闵行区 今日 回复 + 一金 年终奖金 出国 机会 上海 晨兴 农业 发展 有限公司 渔民 少于 聊聊 投递
520,上市龙头企业-操作机台岗,6.5-8.5千·13薪,6500.0,8500.0,7500.0,False,上海,浦东新区,济南匠鑫网络科技有限公司,人力资源服务,民营,150-500人,不限,未标明,保底工资|年终奖金|包吃住|技能培训|免费班车|餐补|年终奖|节日福利|缴纳五险|班车|包三餐|节假日|安排住宿|季度奖|储备干部,15,上市龙头企业 操作机台岗 保底工资 年终奖金 包吃住 技能培训 免费班车 餐补 年终奖 节日福利 缴纳五险 班车 包三餐 节假日 安排住宿 季度奖 储备干部 人力资源服务 民营 150 500人 上市龙头企业 操作机台岗 6.5 8.5千 13薪 上海 浦东新区 保底工资 年终奖金 包吃住 技能培训 免费班车 餐补 年终奖 节日福利 缴纳五险 班车 包三餐 节假日 安排住宿 季度奖 储备干部 济南匠鑫网络科技有限公司 人力资源服务民营150 500人 去聊聊 投递,,上市 龙头企业 操作机 台岗 保底 工资 年终奖金 包吃 技能 培训 免费 班车 餐补 年终奖 节日 班车 三餐 节假日 安排 住宿 季度 储备干部 人力资源 服务 民营 上市 龙头企业 操作机 台岗 上海 浦东新区 保底 工资 年终奖金 包吃 技能 培训 免费 班车 餐补 年终奖 节日 班车 三餐 节假日 安排 住宿 季度 储备干部 济南 匠鑫 网络科技 有限公司 人力资源 服务 民营 聊聊 投递
521,LabVIEW工程师(上海),8千-1.3万,8000.0,13000.0,10500.0,False,上海,浦东新区,北京曾益科技有限公司,仪器仪表/工业自动化,民营,少于50人,不限,未标明,LabVIEW|测试|测量|NI|RF|射频|监测|检测|GNURadio|五险一金|补充医疗保险|员工旅游|专业培训|弹性工作|定期体检|带薪年假|节日福利|周末双休|朝九晚六,19,LabVIEW工程师 上海 LabVIEW 测试 测量 NI RF 射频 监测 检测 GNURadio 五险一金 补充医疗保险 员工旅游 专业培训 弹性工作 定期体检 带薪年假 节日福利 周末双休 朝九晚六 仪器仪表 工业自动化 民营 少于50人 LabVIEW工程师 上海 8千 1.3万 上海 浦东新区 LabVIEW 测试 测量 NI RF 射频 监测 检测 GNURadio 五险一金 补充医疗保险 员工旅游 专业培训 弹性工作 定期体检 带薪年假 节日福利 周末双休 朝九晚六 北京曾益科技有限公司 仪器仪表 工业自动化民营少于50人 去聊聊 投递,,LabVIEW 工程师 上海 LabVIEW 测试 测量 NI RF 射频 监测 检测 GNURadio 一金 补充 医疗保险 员工 旅游 专业培训 弹性 定期 体检 节日 周末 双休 朝九晚 仪器仪表 工业 自动化 民营 少于 LabVIEW 工程师 上海 上海 浦东新区 LabVIEW 测试 测量 NI RF 射频 监测 检测 GNURadio 一金 补充 医疗保险 员工 旅游 专业培训 弹性 定期 体检 节日 周末 双休 朝九晚 北京 曾益 科技 有限公司 仪器仪表 工业 自动化 民营 少于 聊聊 投递
522,财务会计实习生,200元/天,200.0,200.0,4350.0,True,上海,浦东新区,博力通（上海）隔膜制品有限公司,化工,未标明,50-150人,不限,未标明,,0,财务会计实习生 化工 外资 欧美 50 150人 财务会计实习生 200元 天 上海 浦东新区 博力通 上海 隔膜制品有限公司 化工外资 欧美 50 150人 去聊聊 投递,,财务会计 实习生 化工 外资 欧美 财务会计 实习生 上海 浦东新区 博力 上海 隔膜 制品 有限公司 化工 外资 欧美 聊聊 投递
523,可线上面试  应届生优先  提供住宿,6千-1.2万,6000.0,12000.0,9000.0,False,上海,,上海太平洋房屋服务有限公司,地产经纪/中介,未标明,5000-10000人,不限,无经验友好,五险一金|提供住宿|销售经验|客户开发|带薪培训|带薪年假|接受小白|师傅带教|高提成|氛围好|五险一金|绩效奖金|年终奖金|专业培训|定期体检|餐饮补贴|带薪年假|员工旅游|节日福利|弹性工作|补充医疗保险|五险|全勤奖|提供住宿|培训,25,可线上面试 应届生优先 提供住宿 五险一金 提供住宿 销售经验 客户开发 带薪培训 带薪年假 接受小白 师傅带教 高提成 氛围好 五险一金 绩效奖金 年终奖金 专业培训 定期体检 餐饮补贴 带薪年假 员工旅游 节日福利 弹性工作 补充医疗保险 五险 全勤奖 提供住宿 培训 地产经纪 中介 外资 非欧美 5000 10000人 可线上面试 应届生优先 提供住宿 6千 1.2万 上海 在线 本周查看简历1次 五险一金 提供住宿 销售经验 客户开发 带薪培训 带薪年假 接受小白 师傅带教 高提成 氛围好 五险一金 绩效奖金 年终奖金 专业培训 定期体检 餐饮补贴 带薪年假 员工旅游 节日福利 弹性工作 补充医疗保险 五险 全勤奖 提供住宿 培训 上海太平洋房屋服务有限公司 地产经纪 中介外资 非欧美 5000 10000人 去聊聊 投递,,可线 面试 应届生 住宿 一金 住宿 销售 经验 客户 开发 培训 接受 小白 师傅 带教 提成 氛围 一金 绩效奖金 年终奖金 专业培训 定期 体检 餐饮 补贴 员工 旅游 节日 弹性 补充 医疗保险 全勤奖 住宿 培训 地产 经纪 中介 外资 欧美 可线 面试 应届生 住宿 上海 在线 本周 查看 简历 一金 住宿 销售 经验 客户 开发 培训 接受 小白 师傅 带教 提成 氛围 一金 绩效奖金 年终奖金 专业培训 定期 体检 餐饮 补贴 员工 旅游 节日 弹性 补充 医疗保险 全勤奖 住宿 培训 上海 太平洋 房屋 服务 有限公司 地产 经纪 中介 外资 欧美 聊聊 投递
524,财务实习生（可转正）,230元/天,230.0,230.0,5002.5,True,上海,普陀区,上海炎迅化工进出口有限公司,化工,民营,少于50人,不限,未标明,绩效奖金|专业培训|带薪年假|做五休二|员工旅游|餐饮补贴|周末双休|通讯补贴|双休|交通补贴|可转正,11,财务实习生 可转正 绩效奖金 专业培训 带薪年假 做五休二 员工旅游 餐饮补贴 周末双休 通讯补贴 双休 交通补贴 可转正 化工 民营 少于50人 财务实习生 可转正 230元 天 上海 普陀区 绩效奖金 专业培训 带薪年假 做五休二 员工旅游 餐饮补贴 周末双休 通讯补贴 双休 交通补贴 可转正 上海炎迅化工进出口有限公司 化工民营少于50人 去聊聊 投递,,财务 实习生 转正 绩效奖金 专业培训 做五休 员工 旅游 餐饮 补贴 周末 双休 通讯 补贴 双休 交通 补贴 转正 化工 民营 少于 财务 实习生 转正 上海 普陀区 绩效奖金 专业培训 做五休 员工 旅游 餐饮 补贴 周末 双休 通讯 补贴 双休 交通 补贴 转正 上海 炎迅 化工 进出口 有限公司 化工 民营 少于 聊聊 投递
525,代账会计（近控江路）,5千-1万,5000.0,10000.0,7500.0,False,上海,杨浦区,上海惠中税务师事务所有限责任公司,财务/审计/税务,民营,少于50人,不限,未标明,弹性工作|五险一金|带薪年假|健康体检,4,代账会计 近控江路 弹性工作 五险一金 带薪年假 健康体检 财务 审计 税务 民营 少于50人 代账会计 近控江路 5千 1万 上海 杨浦区 26分钟前回复 弹性工作 五险一金 带薪年假 健康体检 上海惠中税务师事务所有限责任公司 财务 审计 税务民营少于50人 去聊聊 投递,,代账 会计 控江路 弹性 一金 健康 体检 财务 审计 税务 民营 少于 代账 会计 控江路 上海 杨浦区 分钟 回复 弹性 一金 健康 体检 上海 惠中 税务师 事务所 有限责任 财务 审计 税务 民营 少于 聊聊 投递
526,财务会计,4-5千,4000.0,5000.0,4500.0,False,上海,宝山区,上海逸臣建筑工程有限公司,建筑/建材/工程,民营,少于50人,不限,未标明,,0,财务会计 建筑 建材 工程 民营 少于50人 财务会计 4 5千 上海 宝山区 今日回复5次 上海逸臣建筑工程有限公司 建筑 建材 工程民营少于50人 去聊聊 投递,,财务会计 建筑 建材 工程 民营 少于 财务会计 上海 宝山区 今日 回复 上海 逸臣 建筑工程 有限公司 建筑 建材 工程 民营 少于 聊聊 投递
527,财务行政助理,8千-1万,8000.0,10000.0,9000.0,False,上海,虹口区,深圳欧科健生物医药科技有限公司,制药/生物工程,未标明,少于50人,不限,未标明,五险一金|带薪年假|年终奖金|绩效奖金|定期体检|定期团建|节假日福利|周末双休|有餐补|免费工作餐|培训,11,财务行政助理 五险一金 带薪年假 年终奖金 绩效奖金 定期体检 定期团建 节假日福利 周末双休 有餐补 免费工作餐 培训 制药 生物工程 外资 非欧美 少于50人 财务行政助理 8千 1万 上海 虹口区 今日回复10次 五险一金 带薪年假 年终奖金 绩效奖金 定期体检 定期团建 节假日福利 周末双休 有餐补 免费工作餐 培训 深圳欧科健生物医药科技有限公司 制药 生物工程外资 非欧美 少于50人 去聊聊 投递,,财务 行政助理 一金 年终奖金 绩效奖金 定期 体检 定期 团建 节假日 周末 双休 有餐 免费 工作餐 培训 制药 生物工程 外资 欧美 少于 财务 行政助理 上海 虹口区 今日 回复 一金 年终奖金 绩效奖金 定期 体检 定期 团建 节假日 周末 双休 有餐 免费 工作餐 培训 深圳 欧科健 生物医药 科技 有限公司 制药 生物工程 外资 欧美 少于 聊聊 投递
528,财务助理（行政岗）,8千-1万,8000.0,10000.0,9000.0,False,上海,浦东新区,上海鸣科医疗科技有限公司,医疗设备/器械丨其他专业服务丨学术/科研,民营,少于50人,不限,未标明,五险一金|定期体检,2,财务助理 行政岗 五险一金 定期体检 医疗设备 器械丨其他专业服务丨学术 科研 民营 少于50人 财务助理 行政岗 8千 1万 上海 浦东新区 本周处理简历7次 五险一金 定期体检 上海鸣科医疗科技有限公司 医疗设备 器械丨其他专业服务丨学术 科研民营少于50人 去聊聊 投递,,财务 助理 行政 一金 定期 体检 医疗 设备 器械 其他 专业 服务 学术 科研 民营 少于 财务 助理 行政 上海 浦东新区 本周 处理 简历 一金 定期 体检 上海 鸣科 医疗 科技 有限公司 医疗 设备 器械 其他 专业 服务 学术 科研 民营 少于 聊聊 投递
529,财务专员,8千-1.2万·13薪,8000.0,12000.0,10000.0,False,上海,闵行区,御隆国际货运代理（上海）有限公司,货运/物流/仓储,未标明,1000-5000人,不限,未标明,奖金|五险一金|补充医疗保险|员工旅游|专业培训|定期体检,6,财务专员 奖金 五险一金 补充医疗保险 员工旅游 专业培训 定期体检 货运 物流 仓储 外资 欧美 1000 5000人 财务专员 8千 1.2万 13薪 上海 闵行区 奖金 五险一金 补充医疗保险 员工旅游 专业培训 定期体检 御隆国际货运代理 上海 有限公司 货运 物流 仓储外资 欧美 1000 5000人 去聊聊 投递,,财务 专员 奖金 一金 补充 医疗保险 员工 旅游 专业培训 定期 体检 货运 物流 仓储 外资 欧美 财务 专员 上海 闵行区 奖金 一金 补充 医疗保险 员工 旅游 专业培训 定期 体检 御隆 国际 货运 代理 上海 有限公司 货运 物流 仓储 外资 欧美 聊聊 投递
530,财务担当-[402117],7千-1万·14薪,7000.0,10000.0,8500.0,False,上海,闵行区,花王（中国）投资有限公司,日化/化妆品,未标明,500-1000人,不限,未标明,,0,财务担当 402117 日化 化妆品 外资 非欧美 500 1000人 财务担当 402117 7千 1万 14薪 上海 闵行区 10分钟前查看简历 花王 中国 投资有限公司 日化 化妆品外资 非欧美 500 1000人 去聊聊 投递,,财务 担当 日化 化妆品 外资 欧美 财务 担当 上海 闵行区 分钟 查看 简历 花王 中国 投资 有限公司 日化 化妆品 外资 欧美 聊聊 投递
531,Junior Accountant,7-8千·13薪,7000.0,8000.0,7500.0,False,上海,静安区,纳新塑化（上海）有限公司,石油/石化丨贸易/进出口,未标明,150-500人,不限,未标明,周末双休|节日福利|专业培训|餐饮补贴|通讯补贴|五险一金|做五休二,7,Junior Accountant 周末双休 节日福利 专业培训 餐饮补贴 通讯补贴 五险一金 做五休二 石油 石化丨贸易 进出口 外资 欧美 150 500人 Junior Accountant 7 8千 13薪 上海 静安区 周末双休 节日福利 专业培训 餐饮补贴 通讯补贴 五险一金 做五休二 纳新塑化 上海 有限公司 石油 石化丨贸易 进出口外资 欧美 150 500人 去聊聊 投递,,Junior Accountant 周末 双休 节日 专业培训 餐饮 补贴 通讯 补贴 一金 做五休 石油 石化 贸易 进出口 外资 欧美 Junior Accountant 上海 静安区 周末 双休 节日 专业培训 餐饮 补贴 通讯 补贴 一金 做五休 纳新 塑化 上海 有限公司 石油 石化 贸易 进出口 外资 欧美 聊聊 投递
532,财务专员,10-12万/年,10000.0,120000.0,65000.0,False,上海,浦东新区,前锦网络信息技术（上海）有限公司,人力资源服务,未标明,5000-10000人,不限,未标明,英语四级,1,财务专员 英语四级 人力资源服务 已上市 5000 10000人 财务专员 10 12万 年 上海 浦东新区 英语四级 前锦网络信息技术 上海 有限公司 人力资源服务已上市5000 10000人 去聊聊 投递,,财务 专员 英语 四级 人力资源 服务 上市 财务 专员 上海 浦东新区 英语 四级 前锦 网络 信息技术 上海 有限公司 人力资源 服务 上市 聊聊 投递
533,财务专员（2026届毕业生）,7千-1.2万·13薪,7000.0,12000.0,9500.0,False,上海,静安区,香港斯坦达服装有限公司上海代表处,服装,民营,50-150人,不限,未标明,excel|财务|sql|英语|金融|会计|财务管理|对账|经济|日语|五险一金|补充医疗保险|交通补贴|通讯补贴|定期体检|有餐补|出国机会|专业培训|年终奖金|带薪年假,20,财务专员 2026届毕业生 excel 财务 sql 英语 金融 会计 财务管理 对账 经济 日语 五险一金 补充医疗保险 交通补贴 通讯补贴 定期体检 有餐补 出国机会 专业培训 年终奖金 带薪年假 服装 民营 50 150人 财务专员 2026届毕业生 7千 1.2万 13薪 上海 静安区 57分钟前回复 excel 财务 sql 英语 金融 会计 财务管理 对账 经济 日语 五险一金 补充医疗保险 交通补贴 通讯补贴 定期体检 有餐补 出国机会 专业培训 年终奖金 带薪年假 香港斯坦达服装有限公司上海代表处 服装民营50 150人 去聊聊 投递,,财务 专员 毕业生 excel 财务 sql 英语 金融 会计 财务管理 对账 经济 日语 一金 补充 医疗保险 交通 补贴 通讯 补贴 定期 体检 有餐 出国 机会 专业培训 年终奖金 服装 民营 财务 专员 毕业生 上海 静安区 分钟 回复 excel 财务 sql 英语 金融 会计 财务管理 对账 经济 日语 一金 补充 医疗保险 交通 补贴 通讯 补贴 定期 体检 有餐 出国 机会 专业培训 年终奖金 香港 斯坦达 服装 有限公司 上海 代表处 服装 民营 聊聊 投递
534,财务专员,8千-1万,8000.0,10000.0,9000.0,False,上海,,上海笙霖机电科技有限公司,贸易/进出口,民营,少于50人,不限,未标明,五险一金|带薪年假,2,财务专员 五险一金 带薪年假 贸易 进出口 民营 少于50人 财务专员 8千 1万 上海 本周查看简历1次 五险一金 带薪年假 上海笙霖机电科技有限公司 贸易 进出口民营少于50人 去聊聊 投递,,财务 专员 一金 贸易 进出口 民营 少于 财务 专员 上海 本周 查看 简历 一金 上海 笙霖 机电 科技 有限公司 贸易 进出口 民营 少于 聊聊 投递
535,财务会计,8千-1.2万,8000.0,12000.0,10000.0,False,上海,浦东新区,柏山精泰真空设备（上海）有限公司,电子/半导体/集成电路丨机械/设备/重工,未标明,少于50人,不限,未标明,五险一金|补充医疗保险|子女医疗保险|带薪年假|年终奖金|出差补贴|通讯补贴,7,财务会计 五险一金 补充医疗保险 子女医疗保险 带薪年假 年终奖金 出差补贴 通讯补贴 电子 半导体 集成电路丨机械 设备 重工 外资 非欧美 少于50人 财务会计 8千 1.2万 上海 浦东新区 五险一金 补充医疗保险 子女医疗保险 带薪年假 年终奖金 出差补贴 通讯补贴 柏山精泰真空设备 上海 有限公司 电子 半导体 集成电路丨机械 设备 重工外资 非欧美 少于50人 去聊聊 投递,,财务会计 一金 补充 医疗保险 子女 医疗保险 年终奖金 出差 补贴 通讯 补贴 电子 半导体 集成电路 机械 设备 重工 外资 欧美 少于 财务会计 上海 浦东新区 一金 补充 医疗保险 子女 医疗保险 年终奖金 出差 补贴 通讯 补贴 柏山 精泰 真空设备 上海 有限公司 电子 半导体 集成电路 机械 设备 重工 外资 欧美 少于 聊聊 投递
536,财务会计（制造业）,9千-1.3万,9000.0,13000.0,11000.0,False,上海,,上海奥达科股份有限公司,汽车零部件,合资,500-1000人,不限,未标明,提供宿舍|五险一金|免费班车,3,财务会计 制造业 提供宿舍 五险一金 免费班车 汽车零部件 合资 500 1000人 财务会计 制造业 9千 1.3万 上海 今日回复10+次 提供宿舍 五险一金 免费班车 上海奥达科股份有限公司 汽车零部件合资500 1000人 去聊聊 投递,,财务会计 制造业 宿舍 一金 免费 班车 汽车 零部件 合资 财务会计 制造业 上海 今日 回复 + 宿舍 一金 免费 班车 上海 达科 股份 有限公司 汽车 零部件 合资 聊聊 投递
537,中智劳务派遣-企划部会计处-经费会计科,6-8千,6000.0,8000.0,7000.0,False,上海,浦东新区,三菱日联银行（中国）有限公司,银行,未标明,1000-5000人,不限,未标明,,0,中智劳务派遣 企划部会计处 经费会计科 银行 外资 非欧美 1000 5000人 中智劳务派遣 企划部会计处 经费会计科 6 8千 上海 浦东新区 本周查看简历1次 三菱日联银行 中国 有限公司 银行外资 非欧美 1000 5000人 去聊聊 投递,,中智 劳务 派遣 企划部 会计处 经费 会计 银行 外资 欧美 中智 劳务 派遣 企划部 会计处 经费 会计 上海 浦东新区 本周 查看 简历 三菱 日联 银行 中国 有限公司 银行 外资 欧美 聊聊 投递
538,财务会计,10-12万/年,10000.0,120000.0,65000.0,False,上海,,上海海丰信息技术有限公司,船舶/航空/航天,未标明,500-1000人,不限,未标明,办公软件|英语|财务报表|团队建设|会计处理|物流公司|往来账核对|系统数据处理|cet_4证书|财务会计|带薪休假|年终奖|五险一金|加班费|年底双薪|全勤奖|带薪年假|定期体检|节日福利|差旅补贴|团队建设|年节福利|房贴|补贴|全勤,25,财务会计 办公软件 英语 财务报表 团队建设 会计处理 物流公司 往来账核对 系统数据处理 cet 4证书 财务会计 带薪休假 年终奖 五险一金 加班费 年底双薪 全勤奖 带薪年假 定期体检 节日福利 差旅补贴 团队建设 年节福利 房贴 补贴 全勤 船舶 航空 航天 已上市 500 1000人 财务会计 10 12万 年 上海 本周查看简历1次 办公软件 英语 财务报表 团队建设 会计处理 物流公司 往来账核对 系统数据处理 cet 4证书 财务会计 带薪休假 年终奖 五险一金 加班费 年底双薪 全勤奖 带薪年假 定期体检 节日福利 差旅补贴 团队建设 年节福利 房贴 补贴 全勤 上海海丰信息技术有限公司 船舶 航空 航天已上市500 1000人 去聊聊 投递,,财务会计 办公软件 英语 财务报表 团队 建设 会计 处理 物流 往来账 核对 系统 数据处理 cet 证书 财务会计 带薪休假 年终奖 一金 加班费 年底 双薪 全勤奖 定期 体检 节日 差旅 补贴 团队 建设 年节 房贴 补贴 全勤 船舶 航空 航天 上市 财务会计 上海 本周 查看 简历 办公软件 英语 财务报表 团队 建设 会计 处理 物流 往来账 核对 系统 数据处理 cet 证书 财务会计 带薪休假 年终奖 一金 加班费 年底 双薪 全勤奖 定期 体检 节日 差旅 补贴 团队 建设 年节 房贴 补贴 全勤 上海 海丰 信息技术 有限公司 船舶 航空 航天 上市 聊聊 投递
539,Accounts Executive,6千-1万,6000.0,10000.0,8000.0,False,上海,徐汇区,杰安海事咨询（上海）有限公司,检测/认证丨其他专业服务,未标明,50-150人,不限,未标明,accounting|audit|cit|apac|cash|flow|tax|agents|vat|wht|五险一金|带薪年假|定期体检|节假日福利|补充医疗保险,15,Accounts Executive accounting audit cit apac cash flow tax agents vat wht 五险一金 带薪年假 定期体检 节假日福利 补充医疗保险 检测 认证丨其他专业服务 外资 欧美 50 150人 Accounts Executive 6千 1万 上海 徐汇区 accounting audit cit apac cash flow tax agents vat wht 五险一金 带薪年假 定期体检 节假日福利 补充医疗保险 杰安海事咨询 上海 有限公司 检测 认证丨其他专业服务外资 欧美 50 150人 去聊聊 投递,,Accounts Executive accounting audit cit apac cash flow tax agents vat wht 一金 定期 体检 节假日 补充 医疗保险 检测 认证 其他 专业 服务 外资 欧美 Accounts Executive 上海 徐汇区 accounting audit cit apac cash flow tax agents vat wht 一金 定期 体检 节假日 补充 医疗保险 杰安 海事 咨询 上海 有限公司 检测 认证 其他 专业 服务 外资 欧美 聊聊 投递
540,财务管培生,8千-1.2万,8000.0,12000.0,10000.0,False,上海,金山区,上海威可特汽车热交换器制造有限公司,汽车零部件,合资,500-1000人,不限,未标明,,0,财务管培生 汽车零部件 合资 500 1000人 财务管培生 8千 1.2万 上海 金山区 17分钟前回复 上海威可特汽车热交换器制造有限公司 汽车零部件合资500 1000人 去聊聊 投递,,财务 管培生 汽车 零部件 合资 财务 管培生 上海 金山区 分钟 回复 上海 威可特 汽车 热交换器 制造 有限公司 汽车 零部件 合资 聊聊 投递
541,财务控制管培生,7千-1万·13薪,7000.0,10000.0,8500.0,False,上海,浦东新区,利勃海尔（中国）有限公司,机械/设备/重工,未标明,150-500人,不限,未标明,五险一金|带薪年假|餐饮补贴|通讯补贴|交通补贴|免费班车|弹性工作|周末双休|补充公积金,9,财务控制管培生 五险一金 带薪年假 餐饮补贴 通讯补贴 交通补贴 免费班车 弹性工作 周末双休 补充公积金 机械 设备 重工 外资 欧美 150 500人 财务控制管培生 7千 1万 13薪 上海 浦东新区 本周查看简历2次 五险一金 带薪年假 餐饮补贴 通讯补贴 交通补贴 免费班车 弹性工作 周末双休 补充公积金 利勃海尔 中国 有限公司 机械 设备 重工外资 欧美 150 500人 去聊聊 投递,,财务 控制 管培生 一金 餐饮 补贴 通讯 补贴 交通 补贴 免费 班车 弹性 周末 双休 补充 公积金 机械 设备 重工 外资 欧美 财务 控制 管培生 上海 浦东新区 本周 查看 简历 一金 餐饮 补贴 通讯 补贴 交通 补贴 免费 班车 弹性 周末 双休 补充 公积金 利勃 海尔 中国 有限公司 机械 设备 重工 外资 欧美 聊聊 投递
542,财务人员,8千-1万,8000.0,10000.0,9000.0,False,上海,崇明区,上海兴兴泰港机技术发展有限公司,机械/设备/重工,国企,1000-5000人,不限,未标明,五险一金|免费班车|交通补贴|餐饮补贴|通讯补贴|专业培训|出国机会|绩效奖金|年终奖金|定期体检,10,财务人员 五险一金 免费班车 交通补贴 餐饮补贴 通讯补贴 专业培训 出国机会 绩效奖金 年终奖金 定期体检 机械 设备 重工 国企 1000 5000人 财务人员 8千 1万 上海 崇明区 25分钟前处理简历 五险一金 免费班车 交通补贴 餐饮补贴 通讯补贴 专业培训 出国机会 绩效奖金 年终奖金 定期体检 上海兴兴泰港机技术发展有限公司 机械 设备 重工国企1000 5000人 去聊聊 投递,,财务人员 一金 免费 班车 交通 补贴 餐饮 补贴 通讯 补贴 专业培训 出国 机会 绩效奖金 年终奖金 定期 体检 机械 设备 重工 国企 财务人员 上海 崇明 分钟 处理 简历 一金 免费 班车 交通 补贴 餐饮 补贴 通讯 补贴 专业培训 出国 机会 绩效奖金 年终奖金 定期 体检 上海 兴兴 泰港机 技术 发展 有限公司 机械 设备 重工 国企 聊聊 投递
543,财务助理,8千-1.2万,8000.0,12000.0,10000.0,False,上海,黄浦区,上海新奥光明公益基金会,非营利组织,未标明,少于50人,不限,未标明,五险一金|带薪年假|带薪病假|专业培训|定期体检|通讯补贴|定期团建,7,财务助理 五险一金 带薪年假 带薪病假 专业培训 定期体检 通讯补贴 定期团建 非营利组织 非营利组织 少于50人 财务助理 8千 1.2万 上海 黄浦区 本周查看简历1次 五险一金 带薪年假 带薪病假 专业培训 定期体检 通讯补贴 定期团建 上海新奥光明公益基金会 非营利组织非营利组织少于50人 去聊聊 投递,,财务 助理 一金 病假 专业培训 定期 体检 通讯 补贴 定期 团建 非营利 组织 非营利 组织 少于 财务 助理 上海 黄浦区 本周 查看 简历 一金 病假 专业培训 定期 体检 通讯 补贴 定期 团建 上海 新奥 光明 公益 基金会 非营利 组织 非营利 组织 少于 聊聊 投递
544,财务助理,7千-1万·13薪,7000.0,10000.0,8500.0,False,上海,嘉定区,上海托新实业有限公司,汽车零部件,民营,500-1000人,不限,未标明,做五休二|双休,2,财务助理 做五休二 双休 汽车零部件 民营 500 1000人 财务助理 7千 1万 13薪 上海 嘉定区 今日回复10+次 做五休二 双休 上海托新实业有限公司 汽车零部件民营500 1000人 去聊聊 投递,,财务 助理 做五休 双休 汽车 零部件 民营 财务 助理 上海 嘉定区 今日 回复 + 做五休 双休 上海 托新 实业 有限公司 汽车 零部件 民营 聊聊 投递
545,财务部管理培训生（FMP）,7千-1万,7000.0,10000.0,8500.0,False,上海,奉贤区,上海臻臣化妆品有限公司,日化/化妆品,民营,1000-5000人,不限,未标明,数据分析|excel|erp|财务管理|财务报表|对账|会计学|oa|成本分析|资产管理|管理培训|五险一金|员工旅游|专业培训|绩效奖金|年终奖金|定期体检|项目奖金|出国机会|包吃|包住,21,财务部管理培训生 FMP 数据分析 excel erp 财务管理 财务报表 对账 会计学 oa 成本分析 资产管理 管理培训 五险一金 员工旅游 专业培训 绩效奖金 年终奖金 定期体检 项目奖金 出国机会 包吃 包住 日化 化妆品 民营 1000 5000人 财务部管理培训生 FMP 7千 1万 上海 奉贤区 数据分析 excel erp 财务管理 财务报表 对账 会计学 oa 成本分析 资产管理 管理培训 五险一金 员工旅游 专业培训 绩效奖金 年终奖金 定期体检 项目奖金 出国机会 包吃 包住 上海臻臣化妆品有限公司 日化 化妆品民营1000 5000人 去聊聊 投递,,财务部 管理 培训生 FMP 数据分析 excel erp 财务管理 财务报表 对账 会计学 oa 成本 分析 资产 管理 管理 培训 一金 员工 旅游 专业培训 绩效奖金 年终奖金 定期 体检 项目 奖金 出国 机会 包吃 包住 日化 化妆品 民营 财务部 管理 培训生 FMP 上海 奉贤区 数据分析 excel erp 财务管理 财务报表 对账 会计学 oa 成本 分析 资产 管理 管理 培训 一金 员工 旅游 专业培训 绩效奖金 年终奖金 定期 体检 项目 奖金 出国 机会 包吃 包住 上海 化妆品 有限公司 日化 化妆品 民营 聊聊 投递
546,沟通财务,1-2万,1000.0,20000.0,10500.0,False,上海,嘉定区,上海搜福企业发展（集团）有限公司,企业服务,民营,50-150人,不限,未标明,五险一金|员工旅游|做五休二|国定假日,4,沟通财务 五险一金 员工旅游 做五休二 国定假日 企业服务 民营 50 150人 沟通财务 1 2万 上海 嘉定区 五险一金 员工旅游 做五休二 国定假日 上海搜福企业发展 集团 有限公司 企业服务民营50 150人 去聊聊 投递,,沟通 财务 一金 员工 旅游 做五休 国定假日 企业 服务 民营 沟通 财务 上海 嘉定区 一金 员工 旅游 做五休 国定假日 上海 搜福 企业 发展 集团 有限公司 企业 服务 民营 聊聊 投递
547,财务专员,7千-1.1万,7000.0,11000.0,9000.0,False,上海,杨浦区,山东黄金集团（深圳）黄金珠宝有限公司,珠宝/首饰,国企,150-500人,不限,未标明,财务管理|金蝶|归档|财务软件|会计学|报表|金融行业|五险一金|定期体检|餐饮补贴|周末双休|通讯补贴|节假日福利,13,财务专员 财务管理 金蝶 归档 财务软件 会计学 报表 金融行业 五险一金 定期体检 餐饮补贴 周末双休 通讯补贴 节假日福利 珠宝 首饰 国企 150 500人 财务专员 7千 1.1万 上海 杨浦区 本周查看简历9次 财务管理 金蝶 归档 财务软件 会计学 报表 金融行业 五险一金 定期体检 餐饮补贴 周末双休 通讯补贴 节假日福利 山东黄金集团 深圳 黄金珠宝有限公司 珠宝 首饰国企150 500人 去聊聊 投递,,财务 专员 财务管理 金蝶 归档 财务软件 会计学 报表 金融 行业 一金 定期 体检 餐饮 补贴 周末 双休 通讯 补贴 节假日 珠宝 首饰 国企 财务 专员 上海 杨浦区 本周 查看 简历 财务管理 金蝶 归档 财务软件 会计学 报表 金融 行业 一金 定期 体检 餐饮 补贴 周末 双休 通讯 补贴 节假日 山东 黄金 集团 深圳 黄金珠宝 有限公司 珠宝 首饰 国企 聊聊 投递
548,财务储备生（校招）,7-9千,7000.0,9000.0,8000.0,False,上海,,益海嘉里金龙鱼食品集团股份有限公司,食品/饮料/粮油,未标明,10000人以上,不限,未标明,测试|报表|总账|成本|分析|人才储备|关账|系统逻辑|项目主管|集中培训|专业培训|系统培训|大学生|免费健身|健身房|校招|培训|氛围轻松,18,财务储备生 校招 测试 报表 总账 成本 分析 人才储备 关账 系统逻辑 项目主管 集中培训 专业培训 系统培训 大学生 免费健身 健身房 校招 培训 氛围轻松 食品 饮料 粮油 已上市 10000人以上 财务储备生 校招 7 9千 上海 测试 报表 总账 成本 分析 人才储备 关账 系统逻辑 项目主管 集中培训 专业培训 系统培训 大学生 免费健身 健身房 校招 培训 氛围轻松 益海嘉里金龙鱼食品集团股份有限公司 食品 饮料 粮油已上市10000人以上 去聊聊 投递,,财务 储备 校招 测试 报表 总账 成本 分析 人才 储备 关账 系统 逻辑 项目 主管 集中 培训 专业培训 系统 培训 大学生 免费 健身 健身房 校招 培训 氛围 轻松 食品 饮料 粮油 上市 财务 储备 校招 上海 测试 报表 总账 成本 分析 人才 储备 关账 系统 逻辑 项目 主管 集中 培训 专业培训 系统 培训 大学生 免费 健身 健身房 校招 培训 氛围 轻松 益海 嘉里 金龙鱼 食品 集团股份 有限公司 食品 饮料 粮油 上市 聊聊 投递
549,Cashier,5-8千,5000.0,8000.0,6500.0,False,上海,浦东新区,上海波音航空改装维修工程有限公司,交通/运输/客运,合资,500-1000人,不限,未标明,,0,Cashier 交通 运输 客运 合资 500 1000人 Cashier 5 8千 上海 浦东新区 上海波音航空改装维修工程有限公司 交通 运输 客运合资500 1000人 去聊聊 投递,,Cashier 交通 运输 客运 合资 Cashier 上海 浦东新区 上海 波音 航空 改装 维修 工程 有限公司 交通 运输 客运 合资 聊聊 投递
550,Junior Accountant,6-7千·15薪,6000.0,7000.0,6500.0,False,上海,闵行区,富林特（上海）企业管理有限公司,化工,未标明,150-500人,不限,未标明,tax|policies|data|backup|rate|bind|maintenance|expense|financial|reconcile,10,Junior Accountant tax policies data backup rate bind maintenance expense financial reconcile 化工 外资 欧美 150 500人 Junior Accountant 6 7千 15薪 上海 闵行区 tax policies data backup rate bind maintenance expense financial reconcile 富林特 上海 企业管理有限公司 化工外资 欧美 150 500人 去聊聊 投递,,Junior Accountant tax policies data backup rate bind maintenance expense financial reconcile 化工 外资 欧美 Junior Accountant 上海 闵行区 tax policies data backup rate bind maintenance expense financial reconcile 富林特 上海 企业 管理 有限公司 化工 外资 欧美 聊聊 投递
551,财务控制中心会计,7-8千·13薪,7000.0,8000.0,7500.0,False,上海,虹口区,东方海外货柜航运（中国）有限公司,货运/物流/仓储丨交通/运输/客运,未标明,500-1000人,不限,未标明,保险|专业培训,2,财务控制中心会计 保险 专业培训 货运 物流 仓储丨交通 运输 客运 外资 非欧美 500 1000人 财务控制中心会计 7 8千 13薪 上海 虹口区 保险 专业培训 东方海外货柜航运 中国 有限公司 货运 物流 仓储丨交通 运输 客运外资 非欧美 500 1000人 去聊聊 投递,,财务 控制中心 会计 保险 专业培训 货运 物流 仓储 交通 运输 客运 外资 欧美 财务 控制中心 会计 上海 虹口区 保险 专业培训 东方 海外 货柜 航运 中国 有限公司 货运 物流 仓储 交通 运输 客运 外资 欧美 聊聊 投递
552,财务专员,7-9千·13薪,7000.0,9000.0,8000.0,False,上海,浦东新区,中财期货有限公司,证券/期货,民营,150-500人,不限,未标明,财务|金融|会计|财务报表|金融行业|税务申报|发票开具|会计准则|财务系统|期货|专业培训|周末双休|五险一金|餐饮补贴|带薪休假|节日福利,16,财务专员 财务 金融 会计 财务报表 金融行业 税务申报 发票开具 会计准则 财务系统 期货 专业培训 周末双休 五险一金 餐饮补贴 带薪休假 节日福利 证券 期货 民营 150 500人 财务专员 7 9千 13薪 上海 浦东新区 45分钟前处理简历 财务 金融 会计 财务报表 金融行业 税务申报 发票开具 会计准则 财务系统 期货 专业培训 周末双休 五险一金 餐饮补贴 带薪休假 节日福利 中财期货有限公司 证券 期货民营150 500人 去聊聊 投递,,财务 专员 财务 金融 会计 财务报表 金融 行业 税务 申报 发票 开具 会计准则 财务 系统 期货 专业培训 周末 双休 一金 餐饮 补贴 带薪休假 节日 证券 期货 民营 财务 专员 上海 浦东新区 分钟 处理 简历 财务 金融 会计 财务报表 金融 行业 税务 申报 发票 开具 会计准则 财务 系统 期货 专业培训 周末 双休 一金 餐饮 补贴 带薪休假 节日 中财 期货 有限公司 证券 期货 民营 聊聊 投递
553,总账会计/助理,6千-1万,6000.0,10000.0,8000.0,False,上海,普陀区,上海琳方会计师事务所有限公司,财务/审计/税务,民营,150-500人,不限,未标明,周末双休|做五休二,2,总账会计 助理 周末双休 做五休二 财务 审计 税务 民营 150 500人 总账会计 助理 6千 1万 上海 普陀区 周末双休 做五休二 上海琳方会计师事务所有限公司 财务 审计 税务民营150 500人 去聊聊 投递,,总账会计 助理 周末 双休 做五休 财务 审计 税务 民营 总账会计 助理 上海 普陀区 周末 双休 做五休 上海 琳方 会计师 事务所 有限公司 财务 审计 税务 民营 聊聊 投递
554,财务管培生,9千-1.1万·16薪,9000.0,11000.0,10000.0,False,上海,普陀区,上海寰宇汇商业管理有限公司,房地产开发,未标明,150-500人,不限,未标明,办公软件|会计|财务管理|银行|财务软件|出纳|法律法规|付款|数据核对|账务对账,10,财务管培生 办公软件 会计 财务管理 银行 财务软件 出纳 法律法规 付款 数据核对 账务对账 房地产开发 已上市 150 500人 财务管培生 9千 1.1万 16薪 上海 普陀区 办公软件 会计 财务管理 银行 财务软件 出纳 法律法规 付款 数据核对 账务对账 上海寰宇汇商业管理有限公司 房地产开发已上市150 500人 去聊聊 投递,,财务 管培生 办公软件 会计 财务管理 银行 财务软件 出纳 法律法规 付款 数据 核对 账务 对账 房地产 开发 上市 财务 管培生 上海 普陀区 办公软件 会计 财务管理 银行 财务软件 出纳 法律法规 付款 数据 核对 账务 对账 上海 寰宇 商业 管理 有限公司 房地产 开发 上市 聊聊 投递
555,外运物流-国际供应链-财务管理(J33883),8千-1万·14薪,8000.0,10000.0,9000.0,False,上海,静安区,中外运物流有限公司,货运/物流/仓储,国企,10000人以上,不限,未标明,财务,1,外运物流 国际供应链 财务管理 J33883 财务 货运 物流 仓储 国企 10000人以上 外运物流 国际供应链 财务管理 J33883 8千 1万 14薪 上海 静安区 在线 财务 中外运物流有限公司 货运 物流 仓储国企10000人以上 去聊聊 投递,,外运 物流 国际 供应链 财务管理 J33883 财务 货运 物流 仓储 国企 外运 物流 国际 供应链 财务管理 J33883 上海 静安区 在线 财务 中外运 物流 有限公司 货运 物流 仓储 国企 聊聊 投递
556,全职会计/财务,8千-1.2万·13薪,8000.0,12000.0,10000.0,False,上海,宝山区,上海铂览智能科技有限公司,电子/半导体/集成电路,民营,少于50人,不限,未标明,excel|财务|会计|财务软件|会计凭证|报表|税务申报|初级会计证|五险一金|员工旅游|交通补贴|餐饮补贴|通讯补贴|绩效奖金|团建旅游,15,全职会计 财务 excel 财务 会计 财务软件 会计凭证 报表 税务申报 初级会计证 五险一金 员工旅游 交通补贴 餐饮补贴 通讯补贴 绩效奖金 团建旅游 电子 半导体 集成电路 民营 少于50人 全职会计 财务 8千 1.2万 13薪 上海 宝山区 excel 财务 会计 财务软件 会计凭证 报表 税务申报 初级会计证 五险一金 员工旅游 交通补贴 餐饮补贴 通讯补贴 绩效奖金 团建旅游 上海铂览智能科技有限公司 电子 半导体 集成电路民营少于50人 去聊聊 投递,,全职 会计 财务 excel 财务 会计 财务软件 会计凭证 报表 税务 申报 初级 会计证 一金 员工 旅游 交通 补贴 餐饮 补贴 通讯 补贴 绩效奖金 团建 旅游 电子 半导体 集成电路 民营 少于 全职 会计 财务 上海 宝山区 excel 财务 会计 财务软件 会计凭证 报表 税务 申报 初级 会计证 一金 员工 旅游 交通 补贴 餐饮 补贴 通讯 补贴 绩效奖金 团建 旅游 上海 铂览 智能 科技 有限公司 电子 半导体 集成电路 民营 少于 聊聊 投递
557,人事财务专员,3-6千,3000.0,6000.0,4500.0,False,上海,宝山区,昆山宇芳汽车科技有限公司,计算机软件,民营,未标明,不限,未标明,社保,1,人事财务专员 社保 计算机软件 民营 人事财务专员 3 6千 上海 宝山区 今日回复3次 社保 昆山宇芳汽车科技有限公司 计算机软件民营 去聊聊 投递,,人事 财务 专员 社保 计算机软件 民营 人事 财务 专员 上海 宝山区 今日 回复 社保 昆山 宇芳 汽车 科技 有限公司 计算机软件 民营 聊聊 投递
558,沟通会计,1-2万,1000.0,20000.0,10500.0,False,上海,嘉定区,上海搜福企业发展（集团）有限公司,企业服务,民营,50-150人,不限,未标明,五险一金|员工旅游|做五休二|国定假日,4,沟通会计 五险一金 员工旅游 做五休二 国定假日 企业服务 民营 50 150人 沟通会计 1 2万 上海 嘉定区 本周查看简历2次 五险一金 员工旅游 做五休二 国定假日 上海搜福企业发展 集团 有限公司 企业服务民营50 150人 去聊聊 投递,,沟通 会计 一金 员工 旅游 做五休 国定假日 企业 服务 民营 沟通 会计 上海 嘉定区 本周 查看 简历 一金 员工 旅游 做五休 国定假日 上海 搜福 企业 发展 集团 有限公司 企业 服务 民营 聊聊 投递
559,财务运营专员(J11213),8千-1.2万,8000.0,12000.0,10000.0,False,上海,长宁区,上海展志钢材加工配送有限公司,贸易/进出口,民营,150-500人,不限,未标明,五险一金|员工旅游|年终奖金|节日福利,4,财务运营专员 J11213 五险一金 员工旅游 年终奖金 节日福利 贸易 进出口 民营 150 500人 财务运营专员 J11213 8千 1.2万 上海 长宁区 今日回复10+次 五险一金 员工旅游 年终奖金 节日福利 上海展志钢材加工配送有限公司 贸易 进出口民营150 500人 去聊聊 投递,,财务 运营 专员 J11213 一金 员工 旅游 年终奖金 节日 贸易 进出口 民营 财务 运营 专员 J11213 上海 长宁区 今日 回复 + 一金 员工 旅游 年终奖金 节日 上海 展志 钢材 加工 配送 有限公司 贸易 进出口 民营 聊聊 投递
560,财务专员,7千-1万,7000.0,10000.0,8500.0,False,上海,浦东新区,上海辰途人力资源有限公司,人力资源服务,民营,少于50人,不限,未标明,五险一金,1,财务专员 五险一金 人力资源服务 民营 少于50人 财务专员 7千 1万 上海 浦东新区 本周处理简历1次 五险一金 上海辰途人力资源有限公司 人力资源服务民营少于50人 去聊聊 投递,,财务 专员 一金 人力资源 服务 民营 少于 财务 专员 上海 浦东新区 本周 处理 简历 一金 上海 辰途 人力资源 有限公司 人力资源 服务 民营 少于 聊聊 投递
561,财务专员,8.5千-1万·14薪,8500.0,10000.0,9250.0,False,上海,黄浦区,京瓷办公信息系统（中国）有限公司,办公用品及设备,未标明,50-150人,不限,未标明,支付|财务凭证整理|会计凭证制作,3,财务专员 支付 财务凭证整理 会计凭证制作 办公用品及设备 外资 非欧美 50 150人 财务专员 8.5千 1万 14薪 上海 黄浦区 支付 财务凭证整理 会计凭证制作 京瓷办公信息系统 中国 有限公司 办公用品及设备外资 非欧美 50 150人 去聊聊 投递,,财务 专员 支付 财务 凭证 整理 会计凭证 制作 办公用品 设备 外资 欧美 财务 专员 上海 黄浦区 支付 财务 凭证 整理 会计凭证 制作 京瓷 办公 信息系统 中国 有限公司 办公用品 设备 外资 欧美 聊聊 投递
562,储备干部(财务会计部）,8千-1.5万·14薪,8000.0,15000.0,11500.0,False,上海,,上海飞奥燃气设备有限公司,机械/设备/重工,合资,150-500人,不限,未标明,五险一金|免费班车|周末双休|带薪年假|节日福利|高温补贴|做五休二,7,储备干部 财务会计部 五险一金 免费班车 周末双休 带薪年假 节日福利 高温补贴 做五休二 机械 设备 重工 合资 150 500人 储备干部 财务会计部 8千 1.5万 14薪 上海 在线 20分钟前回复 五险一金 免费班车 周末双休 带薪年假 节日福利 高温补贴 做五休二 上海飞奥燃气设备有限公司 机械 设备 重工合资150 500人 去聊聊 投递,,储备干部 财务会计 一金 免费 班车 周末 双休 节日 高温 补贴 做五休 机械 设备 重工 合资 储备干部 财务会计 上海 在线 分钟 回复 一金 免费 班车 周末 双休 节日 高温 补贴 做五休 上海 飞奥 燃气设备 有限公司 机械 设备 重工 合资 聊聊 投递
563,上海会计,5千-1万,5000.0,10000.0,7500.0,False,上海,宝山区,江西驰恒实业有限公司,汽车零部件,民营,50-150人,不限,未标明,五险一金|绩效奖金|餐饮补贴,3,上海会计 五险一金 绩效奖金 餐饮补贴 汽车零部件 民营 50 150人 上海会计 5千 1万 上海 宝山区 在线 今日回复10+次 五险一金 绩效奖金 餐饮补贴 江西驰恒实业有限公司 汽车零部件民营50 150人 去聊聊 投递,,上海 会计 一金 绩效奖金 餐饮 补贴 汽车 零部件 民营 上海 会计 上海 宝山区 在线 今日 回复 + 一金 绩效奖金 餐饮 补贴 江西 驰恒 实业 有限公司 汽车 零部件 民营 聊聊 投递
564,财务助理（part time）,6-7千,6000.0,7000.0,6500.0,False,上海,浦东新区,上海达克泰机械设备技术有限责任公司,机械/设备/重工,未标明,少于50人,不限,未标明,财务|审计|会计|财务管理|财务报表|成本核算|sap|财务软件|会计凭证|报税|定期体检|周末双休|节日福利,13,财务助理 part time 财务 审计 会计 财务管理 财务报表 成本核算 sap 财务软件 会计凭证 报税 定期体检 周末双休 节日福利 机械 设备 重工 外资 非欧美 少于50人 财务助理 part time 6 7千 上海 浦东新区 本周查看简历1次 财务 审计 会计 财务管理 财务报表 成本核算 sap 财务软件 会计凭证 报税 定期体检 周末双休 节日福利 上海达克泰机械设备技术有限责任公司 机械 设备 重工外资 非欧美 少于50人 去聊聊 投递,,财务 助理 part time 财务 审计 会计 财务管理 财务报表 成本核算 sap 财务软件 会计凭证 报税 定期 体检 周末 双休 节日 机械 设备 重工 外资 欧美 少于 财务 助理 part time 上海 浦东新区 本周 查看 简历 财务 审计 会计 财务管理 财务报表 成本核算 sap 财务软件 会计凭证 报税 定期 体检 周末 双休 节日 上海 达克 机械设备 技术 有限责任 机械 设备 重工 外资 欧美 少于 聊聊 投递
565,Accountant-Finance,5.5-9千·13薪,5500.0,9000.0,7250.0,False,上海,静安区,DEKRA德凯,检测/认证,未标明,1000-5000人,不限,未标明,财会|会计|五险一金|周末双休,4,Accountant Finance 财会 会计 五险一金 周末双休 检测 认证 外资 欧美 1000 5000人 Accountant Finance 5.5 9千 13薪 上海 静安区 财会 会计 五险一金 周末双休 DEKRA德凯 检测 认证外资 欧美 1000 5000人 去聊聊 投递,,Accountant Finance 财会 会计 一金 周末 双休 检测 认证 外资 欧美 Accountant Finance 上海 静安区 财会 会计 一金 周末 双休 DEKRA 德凯 检测 认证 外资 欧美 聊聊 投递
566,会计,8千-1万,8000.0,10000.0,9000.0,False,上海,松江区,鑫百勤专用车辆有限公司,其他行业,未标明,150-500人,不限,未标明,办公软件|财务|sap|费用报销|资产管理|开票|资金管理|发票开具|授信|账实相符|五险一金|节日福利,12,会计 办公软件 财务 sap 费用报销 资产管理 开票 资金管理 发票开具 授信 账实相符 五险一金 节日福利 其他行业 外资 非欧美 150 500人 会计 8千 1万 上海 松江区 办公软件 财务 sap 费用报销 资产管理 开票 资金管理 发票开具 授信 账实相符 五险一金 节日福利 鑫百勤专用车辆有限公司 其他行业外资 非欧美 150 500人 去聊聊 投递,,会计 办公软件 财务 sap 费用 报销 资产 管理 开票 资金 管理 发票 开具 授信 账实 相符 一金 节日 其他 行业 外资 欧美 会计 上海 松江区 办公软件 财务 sap 费用 报销 资产 管理 开票 资金 管理 发票 开具 授信 账实 相符 一金 节日 鑫百勤 专用车辆 有限公司 其他 行业 外资 欧美 聊聊 投递
567,财务专员,6千-1万·14薪,6000.0,10000.0,8000.0,False,上海,浦东新区,上海巴克斯酒业营销有限公司,食品/饮料/粮油,民营,1000-5000人,不限,未标明,财务|费用报销|入账|报销单|报销流程|报销政策|财务资料|报销系统|财务文档|节假日福利|做五休二|免费食堂|免费班车|奶茶自由|健身房|五险一金|带薪年假|年终奖金|绩效奖金|定期体检|免费工作餐|通讯补贴,22,财务专员 财务 费用报销 入账 报销单 报销流程 报销政策 财务资料 报销系统 财务文档 节假日福利 做五休二 免费食堂 免费班车 奶茶自由 健身房 五险一金 带薪年假 年终奖金 绩效奖金 定期体检 免费工作餐 通讯补贴 食品 饮料 粮油 民营 1000 5000人 财务专员 6千 1万 14薪 上海 浦东新区 财务 费用报销 入账 报销单 报销流程 报销政策 财务资料 报销系统 财务文档 节假日福利 做五休二 免费食堂 免费班车 奶茶自由 健身房 五险一金 带薪年假 年终奖金 绩效奖金 定期体检 免费工作餐 通讯补贴 上海巴克斯酒业营销有限公司 食品 饮料 粮油民营1000 5000人 去聊聊 投递,,财务 专员 财务 费用 报销 入账 报销 报销 流程 报销 政策 财务 资料 报销 系统 财务 文档 节假日 做五休 免费 食堂 免费 班车 奶茶 自由 健身房 一金 年终奖金 绩效奖金 定期 体检 免费 工作餐 通讯 补贴 食品 饮料 粮油 民营 财务 专员 上海 浦东新区 财务 费用 报销 入账 报销 报销 流程 报销 政策 财务 资料 报销 系统 财务 文档 节假日 做五休 免费 食堂 免费 班车 奶茶 自由 健身房 一金 年终奖金 绩效奖金 定期 体检 免费 工作餐 通讯 补贴 上海 巴克斯 酒业 营销 有限公司 食品 饮料 粮油 民营 聊聊 投递
568,财务助理,6千-1万,6000.0,10000.0,8000.0,False,上海,嘉定区,上海江怀环保设备有限公司,机械/设备/重工,民营,少于50人,不限,未标明,财务|erp|会计|财务管理|费用报销|出纳|会计核算|出口退税|发票管理|报关单|五险一金|带薪年假|员工旅游|专业培训|零食下午茶|通讯补贴|定期团建,17,财务助理 财务 erp 会计 财务管理 费用报销 出纳 会计核算 出口退税 发票管理 报关单 五险一金 带薪年假 员工旅游 专业培训 零食下午茶 通讯补贴 定期团建 机械 设备 重工 民营 少于50人 财务助理 6千 1万 上海 嘉定区 本周查看简历1次 财务 erp 会计 财务管理 费用报销 出纳 会计核算 出口退税 发票管理 报关单 五险一金 带薪年假 员工旅游 专业培训 零食下午茶 通讯补贴 定期团建 上海江怀环保设备有限公司 机械 设备 重工民营少于50人 去聊聊 投递,,财务 助理 财务 erp 会计 财务管理 费用 报销 出纳 会计核算 出口 退税 发票 管理 报关单 一金 员工 旅游 专业培训 零食 下午茶 通讯 补贴 定期 团建 机械 设备 重工 民营 少于 财务 助理 上海 嘉定区 本周 查看 简历 财务 erp 会计 财务管理 费用 报销 出纳 会计核算 出口 退税 发票 管理 报关单 一金 员工 旅游 专业培训 零食 下午茶 通讯 补贴 定期 团建 上海 江怀 环保 设备 有限公司 机械 设备 重工 民营 少于 聊聊 投递
569,财务会计-上市药企,8千-1.1万,8000.0,11000.0,9500.0,False,上海,浦东新区,四川百利天恒药业股份有限公司,制药/生物工程,民营,1000-5000人,不限,未标明,五险一金,1,财务会计 上市药企 五险一金 制药 生物工程 民营 1000 5000人 财务会计 上市药企 8千 1.1万 上海 浦东新区 在线 五险一金 四川百利天恒药业股份有限公司 制药 生物工程民营1000 5000人 去聊聊 投递,,财务会计 上市 药企 一金 制药 生物工程 民营 财务会计 上市 药企 上海 浦东新区 在线 一金 四川 百利 天恒 药业 股份 有限公司 制药 生物工程 民营 聊聊 投递
570,财务会计,7-9千,7000.0,9000.0,8000.0,False,上海,闵行区,贝克欧（上海）净化系统科技有限公司,机械/设备/重工,未标明,50-150人,不限,未标明,五险一金|补充公积金|员工旅游|交通补贴|定期体检|年终奖金|通讯补贴|家属感谢奖|带薪年假|弹性工作,10,财务会计 五险一金 补充公积金 员工旅游 交通补贴 定期体检 年终奖金 通讯补贴 家属感谢奖 带薪年假 弹性工作 机械 设备 重工 外资 欧美 50 150人 财务会计 7 9千 上海 闵行区 本周查看简历1次 五险一金 补充公积金 员工旅游 交通补贴 定期体检 年终奖金 通讯补贴 家属感谢奖 带薪年假 弹性工作 贝克欧 上海 净化系统科技有限公司 机械 设备 重工外资 欧美 50 150人 去聊聊 投递,,财务会计 一金 补充 公积金 员工 旅游 交通 补贴 定期 体检 年终奖金 通讯 补贴 家属 感谢 弹性 机械 设备 重工 外资 欧美 财务会计 上海 闵行区 本周 查看 简历 一金 补充 公积金 员工 旅游 交通 补贴 定期 体检 年终奖金 通讯 补贴 家属 感谢 弹性 贝克 上海 净化系统 科技 有限公司 机械 设备 重工 外资 欧美 聊聊 投递
571,会计助理（乙方）,9.7-11万/年,9700.0,110000.0,59850.0,False,上海,浦东新区,恒可富企业咨询服务（上海）有限公司,财务/审计/税务,未标明,50-150人,不限,未标明,会计|财务|乙方|外资企业|周末双休|带薪年假|五险一金|节日福利|通讯补贴|生日会|员工生日|发展平台|透明晋升|差旅费|晋升机制|职业发展|年假,17,会计助理 乙方 会计 财务 乙方 外资企业 周末双休 带薪年假 五险一金 节日福利 通讯补贴 生日会 员工生日 发展平台 透明晋升 差旅费 晋升机制 职业发展 年假 财务 审计 税务 外资 欧美 50 150人 会计助理 乙方 9.7 11万 年 上海 浦东新区 本周查看简历14次 会计 财务 乙方 外资企业 周末双休 带薪年假 五险一金 节日福利 通讯补贴 生日会 员工生日 发展平台 透明晋升 差旅费 晋升机制 职业发展 年假 恒可富企业咨询服务 上海 有限公司 财务 审计 税务外资 欧美 50 150人 去聊聊 投递,,会计 助理 乙方 会计 财务 乙方 外资企业 周末 双休 一金 节日 通讯 补贴 生日会 员工 生日 发展 平台 透明 晋升 差旅费 晋升 机制 职业 发展 财务 审计 税务 外资 欧美 会计 助理 乙方 上海 浦东新区 本周 查看 简历 会计 财务 乙方 外资企业 周末 双休 一金 节日 通讯 补贴 生日会 员工 生日 发展 平台 透明 晋升 差旅费 晋升 机制 职业 发展 恒可富 企业 咨询服务 上海 有限公司 财务 审计 税务 外资 欧美 聊聊 投递
572,26915U-财务经理（培养）,8千-1万,8000.0,10000.0,9000.0,False,上海,浦东新区,平安国际融资租赁有限公司,投资/融资,合资,1000-5000人,不限,未标明,五险一金|节日福利,2,26915U 财务经理 培养 五险一金 节日福利 投资 融资 合资 1000 5000人 26915U 财务经理 培养 8千 1万 上海 浦东新区 五险一金 节日福利 平安国际融资租赁有限公司 投资 融资合资1000 5000人 去聊聊 投递,,26915U 财务经理 培养 一金 节日 投资 融资 合资 26915U 财务经理 培养 上海 浦东新区 一金 节日 平安 国际 融资 租赁 有限公司 投资 融资 合资 聊聊 投递
573,初级会计/会计助理,7.5-9千,7500.0,9000.0,8250.0,False,上海,黄浦区,上海浩富浩信企业咨询有限公司,其他专业服务,未标明,5000-10000人,不限,未标明,五险一金|补充医疗保险|补充公积金|弹性工作|企业年金|五险一金|补充医疗保险|员工旅游|通讯补贴|专业培训|年终奖金|弹性工作|定期体检,13,初级会计 会计助理 五险一金 补充医疗保险 补充公积金 弹性工作 企业年金 五险一金 补充医疗保险 员工旅游 通讯补贴 专业培训 年终奖金 弹性工作 定期体检 其他专业服务 外资 欧美 5000 10000人 初级会计 会计助理 7.5 9千 上海 黄浦区 五险一金 补充医疗保险 补充公积金 弹性工作 企业年金 五险一金 补充医疗保险 员工旅游 通讯补贴 专业培训 年终奖金 弹性工作 定期体检 上海浩富浩信企业咨询有限公司 其他专业服务外资 欧美 5000 10000人 去聊聊 投递,,初级 会计 会计 助理 一金 补充 医疗保险 补充 公积金 弹性 企业 一金 补充 医疗保险 员工 旅游 通讯 补贴 专业培训 年终奖金 弹性 定期 体检 其他 专业 服务 外资 欧美 初级 会计 会计 助理 上海 黄浦区 一金 补充 医疗保险 补充 公积金 弹性 企业 一金 补充 医疗保险 员工 旅游 通讯 补贴 专业培训 年终奖金 弹性 定期 体检 上海 浩富浩信 企业 咨询 有限公司 其他 专业 服务 外资 欧美 聊聊 投递
574,会计专员,8千-1万,8000.0,10000.0,9000.0,False,上海,徐汇区,华润智检（上海）医疗器械有限公司,医疗设备/器械,国企,50-150人,不限,未标明,五险一金|年终奖金|定期体检|带薪年假|餐饮补贴|通讯补贴|交通补贴|节日福利,8,会计专员 五险一金 年终奖金 定期体检 带薪年假 餐饮补贴 通讯补贴 交通补贴 节日福利 医疗设备 器械 国企 50 150人 会计专员 8千 1万 上海 徐汇区 五险一金 年终奖金 定期体检 带薪年假 餐饮补贴 通讯补贴 交通补贴 节日福利 华润智检 上海 医疗器械有限公司 医疗设备 器械国企50 150人 去聊聊 投递,,会计 专员 一金 年终奖金 定期 体检 餐饮 补贴 通讯 补贴 交通 补贴 节日 医疗 设备 器械 国企 会计 专员 上海 徐汇区 一金 年终奖金 定期 体检 餐饮 补贴 通讯 补贴 交通 补贴 节日 华润 智检 上海 医疗器械 有限公司 医疗 设备 器械 国企 聊聊 投递
575,财务助理/财务bp,6-8千·13薪,6000.0,8000.0,7000.0,False,上海,长宁区,亿茂国际贸易集团有限公司,贸易/进出口,民营,500-1000人,不限,未标明,核对账单|信息维护|采购发票|审核订单|采购付款|汇率|采购发票录入|对接业务|物流账单|费用报销单|兼职|全职|节日福利|旅游|五险一金|带薪年假|周末双休|员工旅游|专业培训|弹性工作|零食下午茶|环境优美|员工福利|交通便利|培训,25,财务助理 财务bp 核对账单 信息维护 采购发票 审核订单 采购付款 汇率 采购发票录入 对接业务 物流账单 费用报销单 兼职 全职 节日福利 旅游 五险一金 带薪年假 周末双休 员工旅游 专业培训 弹性工作 零食下午茶 环境优美 员工福利 交通便利 培训 贸易 进出口 民营 500 1000人 财务助理 财务bp 6 8千 13薪 上海 长宁区 本周查看简历1次 核对账单 信息维护 采购发票 审核订单 采购付款 汇率 采购发票录入 对接业务 物流账单 费用报销单 兼职 全职 节日福利 旅游 五险一金 带薪年假 周末双休 员工旅游 专业培训 弹性工作 零食下午茶 环境优美 员工福利 交通便利 培训 亿茂国际贸易集团有限公司 贸易 进出口民营500 1000人 去聊聊 投递,,财务 助理 财务 bp 核对 账单 信息 维护 采购 发票 审核 订单 采购 付款 汇率 采购 发票 录入 对接 业务 物流 账单 费用 报销 兼职 全职 节日 旅游 一金 周末 双休 员工 旅游 专业培训 弹性 零食 下午茶 环境优美 员工福利 交通 便利 培训 贸易 进出口 民营 财务 助理 财务 bp 上海 长宁区 本周 查看 简历 核对 账单 信息 维护 采购 发票 审核 订单 采购 付款 汇率 采购 发票 录入 对接 业务 物流 账单 费用 报销 兼职 全职 节日 旅游 一金 周末 双休 员工 旅游 专业培训 弹性 零食 下午茶 环境优美 员工福利 交通 便利 培训 亿茂 国际贸易 集团 有限公司 贸易 进出口 民营 聊聊 投递
576,财务助理,9千-1.2万·13薪,9000.0,12000.0,10500.0,False,上海,闵行区,上海雅创电子集团股份有限公司,电子/半导体/集成电路,民营,1000-5000人,不限,未标明,财务|审计|会计|财务报表|经济|报税|结账|对帐|会计资料|财务记账|五险一金|员工旅游|专业培训|定期体检|年终奖金|定期团建|带薪年假,17,财务助理 财务 审计 会计 财务报表 经济 报税 结账 对帐 会计资料 财务记账 五险一金 员工旅游 专业培训 定期体检 年终奖金 定期团建 带薪年假 电子 半导体 集成电路 民营 1000 5000人 财务助理 9千 1.2万 13薪 上海 闵行区 在线 20分钟前处理简历 财务 审计 会计 财务报表 经济 报税 结账 对帐 会计资料 财务记账 五险一金 员工旅游 专业培训 定期体检 年终奖金 定期团建 带薪年假 上海雅创电子集团股份有限公司 电子 半导体 集成电路民营1000 5000人 去聊聊 投递,,财务 助理 财务 审计 会计 财务报表 经济 报税 结账 会计 资料 财务 记账 一金 员工 旅游 专业培训 定期 体检 年终奖金 定期 团建 电子 半导体 集成电路 民营 财务 助理 上海 闵行区 在线 分钟 处理 简历 财务 审计 会计 财务报表 经济 报税 结账 会计 资料 财务 记账 一金 员工 旅游 专业培训 定期 体检 年终奖金 定期 团建 上海 雅创 电子 集团股份 有限公司 电子 半导体 集成电路 民营 聊聊 投递
577,财务BP,8千-1万,8000.0,10000.0,9000.0,False,上海,嘉定区,上海菲利华石创科技有限公司,原材料和加工,未标明,150-500人,不限,未标明,免费食堂|员工旅游|五险一金|专业培训|年终奖金|定期体检,6,财务BP 免费食堂 员工旅游 五险一金 专业培训 年终奖金 定期体检 原材料和加工 已上市 150 500人 财务BP 8千 1万 上海 嘉定区 免费食堂 员工旅游 五险一金 专业培训 年终奖金 定期体检 上海菲利华石创科技有限公司 原材料和加工已上市150 500人 去聊聊 投递,,财务 BP 免费 食堂 员工 旅游 一金 专业培训 年终奖金 定期 体检 原材料 加工 上市 财务 BP 上海 嘉定区 免费 食堂 员工 旅游 一金 专业培训 年终奖金 定期 体检 上海 菲利 华石创 科技 有限公司 原材料 加工 上市 聊聊 投递
578,Associate会计服务专员 - 税务方向,7-8千,7000.0,8000.0,7500.0,False,上海,静安区,卓佳咨询（北京）有限公司,咨询,未标明,500-1000人,不限,未标明,excel|英语|会计|税务|归档|纳税申报|出口退税|数字|税务稽查|税务检查|年终奖|商业保险|五险一金|补充医疗保险|年终奖金|定期体检|六险一金|年假|公司福利|500强|专业培训|加班补贴|外企文化|节日礼物,24,Associate会计服务专员 税务方向 excel 英语 会计 税务 归档 纳税申报 出口退税 数字 税务稽查 税务检查 年终奖 商业保险 五险一金 补充医疗保险 年终奖金 定期体检 六险一金 年假 公司福利 500强 专业培训 加班补贴 外企文化 节日礼物 咨询 外资 非欧美 500 1000人 Associate会计服务专员 税务方向 7 8千 上海 静安区 excel 英语 会计 税务 归档 纳税申报 出口退税 数字 税务稽查 税务检查 年终奖 商业保险 五险一金 补充医疗保险 年终奖金 定期体检 六险一金 年假 公司福利 500强 专业培训 加班补贴 外企文化 节日礼物 卓佳咨询 北京 有限公司 咨询外资 非欧美 500 1000人 去聊聊 投递,,Associate 会计 服务 专员 税务 方向 excel 英语 会计 税务 归档 纳税 申报 出口 退税 数字 税务 稽查 税务 检查 年终奖 商业保险 一金 补充 医疗保险 年终奖金 定期 体检 六险 一金 专业培训 加班 补贴 外企 文化 节日 礼物 咨询 外资 欧美 Associate 会计 服务 专员 税务 方向 上海 静安区 excel 英语 会计 税务 归档 纳税 申报 出口 退税 数字 税务 稽查 税务 检查 年终奖 商业保险 一金 补充 医疗保险 年终奖金 定期 体检 六险 一金 专业培训 加班 补贴 外企 文化 节日 礼物 卓佳 咨询 北京 有限公司 咨询 外资 欧美 聊聊 投递
579,财务专员,7-8千,7000.0,8000.0,7500.0,False,上海,松江区,华道（上海）生物医药股份有限公司,制药/生物工程,民营,150-500人,不限,未标明,审核付款申请|五险一金|定期体检|带薪年假|做五休二|周末双休|节日福利,7,财务专员 审核付款申请 五险一金 定期体检 带薪年假 做五休二 周末双休 节日福利 制药 生物工程 民营 150 500人 财务专员 7 8千 上海 松江区 审核付款申请 五险一金 定期体检 带薪年假 做五休二 周末双休 节日福利 华道 上海 生物医药股份有限公司 制药 生物工程民营150 500人 去聊聊 投递,,财务 专员 审核 付款 申请 一金 定期 体检 做五休 周末 双休 节日 制药 生物工程 民营 财务 专员 上海 松江区 审核 付款 申请 一金 定期 体检 做五休 周末 双休 节日 华道 上海 生物医药 股份 有限公司 制药 生物工程 民营 聊聊 投递
580,财务顾问,5千-1万,5000.0,10000.0,7500.0,False,上海,静安区,上海星森企业管理咨询有限公司,贸易/进出口,民营,50-150人,不限,未标明,培训,1,财务顾问 培训 贸易 进出口 民营 50 150人 财务顾问 5千 1万 上海 静安区 培训 上海星森企业管理咨询有限公司 贸易 进出口民营50 150人 去聊聊 投递,,财务顾问 培训 贸易 进出口 民营 财务顾问 上海 静安区 培训 上海 星森 企业 管理 咨询 有限公司 贸易 进出口 民营 聊聊 投递
581,财务专员,5千-1万·13薪,5000.0,10000.0,7500.0,False,上海,普陀区,上海申达股份有限公司,其他行业丨检测/认证丨汽车研发/制造,国企,10000人以上,不限,未标明,财务|会计|纳税申报|会计核算|报表编制|资金收付|预算编制|年终奖金|定期体检|节日福利|上市公司|国有企业,12,财务专员 财务 会计 纳税申报 会计核算 报表编制 资金收付 预算编制 年终奖金 定期体检 节日福利 上市公司 国有企业 其他行业丨检测 认证丨汽车研发 制造 国企 10000人以上 财务专员 5千 1万 13薪 上海 普陀区 本周查看简历3次 财务 会计 纳税申报 会计核算 报表编制 资金收付 预算编制 年终奖金 定期体检 节日福利 上市公司 国有企业 上海申达股份有限公司 其他行业丨检测 认证丨汽车研发 制造国企10000人以上 去聊聊 投递,,财务 专员 财务 会计 纳税 申报 会计核算 报表 编制 资金 收付 预算编制 年终奖金 定期 体检 节日 上市公司 国有企业 其他 行业 检测 认证 汽车 研发 制造 国企 财务 专员 上海 普陀区 本周 查看 简历 财务 会计 纳税 申报 会计核算 报表 编制 资金 收付 预算编制 年终奖金 定期 体检 节日 上市公司 国有企业 上海 申达 股份 有限公司 其他 行业 检测 认证 汽车 研发 制造 国企 聊聊 投递
582,财务助理,7-8千·13薪,7000.0,8000.0,7500.0,False,上海,浦东新区,中财期货有限公司,证券/期货,民营,150-500人,不限,未标明,办公软件|excel|财务|word|会计|财务报表|财务资料|数据录入|专业培训|周末双休|五险一金|餐饮补贴|带薪休假|节日福利,14,财务助理 办公软件 excel 财务 word 会计 财务报表 财务资料 数据录入 专业培训 周末双休 五险一金 餐饮补贴 带薪休假 节日福利 证券 期货 民营 150 500人 财务助理 7 8千 13薪 上海 浦东新区 36分钟前处理简历 办公软件 excel 财务 word 会计 财务报表 财务资料 数据录入 专业培训 周末双休 五险一金 餐饮补贴 带薪休假 节日福利 中财期货有限公司 证券 期货民营150 500人 去聊聊 投递,,财务 助理 办公软件 excel 财务 word 会计 财务报表 财务 资料 数据录入 专业培训 周末 双休 一金 餐饮 补贴 带薪休假 节日 证券 期货 民营 财务 助理 上海 浦东新区 分钟 处理 简历 办公软件 excel 财务 word 会计 财务报表 财务 资料 数据录入 专业培训 周末 双休 一金 餐饮 补贴 带薪休假 节日 中财 期货 有限公司 证券 期货 民营 聊聊 投递
583,代理记账会计,8千-1万·13薪,8000.0,10000.0,9000.0,False,上海,普陀区,上海六行里信息科技有限公司,计算机软件,民营,未标明,不限,未标明,办公软件|财务|财务报表|财务软件|税务申报|财务数据|财税咨询|账务处理|餐饮补贴|绩效奖金|年终奖金|定期体检,12,代理记账会计 办公软件 财务 财务报表 财务软件 税务申报 财务数据 财税咨询 账务处理 餐饮补贴 绩效奖金 年终奖金 定期体检 计算机软件 民营 代理记账会计 8千 1万 13薪 上海 普陀区 41分钟前回复 办公软件 财务 财务报表 财务软件 税务申报 财务数据 财税咨询 账务处理 餐饮补贴 绩效奖金 年终奖金 定期体检 上海六行里信息科技有限公司 计算机软件民营 去聊聊 投递,,代理 记账 会计 办公软件 财务 财务报表 财务软件 税务 申报 财务数据 财税 咨询 账务 处理 餐饮 补贴 绩效奖金 年终奖金 定期 体检 计算机软件 民营 代理 记账 会计 上海 普陀区 分钟 回复 办公软件 财务 财务报表 财务软件 税务 申报 财务数据 财税 咨询 账务 处理 餐饮 补贴 绩效奖金 年终奖金 定期 体检 上海 六行 信息 科技 有限公司 计算机软件 民营 聊聊 投递
584,销售工程师,7千-1.2万,7000.0,12000.0,9500.0,False,上海,浦东新区,上海迈拓汽车技术有限公司,咨询,民营,50-150人,不限,未标明,五险一金|带薪年假|带薪病假|项目奖金|绩效奖金|有餐补|销售|excel|市场营销|营销|word|汽车|合同签订|客户开发|洽谈,15,销售工程师 五险一金 带薪年假 带薪病假 项目奖金 绩效奖金 有餐补 销售 excel 市场营销 营销 word 汽车 合同签订 客户开发 洽谈 咨询 民营 50 150人 销售工程师 7千 1.2万 上海 浦东新区 今日回复9次 五险一金 带薪年假 带薪病假 项目奖金 绩效奖金 有餐补 销售 excel 市场营销 营销 word 汽车 合同签订 客户开发 洽谈 上海迈拓汽车技术有限公司 咨询民营50 150人 去聊聊 投递,,销售 工程师 一金 病假 项目 奖金 绩效奖金 有餐 销售 excel 市场营销 营销 word 汽车 合同 签订 客户 开发 洽谈 咨询 民营 销售 工程师 上海 浦东新区 今日 回复 一金 病假 项目 奖金 绩效奖金 有餐 销售 excel 市场营销 营销 word 汽车 合同 签订 客户 开发 洽谈 上海 迈拓 汽车 技术 有限公司 咨询 民营 聊聊 投递
585,销售工程师,6千-1万·13薪,6000.0,10000.0,8000.0,False,上海,浦东新区,上海芬创机电技术有限公司,机械/设备/重工,合资,50-150人,不限,未标明,五险一金|员工旅游|餐饮补贴|通讯补贴|绩效奖金|定期体检|专业培训|年终奖金,8,销售工程师 五险一金 员工旅游 餐饮补贴 通讯补贴 绩效奖金 定期体检 专业培训 年终奖金 机械 设备 重工 合资 50 150人 销售工程师 6千 1万 13薪 上海 浦东新区 本周查看简历3次 五险一金 员工旅游 餐饮补贴 通讯补贴 绩效奖金 定期体检 专业培训 年终奖金 上海芬创机电技术有限公司 机械 设备 重工合资50 150人 去聊聊 投递,,销售 工程师 一金 员工 旅游 餐饮 补贴 通讯 补贴 绩效奖金 定期 体检 专业培训 年终奖金 机械 设备 重工 合资 销售 工程师 上海 浦东新区 本周 查看 简历 一金 员工 旅游 餐饮 补贴 通讯 补贴 绩效奖金 定期 体检 专业培训 年终奖金 上海 芬创 机电 技术 有限公司 机械 设备 重工 合资 聊聊 投递
586,机械销售工程师,6千-1.1万,6000.0,11000.0,8500.0,False,上海,青浦区,上海易勒机电设备有限公司,机械/设备/重工,民营,少于50人,不限,未标明,,0,机械销售工程师 机械 设备 重工 民营 少于50人 机械销售工程师 6千 1.1万 上海 青浦区 上海易勒机电设备有限公司 机械 设备 重工民营少于50人 去聊聊 投递,,机械 销售 工程师 机械 设备 重工 民营 少于 机械 销售 工程师 上海 青浦区 上海 易勒 机电设备 有限公司 机械 设备 重工 民营 少于 聊聊 投递
587,机械销售工程师（招应届生）,6千-1.2万,6000.0,12000.0,9000.0,False,上海,青浦区,上海福思特流体机械有限公司,机械/设备/重工丨仪器仪表/工业自动化,民营,150-500人,不限,无经验友好,五险一金|年终奖金|绩效奖金|专业培训|定期体检|通讯补贴|交通补贴|带薪年假|补充医疗保险|弹性工作|机械|解决方案|市场推广|客户开发|客户关系|机械行业|销售策略|市场信息|订单成交|项目落地,20,机械销售工程师 招应届生 五险一金 年终奖金 绩效奖金 专业培训 定期体检 通讯补贴 交通补贴 带薪年假 补充医疗保险 弹性工作 机械 解决方案 市场推广 客户开发 客户关系 机械行业 销售策略 市场信息 订单成交 项目落地 机械 设备 重工丨仪器仪表 工业自动化 民营 150 500人 机械销售工程师 招应届生 6千 1.2万 上海 青浦区 五险一金 年终奖金 绩效奖金 专业培训 定期体检 通讯补贴 交通补贴 带薪年假 补充医疗保险 弹性工作 机械 解决方案 市场推广 客户开发 客户关系 机械行业 销售策略 市场信息 订单成交 项目落地 上海福思特流体机械有限公司 机械 设备 重工丨仪器仪表 工业自动化民营150 500人 去聊聊 投递,,机械 销售 工程师 应届生 一金 年终奖金 绩效奖金 专业培训 定期 体检 通讯 补贴 交通 补贴 补充 医疗保险 弹性 机械 解决方案 市场推广 客户 开发 客户关系 机械行业 销售策略 市场 信息 订单 成交 项目 落地 机械 设备 重工 仪器仪表 工业 自动化 民营 机械 销售 工程师 应届生 上海 青浦区 一金 年终奖金 绩效奖金 专业培训 定期 体检 通讯 补贴 交通 补贴 补充 医疗保险 弹性 机械 解决方案 市场推广 客户 开发 客户关系 机械行业 销售策略 市场 信息 订单 成交 项目 落地 上海 福思特 流体 机械 有限公司 机械 设备 重工 仪器仪表 工业 自动化 民营 聊聊 投递
588,销售工程师,6千-1万·13薪,6000.0,10000.0,8000.0,False,上海,静安区,上海恩斯凯投资（集团）有限公司,批发/零售,民营,150-500人,不限,未标明,五险一金|绩效奖金|做五休二|补贴津贴|机械|机电|工业,7,销售工程师 五险一金 绩效奖金 做五休二 补贴津贴 机械 机电 工业 批发 零售 民营 150 500人 销售工程师 6千 1万 13薪 上海 静安区 今日回复5次 五险一金 绩效奖金 做五休二 补贴津贴 机械 机电 工业 上海恩斯凯投资 集团 有限公司 批发 零售民营150 500人 去聊聊 投递,,销售 工程师 一金 绩效奖金 做五休 补贴 津贴 机械 机电 工业 批发 零售 民营 销售 工程师 上海 静安区 今日 回复 一金 绩效奖金 做五休 补贴 津贴 机械 机电 工业 上海 恩斯 投资 集团 有限公司 批发 零售 民营 聊聊 投递
589,空压机销售工程师,7.5千-1万·13薪,7500.0,10000.0,8750.0,False,上海,金山区,德耐尔节能科技（上海）股份有限公司,机械/设备/重工,未标明,150-500人,不限,未标明,股权激励|五险一金|旅游|团建|生日会|导师制|员工旅游|绩效奖金|股票期权|专业培训|生日福利等|上海免费住宿|上海免费工餐|大牛带队|年终奖金,15,空压机销售工程师 股权激励 五险一金 旅游 团建 生日会 导师制 员工旅游 绩效奖金 股票期权 专业培训 生日福利等 上海免费住宿 上海免费工餐 大牛带队 年终奖金 机械 设备 重工 已上市 150 500人 空压机销售工程师 7.5千 1万 13薪 上海 金山区 股权激励 五险一金 旅游 团建 生日会 导师制 员工旅游 绩效奖金 股票期权 专业培训 生日福利等 上海免费住宿 上海免费工餐 大牛带队 年终奖金 德耐尔节能科技 上海 股份有限公司 机械 设备 重工已上市150 500人 去聊聊 投递,,空压机 销售 工程师 股权 激励 一金 旅游 团建 生日会 导师制 员工 旅游 绩效奖金 股票 期权 专业培训 生日 上海 免费 住宿 上海 免费 工餐 大牛 带队 年终奖金 机械 设备 重工 上市 空压机 销售 工程师 上海 金山区 股权 激励 一金 旅游 团建 生日会 导师制 员工 旅游 绩效奖金 股票 期权 专业培训 生日 上海 免费 住宿 上海 免费 工餐 大牛 带队 年终奖金 耐尔 节能 科技 上海 股份 有限公司 机械 设备 重工 上市 聊聊 投递
590,销售工程师,6千-1.2万,6000.0,12000.0,9000.0,False,上海,青浦区,上海真空泵厂有限公司,机械/设备/重工,民营,50-150人,不限,未标明,五险一金|绩效奖金|销售|宣传|市场调研|客户维护|机械行业|业务拓展|客户投诉|客户开发计划,10,销售工程师 五险一金 绩效奖金 销售 宣传 市场调研 客户维护 机械行业 业务拓展 客户投诉 客户开发计划 机械 设备 重工 民营 50 150人 销售工程师 6千 1.2万 上海 青浦区 今日回复8次 五险一金 绩效奖金 销售 宣传 市场调研 客户维护 机械行业 业务拓展 客户投诉 客户开发计划 上海真空泵厂有限公司 机械 设备 重工民营50 150人 去聊聊 投递,,销售 工程师 一金 绩效奖金 销售 宣传 市场调研 客户 维护 机械行业 业务 拓展 客户 投诉 客户 开发计划 机械 设备 重工 民营 销售 工程师 上海 青浦区 今日 回复 一金 绩效奖金 销售 宣传 市场调研 客户 维护 机械行业 业务 拓展 客户 投诉 客户 开发计划 上海 真空泵 有限公司 机械 设备 重工 民营 聊聊 投递
591,销售工程师,6千-1.2万,6000.0,12000.0,9000.0,False,上海,,上海神众智能科技有限公司,电气/电力/水利,民营,50-150人,不限,未标明,,0,销售工程师 电气 电力 水利 民营 50 150人 销售工程师 6千 1.2万 上海 在线 上海神众智能科技有限公司 电气 电力 水利民营50 150人 去聊聊 投递,,销售 工程师 电气 电力 水利 民营 销售 工程师 上海 在线 上海 神众 智能 科技 有限公司 电气 电力 水利 民营 聊聊 投递
592,销售工程师（液压相关）,9千-1.3万·13薪,9000.0,13000.0,11000.0,False,上海,闵行区,上海翊众流体技术有限公司,石油/化工/矿产/地质,民营,少于50人,不限,未标明,定期团建|定期体检|带薪年假|意外险|五险一金|做五休二|缴纳五险|公平晋升|内部培训|年终奖|底薪|节日礼品|提成|公司福利|8小时|销售|cad|机械|客户开发,19,销售工程师 液压相关 定期团建 定期体检 带薪年假 意外险 五险一金 做五休二 缴纳五险 公平晋升 内部培训 年终奖 底薪 节日礼品 提成 公司福利 8小时 销售 cad 机械 客户开发 石油 化工 矿产 地质 民营 少于50人 销售工程师 液压相关 9千 1.3万 13薪 上海 闵行区 定期团建 定期体检 带薪年假 意外险 五险一金 做五休二 缴纳五险 公平晋升 内部培训 年终奖 底薪 节日礼品 提成 公司福利 8小时 销售 cad 机械 客户开发 上海翊众流体技术有限公司 石油 化工 矿产 地质民营少于50人 去聊聊 投递,,销售 工程师 液压 定期 团建 定期 体检 意外险 一金 做五休 公平 晋升 内部 培训 年终奖 底薪 节日 礼品 提成 小时 销售 cad 机械 客户 开发 石油 化工 矿产 地质 民营 少于 销售 工程师 液压 上海 闵行区 定期 团建 定期 体检 意外险 一金 做五休 公平 晋升 内部 培训 年终奖 底薪 节日 礼品 提成 小时 销售 cad 机械 客户 开发 上海 流体 技术 有限公司 石油 化工 矿产 地质 民营 少于 聊聊 投递
593,销售工程师,13-15万/年,13000.0,150000.0,81500.0,False,上海,普陀区,上海华明电力设备制造有限公司,机械/设备/重工,民营,500-1000人,不限,未标明,带薪年假|五险一金|节日福利|专业培训|年终奖金|绩效奖金|定期体检|专业培训|带薪休假|节日礼金|电子|机械|市场动态|客户交流|销售数据整理,15,销售工程师 带薪年假 五险一金 节日福利 专业培训 年终奖金 绩效奖金 定期体检 专业培训 带薪休假 节日礼金 电子 机械 市场动态 客户交流 销售数据整理 机械 设备 重工 民营 500 1000人 销售工程师 13 15万 年 上海 普陀区 本周查看简历1次 带薪年假 五险一金 节日福利 专业培训 年终奖金 绩效奖金 定期体检 专业培训 带薪休假 节日礼金 电子 机械 市场动态 客户交流 销售数据整理 上海华明电力设备制造有限公司 机械 设备 重工民营500 1000人 去聊聊 投递,,销售 工程师 一金 节日 专业培训 年终奖金 绩效奖金 定期 体检 专业培训 带薪休假 节日 礼金 电子 机械 市场动态 客户 交流 销售 数据 整理 机械 设备 重工 民营 销售 工程师 上海 普陀区 本周 查看 简历 一金 节日 专业培训 年终奖金 绩效奖金 定期 体检 专业培训 带薪休假 节日 礼金 电子 机械 市场动态 客户 交流 销售 数据 整理 上海 华明 电力设备 制造 有限公司 机械 设备 重工 民营 聊聊 投递
594,技术销售工程师,5千-1万,5000.0,10000.0,7500.0,False,上海,,上海牧晨电子技术有限公司,仪器仪表/工业自动化丨环保,民营,少于50人,不限,未标明,销售|电子|机械|推广|自动化|解决方案|技术方案|产品优化|技术沟通|市场策略,10,技术销售工程师 销售 电子 机械 推广 自动化 解决方案 技术方案 产品优化 技术沟通 市场策略 仪器仪表 工业自动化丨环保 民营 少于50人 技术销售工程师 5千 1万 上海 销售 电子 机械 推广 自动化 解决方案 技术方案 产品优化 技术沟通 市场策略 上海牧晨电子技术有限公司 仪器仪表 工业自动化丨环保民营少于50人 去聊聊 投递,,技术 销售 工程师 销售 电子 机械 推广 自动化 解决方案 技术 方案 产品 优化 技术 沟通 市场策略 仪器仪表 工业 自动化 环保 民营 少于 技术 销售 工程师 上海 销售 电子 机械 推广 自动化 解决方案 技术 方案 产品 优化 技术 沟通 市场策略 上海 牧晨 电子 技术 有限公司 仪器仪表 工业 自动化 环保 民营 少于 聊聊 投递
595,销售工程师（同步带）,8千-1.5万,8000.0,15000.0,11500.0,False,上海,青浦区,上海永利带业股份有限公司,原材料和加工丨机械/设备/重工丨仪器仪表/工业自动化,未标明,500-1000人,不限,未标明,带薪年假|绩效奖金|专业培训|年终奖金|五险一金|定期体检|做五休二|销售|制造业|开发新客户,10,销售工程师 同步带 带薪年假 绩效奖金 专业培训 年终奖金 五险一金 定期体检 做五休二 销售 制造业 开发新客户 原材料和加工丨机械 设备 重工丨仪器仪表 工业自动化 已上市 500 1000人 销售工程师 同步带 8千 1.5万 上海 青浦区 本周查看简历1次 带薪年假 绩效奖金 专业培训 年终奖金 五险一金 定期体检 做五休二 销售 制造业 开发新客户 上海永利带业股份有限公司 原材料和加工丨机械 设备 重工丨仪器仪表 工业自动化已上市500 1000人 去聊聊 投递,,销售 工程师 同步带 绩效奖金 专业培训 年终奖金 一金 定期 体检 做五休 销售 制造业 开发新 客户 原材料 加工 机械 设备 重工 仪器仪表 工业 自动化 上市 销售 工程师 同步带 上海 青浦区 本周 查看 简历 绩效奖金 专业培训 年终奖金 一金 定期 体检 做五休 销售 制造业 开发新 客户 上海 永利 带业 股份 有限公司 原材料 加工 机械 设备 重工 仪器仪表 工业 自动化 上市 聊聊 投递
596,销售工程师,8千-1万,8000.0,10000.0,9000.0,False,上海,,上海台轩机电有限公司,机械/设备/重工丨贸易/进出口,民营,50-150人,不限,未标明,五险一金|餐饮补贴|周末双休|定期体检|带薪年假|销售|机械,7,销售工程师 五险一金 餐饮补贴 周末双休 定期体检 带薪年假 销售 机械 机械 设备 重工丨贸易 进出口 民营 50 150人 销售工程师 8千 1万 上海 五险一金 餐饮补贴 周末双休 定期体检 带薪年假 销售 机械 上海台轩机电有限公司 机械 设备 重工丨贸易 进出口民营50 150人 去聊聊 投递,,销售 工程师 一金 餐饮 补贴 周末 双休 定期 体检 销售 机械 机械 设备 重工 贸易 进出口 民营 销售 工程师 上海 一金 餐饮 补贴 周末 双休 定期 体检 销售 机械 上海 台轩 机电 有限公司 机械 设备 重工 贸易 进出口 民营 聊聊 投递
597,机械销售工程师,10-20万/年,10000.0,200000.0,105000.0,False,上海,奉贤区,罗色（上海）电子科技有限公司,机械/设备/重工,创业公司,少于50人,不限,未标明,管理|宣传|合同签订|开发新客户|市场开拓|维护老客户|新客户开发|货款回收|技术沟通|技术解决方案,10,机械销售工程师 管理 宣传 合同签订 开发新客户 市场开拓 维护老客户 新客户开发 货款回收 技术沟通 技术解决方案 机械 设备 重工 创业公司 少于50人 机械销售工程师 10 20万 年 上海 奉贤区 管理 宣传 合同签订 开发新客户 市场开拓 维护老客户 新客户开发 货款回收 技术沟通 技术解决方案 罗色 上海 电子科技有限公司 机械 设备 重工创业公司少于50人 去聊聊 投递,,机械 销售 工程师 管理 宣传 合同 签订 开发新 客户 市场 开拓 维护 老客户 客户 开发 货款 回收 技术 沟通 技术 解决方案 机械 设备 重工 创业 少于 机械 销售 工程师 上海 奉贤区 管理 宣传 合同 签订 开发新 客户 市场 开拓 维护 老客户 客户 开发 货款 回收 技术 沟通 技术 解决方案 罗色 上海 电子科技 有限公司 机械 设备 重工 创业 少于 聊聊 投递
598,销售专员（可晋升管理）,6千-1.2万,6000.0,12000.0,9000.0,False,上海,松江区,浙江东海减速机有限公司,机械/设备/重工,民营,150-500人,不限,未标明,绩效奖金|年终奖金|专业培训|定期体检|带薪年假|餐饮补贴|员工旅游|通讯补贴|交通补贴|节假日福利|节日福利|五险|晋升|晋升通道|提成|销售|减速机|业务|机械|上海|温州|开发客户|华东|江浙沪|传动,25,销售专员 可晋升管理 绩效奖金 年终奖金 专业培训 定期体检 带薪年假 餐饮补贴 员工旅游 通讯补贴 交通补贴 节假日福利 节日福利 五险 晋升 晋升通道 提成 销售 减速机 业务 机械 上海 温州 开发客户 华东 江浙沪 传动 机械 设备 重工 民营 150 500人 销售专员 可晋升管理 6千 1.2万 上海 松江区 绩效奖金 年终奖金 专业培训 定期体检 带薪年假 餐饮补贴 员工旅游 通讯补贴 交通补贴 节假日福利 节日福利 五险 晋升 晋升通道 提成 销售 减速机 业务 机械 上海 温州 开发客户 华东 江浙沪 传动 浙江东海减速机有限公司 机械 设备 重工民营150 500人 去聊聊 投递,,销售 专员 晋升 管理 绩效奖金 年终奖金 专业培训 定期 体检 餐饮 补贴 员工 旅游 通讯 补贴 交通 补贴 节假日 节日 晋升 晋升 通道 提成 销售 减速机 业务 机械 上海 温州 开发 客户 华东 江浙沪 传动 机械 设备 重工 民营 销售 专员 晋升 管理 上海 松江区 绩效奖金 年终奖金 专业培训 定期 体检 餐饮 补贴 员工 旅游 通讯 补贴 交通 补贴 节假日 节日 晋升 晋升 通道 提成 销售 减速机 业务 机械 上海 温州 开发 客户 华东 江浙沪 传动 浙江 东海 减速机 有限公司 机械 设备 重工 民营 聊聊 投递
599,销售工程师,6-8千·13薪,6000.0,8000.0,7000.0,False,上海,静安区,上海恩斯凯投资（集团）有限公司,批发/零售,民营,150-500人,不限,未标明,周末双休|绩效奖金|五险一金|节日福利|年终奖金|餐饮补贴|通讯补贴|带薪年假|高温补贴|出差补贴|销售|售后服务|客户沟通|营销策略|服务|客户拓展|销售活动|新渠道|终端客户销售|商务处理,20,销售工程师 周末双休 绩效奖金 五险一金 节日福利 年终奖金 餐饮补贴 通讯补贴 带薪年假 高温补贴 出差补贴 销售 售后服务 客户沟通 营销策略 服务 客户拓展 销售活动 新渠道 终端客户销售 商务处理 批发 零售 民营 150 500人 销售工程师 6 8千 13薪 上海 静安区 今日回复5次 周末双休 绩效奖金 五险一金 节日福利 年终奖金 餐饮补贴 通讯补贴 带薪年假 高温补贴 出差补贴 销售 售后服务 客户沟通 营销策略 服务 客户拓展 销售活动 新渠道 终端客户销售 商务处理 上海恩斯凯投资 集团 有限公司 批发 零售民营150 500人 去聊聊 投递,,销售 工程师 周末 双休 绩效奖金 一金 节日 年终奖金 餐饮 补贴 通讯 补贴 高温 补贴 出差 补贴 销售 售后服务 客户 沟通 营销 策略 服务 客户 拓展 销售 活动 渠道 终端 客户 销售 商务 处理 批发 零售 民营 销售 工程师 上海 静安区 今日 回复 周末 双休 绩效奖金 一金 节日 年终奖金 餐饮 补贴 通讯 补贴 高温 补贴 出差 补贴 销售 售后服务 客户 沟通 营销 策略 服务 客户 拓展 销售 活动 渠道 终端 客户 销售 商务 处理 上海 恩斯 投资 集团 有限公司 批发 零售 民营 聊聊 投递
600,销售工程师/区域销售工程师,6千-1.2万,6000.0,12000.0,9000.0,False,上海,松江区,上海埃意自动控制系统有限公司,机械/设备/重工,民营,50-150人,不限,未标明,奖金|保险|提成|底薪,4,销售工程师 区域销售工程师 奖金 保险 提成 底薪 机械 设备 重工 民营 50 150人 销售工程师 区域销售工程师 6千 1.2万 上海 松江区 奖金 保险 提成 底薪 上海埃意自动控制系统有限公司 机械 设备 重工民营50 150人 去聊聊 投递,,销售 工程师 区域 销售 工程师 奖金 保险 提成 底薪 机械 设备 重工 民营 销售 工程师 区域 销售 工程师 上海 松江区 奖金 保险 提成 底薪 上海 埃意 自动 控制系统 有限公司 机械 设备 重工 民营 聊聊 投递
601,机械销售工程师,1-2万,1000.0,20000.0,10500.0,False,上海,嘉定区,上海上电电机股份有限公司,机械/设备/重工,未标明,150-500人,不限,未标明,五险一金|年终奖金|定期体检|员工旅游|通讯补贴|带薪年假|节日福利|周末双休|做五休二|销售|机械|电气|理工科|发展新客户|区域销售|工业设备|开拓新市场|电机,18,机械销售工程师 五险一金 年终奖金 定期体检 员工旅游 通讯补贴 带薪年假 节日福利 周末双休 做五休二 销售 机械 电气 理工科 发展新客户 区域销售 工业设备 开拓新市场 电机 机械 设备 重工 已上市 150 500人 机械销售工程师 1 2万 上海 嘉定区 在线 43分钟前处理简历 五险一金 年终奖金 定期体检 员工旅游 通讯补贴 带薪年假 节日福利 周末双休 做五休二 销售 机械 电气 理工科 发展新客户 区域销售 工业设备 开拓新市场 电机 上海上电电机股份有限公司 机械 设备 重工已上市150 500人 去聊聊 投递,,机械 销售 工程师 一金 年终奖金 定期 体检 员工 旅游 通讯 补贴 节日 周末 双休 做五休 销售 机械 电气 理工科 发展 客户 区域 销售 工业 设备 开拓 市场 电机 机械 设备 重工 上市 机械 销售 工程师 上海 嘉定区 在线 分钟 处理 简历 一金 年终奖金 定期 体检 员工 旅游 通讯 补贴 节日 周末 双休 做五休 销售 机械 电气 理工科 发展 客户 区域 销售 工业 设备 开拓 市场 电机 上海 上电 电机 股份 有限公司 机械 设备 重工 上市 聊聊 投递
602,销售工程师,7千-1万,7000.0,10000.0,8500.0,False,上海,宝山区,上海剑平动平衡机制造有限公司,仪器仪表/工业自动化,民营,150-500人,不限,未标明,绩效奖金|五险一金|高温补贴|全勤奖|节日福利|带薪年假|免费班车|员工旅游|交通补贴|餐饮补贴|通讯补贴|年终奖金|定期体检|销售|机械|市场营销|推广|宣传|电气|客户关系|催收|合同谈判|处理客户投诉,23,销售工程师 绩效奖金 五险一金 高温补贴 全勤奖 节日福利 带薪年假 免费班车 员工旅游 交通补贴 餐饮补贴 通讯补贴 年终奖金 定期体检 销售 机械 市场营销 推广 宣传 电气 客户关系 催收 合同谈判 处理客户投诉 仪器仪表 工业自动化 民营 150 500人 销售工程师 7千 1万 上海 宝山区 绩效奖金 五险一金 高温补贴 全勤奖 节日福利 带薪年假 免费班车 员工旅游 交通补贴 餐饮补贴 通讯补贴 年终奖金 定期体检 销售 机械 市场营销 推广 宣传 电气 客户关系 催收 合同谈判 处理客户投诉 上海剑平动平衡机制造有限公司 仪器仪表 工业自动化民营150 500人 去聊聊 投递,,销售 工程师 绩效奖金 一金 高温 补贴 全勤奖 节日 免费 班车 员工 旅游 交通 补贴 餐饮 补贴 通讯 补贴 年终奖金 定期 体检 销售 机械 市场营销 推广 宣传 电气 客户关系 催收 合同 谈判 处理 客户 投诉 仪器仪表 工业 自动化 民营 销售 工程师 上海 宝山区 绩效奖金 一金 高温 补贴 全勤奖 节日 免费 班车 员工 旅游 交通 补贴 餐饮 补贴 通讯 补贴 年终奖金 定期 体检 销售 机械 市场营销 推广 宣传 电气 客户关系 催收 合同 谈判 处理 客户 投诉 上海 剑平 动平衡 制造 有限公司 仪器仪表 工业 自动化 民营 聊聊 投递
603,销售工程师,8千-1.3万,8000.0,13000.0,10500.0,False,上海,,上海民诺机械有限公司,机械/设备/重工,民营,150-500人,不限,未标明,双休|下午茶|节日福利|交通补贴|五险一金|带薪年假|入职培训|高提成|旅游团建|员工旅游|年终奖金|绩效奖金|专业培训|零食下午茶|定期团建|气体行业销售|气瓶销售|空压机|冷干机|干燥机|压力容器设备|化工设备产品|机械类设备,23,销售工程师 双休 下午茶 节日福利 交通补贴 五险一金 带薪年假 入职培训 高提成 旅游团建 员工旅游 年终奖金 绩效奖金 专业培训 零食下午茶 定期团建 气体行业销售 气瓶销售 空压机 冷干机 干燥机 压力容器设备 化工设备产品 机械类设备 机械 设备 重工 民营 150 500人 销售工程师 8千 1.3万 上海 双休 下午茶 节日福利 交通补贴 五险一金 带薪年假 入职培训 高提成 旅游团建 员工旅游 年终奖金 绩效奖金 专业培训 零食下午茶 定期团建 气体行业销售 气瓶销售 空压机 冷干机 干燥机 压力容器设备 化工设备产品 机械类设备 上海民诺机械有限公司 机械 设备 重工民营150 500人 去聊聊 投递,,销售 工程师 双休 下午茶 节日 交通 补贴 一金 入职 培训 提成 旅游团 员工 旅游 年终奖金 绩效奖金 专业培训 零食 下午茶 定期 团建 气体 行业 销售 气瓶 销售 空压机 冷干机 干燥机 压力容器 设备 化工设备 产品 机械类 设备 机械 设备 重工 民营 销售 工程师 上海 双休 下午茶 节日 交通 补贴 一金 入职 培训 提成 旅游团 员工 旅游 年终奖金 绩效奖金 专业培训 零食 下午茶 定期 团建 气体 行业 销售 气瓶 销售 空压机 冷干机 干燥机 压力容器 设备 化工设备 产品 机械类 设备 上海 民诺 机械 有限公司 机械 设备 重工 民营 聊聊 投递
604,设备销售工程师,20-30万/年,20000.0,300000.0,160000.0,False,上海,浦东新区,旭增（上海）商贸有限公司,机械/设备/重工,未标明,少于50人,不限,未标明,奖金|绩效奖金|缴纳五险|项目提成|五险一金|员工旅游|培训|销售提成|团队建设|专业培训|出国机会|年终奖金|定期体检|六险一金|提供食宿|机械|维修|团队建设|客户关系|市场动态|发掘新客户|建设渠道|稳固老客户|培训学习|员工旅游,25,设备销售工程师 奖金 绩效奖金 缴纳五险 项目提成 五险一金 员工旅游 培训 销售提成 团队建设 专业培训 出国机会 年终奖金 定期体检 六险一金 提供食宿 机械 维修 团队建设 客户关系 市场动态 发掘新客户 建设渠道 稳固老客户 培训学习 员工旅游 机械 设备 重工 外资 非欧美 少于50人 设备销售工程师 20 30万 年 上海 浦东新区 本周查看简历20次 奖金 绩效奖金 缴纳五险 项目提成 五险一金 员工旅游 培训 销售提成 团队建设 专业培训 出国机会 年终奖金 定期体检 六险一金 提供食宿 机械 维修 团队建设 客户关系 市场动态 发掘新客户 建设渠道 稳固老客户 培训学习 员工旅游 旭增 上海 商贸有限公司 机械 设备 重工外资 非欧美 少于50人 去聊聊 投递,,设备 销售 工程师 奖金 绩效奖金 项目 提成 一金 员工 旅游 培训 销售 提成 团队 建设 专业培训 出国 机会 年终奖金 定期 体检 六险 一金 食宿 机械 维修 团队 建设 客户关系 市场动态 发掘 客户 建设 渠道 稳固 老客户 培训 学习 员工 旅游 机械 设备 重工 外资 欧美 少于 设备 销售 工程师 上海 浦东新区 本周 查看 简历 奖金 绩效奖金 项目 提成 一金 员工 旅游 培训 销售 提成 团队 建设 专业培训 出国 机会 年终奖金 定期 体检 六险 一金 食宿 机械 维修 团队 建设 客户关系 市场动态 发掘 客户 建设 渠道 稳固 老客户 培训 学习 员工 旅游 旭增 上海 商贸 有限公司 机械 设备 重工 外资 欧美 少于 聊聊 投递
605,销售代表—工业用户,6-8千,6000.0,8000.0,7000.0,False,上海,闵行区,上海默尔森机械有限公司,批发/零售,民营,少于50人,不限,未标明,带薪年假|五险一金|底薪|销售奖金|培训|员工体检|高薪|晋升空间|职业规划,9,销售代表 工业用户 带薪年假 五险一金 底薪 销售奖金 培训 员工体检 高薪 晋升空间 职业规划 批发 零售 民营 少于50人 销售代表 工业用户 6 8千 上海 闵行区 今日回复6次 带薪年假 五险一金 底薪 销售奖金 培训 员工体检 高薪 晋升空间 职业规划 上海默尔森机械有限公司 批发 零售民营少于50人 去聊聊 投递,,销售 代表 工业 用户 一金 底薪 销售 奖金 培训 员工 体检 高薪 晋升 空间 职业规划 批发 零售 民营 少于 销售 代表 工业 用户 上海 闵行区 今日 回复 一金 底薪 销售 奖金 培训 员工 体检 高薪 晋升 空间 职业规划 上海 默尔 机械 有限公司 批发 零售 民营 少于 聊聊 投递
606,汽车销售顾问（应届生/实习生）,6千-1.2万,6000.0,12000.0,9000.0,False,上海,嘉定区,上海祺宝汽车销售服务有限公司,批发/零售丨4S店/车后市场丨新媒体,未标明,50-150人,不限,无经验友好,销售|客户接待|需求分析|客户回访|产品介绍|产品交付|客户资源支持|工具支持|运营质量|商务谈判|技能培训|带薪年假|五险一金|绩效奖金|节日福利|专业培训|员工旅游|员工体检,18,汽车销售顾问 应届生 实习生 销售 客户接待 需求分析 客户回访 产品介绍 产品交付 客户资源支持 工具支持 运营质量 商务谈判 技能培训 带薪年假 五险一金 绩效奖金 节日福利 专业培训 员工旅游 员工体检 批发 零售丨4S店 车后市场丨新媒体 已上市 50 150人 汽车销售顾问 应届生 实习生 6千 1.2万 上海 嘉定区 今日回复10+次 销售 客户接待 需求分析 客户回访 产品介绍 产品交付 客户资源支持 工具支持 运营质量 商务谈判 技能培训 带薪年假 五险一金 绩效奖金 节日福利 专业培训 员工旅游 员工体检 上海祺宝汽车销售服务有限公司 批发 零售丨4S店 车后市场丨新媒体已上市50 150人 去聊聊 投递,,汽车 销售 顾问 应届生 实习生 销售 客户 接待 需求 分析 客户 回访 产品 介绍 产品 交付 客户资源 支持 工具 支持 运营 质量 商务谈判 技能 培训 一金 绩效奖金 节日 专业培训 员工 旅游 员工 体检 批发 零售 4S店 车后 市场 媒体 上市 汽车 销售 顾问 应届生 实习生 上海 嘉定区 今日 回复 + 销售 客户 接待 需求 分析 客户 回访 产品 介绍 产品 交付 客户资源 支持 工具 支持 运营 质量 商务谈判 技能 培训 一金 绩效奖金 节日 专业培训 员工 旅游 员工 体检 上海 汽车 销售 服务 有限公司 批发 零售 4S店 车后 市场 媒体 上市 聊聊 投递
607,销售工程师（应届生）,6-9千·13薪,6000.0,9000.0,7500.0,False,上海,嘉定区,上海源冠自控设备有限公司,机械/设备/重工,民营,50-150人,不限,无经验友好,专业培训|旅游|免费班车|双休|餐补|生日福利|系统培训|带薪年假|员工旅游|绩效奖金|体检|公司福利|发展空间|过节费|环境舒适,15,销售工程师 应届生 专业培训 旅游 免费班车 双休 餐补 生日福利 系统培训 带薪年假 员工旅游 绩效奖金 体检 公司福利 发展空间 过节费 环境舒适 机械 设备 重工 民营 50 150人 销售工程师 应届生 6 9千 13薪 上海 嘉定区 今日回复6次 专业培训 旅游 免费班车 双休 餐补 生日福利 系统培训 带薪年假 员工旅游 绩效奖金 体检 公司福利 发展空间 过节费 环境舒适 上海源冠自控设备有限公司 机械 设备 重工民营50 150人 去聊聊 投递,,销售 工程师 应届生 专业培训 旅游 免费 班车 双休 餐补 生日 系统 培训 员工 旅游 绩效奖金 体检 发展 空间 过节费 环境 舒适 机械 设备 重工 民营 销售 工程师 应届生 上海 嘉定区 今日 回复 专业培训 旅游 免费 班车 双休 餐补 生日 系统 培训 员工 旅游 绩效奖金 体检 发展 空间 过节费 环境 舒适 上海 源冠 自控 设备 有限公司 机械 设备 重工 民营 聊聊 投递
608,造船厂销售工程师,8千-1.4万·13薪,8000.0,14000.0,11000.0,False,上海,,易格斯（上海）拖链系统有限公司,机械/设备/重工丨仪器仪表/工业自动化,未标明,500-1000人,不限,未标明,周末双休|带薪年假|五险一金|绩效奖金|节日福利|专业培训|交通补贴|通讯补贴|免费班车|培训|住房补贴|销售|cad|机械|自动化|图纸|电气|解决方案|客户维护|客户关系,20,造船厂销售工程师 周末双休 带薪年假 五险一金 绩效奖金 节日福利 专业培训 交通补贴 通讯补贴 免费班车 培训 住房补贴 销售 cad 机械 自动化 图纸 电气 解决方案 客户维护 客户关系 机械 设备 重工丨仪器仪表 工业自动化 外资 欧美 500 1000人 造船厂销售工程师 8千 1.4万 13薪 上海 本周查看简历1次 周末双休 带薪年假 五险一金 绩效奖金 节日福利 专业培训 交通补贴 通讯补贴 免费班车 培训 住房补贴 销售 cad 机械 自动化 图纸 电气 解决方案 客户维护 客户关系 易格斯 上海 拖链系统有限公司 机械 设备 重工丨仪器仪表 工业自动化外资 欧美 500 1000人 去聊聊 投递,,造船厂 销售 工程师 周末 双休 一金 绩效奖金 节日 专业培训 交通 补贴 通讯 补贴 免费 班车 培训 住房补贴 销售 cad 机械 自动化 图纸 电气 解决方案 客户 维护 客户关系 机械 设备 重工 仪器仪表 工业 自动化 外资 欧美 造船厂 销售 工程师 上海 本周 查看 简历 周末 双休 一金 绩效奖金 节日 专业培训 交通 补贴 通讯 补贴 免费 班车 培训 住房补贴 销售 cad 机械 自动化 图纸 电气 解决方案 客户 维护 客户关系 格斯 上海 拖链 系统 有限公司 机械 设备 重工 仪器仪表 工业 自动化 外资 欧美 聊聊 投递
609,销售工程师,6千-1万,6000.0,10000.0,8000.0,False,上海,闵行区,上海盛普流体设备股份有限公司,机械/设备/重工,民营,150-500人,不限,未标明,五险一金|提成奖金|专业培训|年终奖金|有午餐|销售|销售代表|业务员|客户代表,9,销售工程师 五险一金 提成奖金 专业培训 年终奖金 有午餐 销售 销售代表 业务员 客户代表 机械 设备 重工 民营 150 500人 销售工程师 6千 1万 上海 闵行区 今日回复5次 五险一金 提成奖金 专业培训 年终奖金 有午餐 销售 销售代表 业务员 客户代表 上海盛普流体设备股份有限公司 机械 设备 重工民营150 500人 去聊聊 投递,,销售 工程师 一金 提成 奖金 专业培训 年终奖金 午餐 销售 销售 代表 业务员 客户 代表 机械 设备 重工 民营 销售 工程师 上海 闵行区 今日 回复 一金 提成 奖金 专业培训 年终奖金 午餐 销售 销售 代表 业务员 客户 代表 上海 盛普 流体 设备 股份 有限公司 机械 设备 重工 民营 聊聊 投递
610,机械销售工程师,8-9千·15薪,8000.0,9000.0,8500.0,False,上海,青浦区,上海轻良实业有限公司,机械/设备/重工,民营,150-500人,不限,未标明,晋升通道|销售|机械行业|销售策略|市场开拓|绘图软件|英语听说读写|商务洽谈|机械设计制造|客户开发维护|机械设备行业,11,机械销售工程师 晋升通道 销售 机械行业 销售策略 市场开拓 绘图软件 英语听说读写 商务洽谈 机械设计制造 客户开发维护 机械设备行业 机械 设备 重工 民营 150 500人 机械销售工程师 8 9千 15薪 上海 青浦区 本周处理简历4次 晋升通道 销售 机械行业 销售策略 市场开拓 绘图软件 英语听说读写 商务洽谈 机械设计制造 客户开发维护 机械设备行业 上海轻良实业有限公司 机械 设备 重工民营150 500人 去聊聊 投递,,机械 销售 工程师 晋升 通道 销售 机械行业 销售策略 市场 开拓 绘图 软件 英语 听说读写 商务洽谈 机械设计 制造 客户 开发 维护 机械设备 行业 机械 设备 重工 民营 机械 销售 工程师 上海 青浦区 本周 处理 简历 晋升 通道 销售 机械行业 销售策略 市场 开拓 绘图 软件 英语 听说读写 商务洽谈 机械设计 制造 客户 开发 维护 机械设备 行业 上海 轻良 实业 有限公司 机械 设备 重工 民营 聊聊 投递
611,轴承销售/销售代表/大客户销售,6.5千-1万,6500.0,10000.0,8250.0,False,上海,静安区,上海恩斯凯投资（集团）有限公司,批发/零售,民营,150-500人,不限,未标明,五险一金|绩效奖金|做五休二|补贴津贴|机械|钢铁|轴承,7,轴承销售 销售代表 大客户销售 五险一金 绩效奖金 做五休二 补贴津贴 机械 钢铁 轴承 批发 零售 民营 150 500人 轴承销售 销售代表 大客户销售 6.5千 1万 上海 静安区 今日回复5次 五险一金 绩效奖金 做五休二 补贴津贴 机械 钢铁 轴承 上海恩斯凯投资 集团 有限公司 批发 零售民营150 500人 去聊聊 投递,,轴承 销售 销售 代表 客户 销售 一金 绩效奖金 做五休 补贴 津贴 机械 钢铁 轴承 批发 零售 民营 轴承 销售 销售 代表 客户 销售 上海 静安区 今日 回复 一金 绩效奖金 做五休 补贴 津贴 机械 钢铁 轴承 上海 恩斯 投资 集团 有限公司 批发 零售 民营 聊聊 投递
612,空压机大客户销售,8千-1.2万·13薪,8000.0,12000.0,10000.0,False,上海,金山区,德耐尔节能科技（上海）股份有限公司,机械/设备/重工,未标明,150-500人,不限,未标明,股权激励|旅游|五险一金|导师制|生日会|团建|员工旅游|绩效奖金|股票期权|专业培训|生日福利等|上海免费住宿|上海免费工餐|大牛带队|年终奖金,15,空压机大客户销售 股权激励 旅游 五险一金 导师制 生日会 团建 员工旅游 绩效奖金 股票期权 专业培训 生日福利等 上海免费住宿 上海免费工餐 大牛带队 年终奖金 机械 设备 重工 已上市 150 500人 空压机大客户销售 8千 1.2万 13薪 上海 金山区 股权激励 旅游 五险一金 导师制 生日会 团建 员工旅游 绩效奖金 股票期权 专业培训 生日福利等 上海免费住宿 上海免费工餐 大牛带队 年终奖金 德耐尔节能科技 上海 股份有限公司 机械 设备 重工已上市150 500人 去聊聊 投递,,空压机 客户 销售 股权 激励 旅游 一金 导师制 生日会 团建 员工 旅游 绩效奖金 股票 期权 专业培训 生日 上海 免费 住宿 上海 免费 工餐 大牛 带队 年终奖金 机械 设备 重工 上市 空压机 客户 销售 上海 金山区 股权 激励 旅游 一金 导师制 生日会 团建 员工 旅游 绩效奖金 股票 期权 专业培训 生日 上海 免费 住宿 上海 免费 工餐 大牛 带队 年终奖金 耐尔 节能 科技 上海 股份 有限公司 机械 设备 重工 上市 聊聊 投递
613,机械销售工程师,6.5千-1.3万,6500.0,13000.0,9750.0,False,上海,松江区,奥影检测科技（上海）有限公司,仪器仪表/工业自动化,民营,少于50人,不限,未标明,五险一金|带薪年假|年终奖金|专业培训|定期体检|销售|数据分析|招投标|投标|销售计划|客户开发|理工科|销售落地|测试进度|技术支持,15,机械销售工程师 五险一金 带薪年假 年终奖金 专业培训 定期体检 销售 数据分析 招投标 投标 销售计划 客户开发 理工科 销售落地 测试进度 技术支持 仪器仪表 工业自动化 民营 少于50人 机械销售工程师 6.5千 1.3万 上海 松江区 五险一金 带薪年假 年终奖金 专业培训 定期体检 销售 数据分析 招投标 投标 销售计划 客户开发 理工科 销售落地 测试进度 技术支持 奥影检测科技 上海 有限公司 仪器仪表 工业自动化民营少于50人 去聊聊 投递,,机械 销售 工程师 一金 年终奖金 专业培训 定期 体检 销售 数据分析 招投标 投标 销售 计划 客户 开发 理工科 销售 落地 测试 进度 技术支持 仪器仪表 工业 自动化 民营 少于 机械 销售 工程师 上海 松江区 一金 年终奖金 专业培训 定期 体检 销售 数据分析 招投标 投标 销售 计划 客户 开发 理工科 销售 落地 测试 进度 技术支持 奥影 检测 科技 上海 有限公司 仪器仪表 工业 自动化 民营 少于 聊聊 投递
614,销售工程师（国内市场）,7千-1.4万·13薪,7000.0,14000.0,10500.0,False,上海,浦东新区,上海环势机械科技有限公司,机械/设备/重工,民营,50-150人,不限,未标明,销售|机械|开发新客户|客户维护|市场开拓|销售工程师|喷码机|五险一金|年终奖金|专业培训|弹性工作|通讯补贴|绩效奖金|定期体检,14,销售工程师 国内市场 销售 机械 开发新客户 客户维护 市场开拓 销售工程师 喷码机 五险一金 年终奖金 专业培训 弹性工作 通讯补贴 绩效奖金 定期体检 机械 设备 重工 民营 50 150人 销售工程师 国内市场 7千 1.4万 13薪 上海 浦东新区 销售 机械 开发新客户 客户维护 市场开拓 销售工程师 喷码机 五险一金 年终奖金 专业培训 弹性工作 通讯补贴 绩效奖金 定期体检 上海环势机械科技有限公司 机械 设备 重工民营50 150人 去聊聊 投递,,销售 工程师 国内 市场 销售 机械 开发新 客户 客户 维护 市场 开拓 销售 工程师 喷码机 一金 年终奖金 专业培训 弹性 通讯 补贴 绩效奖金 定期 体检 机械 设备 重工 民营 销售 工程师 国内 市场 上海 浦东新区 销售 机械 开发新 客户 客户 维护 市场 开拓 销售 工程师 喷码机 一金 年终奖金 专业培训 弹性 通讯 补贴 绩效奖金 定期 体检 上海 环势 机械 科技 有限公司 机械 设备 重工 民营 聊聊 投递
615,销售工程师,7千-1.2万,7000.0,12000.0,9500.0,False,上海,静安区,茨格砝特电气科技（上海）有限公司,仪器仪表/工业自动化,民营,50-150人,不限,未标明,五险一金|员工旅游|交通补贴|通讯补贴|绩效奖金|年终奖金|销售|市场推广|维护客户关系|售前技术支持|销售转化|团队协作|解决方案咨询,13,销售工程师 五险一金 员工旅游 交通补贴 通讯补贴 绩效奖金 年终奖金 销售 市场推广 维护客户关系 售前技术支持 销售转化 团队协作 解决方案咨询 仪器仪表 工业自动化 民营 50 150人 销售工程师 7千 1.2万 上海 静安区 五险一金 员工旅游 交通补贴 通讯补贴 绩效奖金 年终奖金 销售 市场推广 维护客户关系 售前技术支持 销售转化 团队协作 解决方案咨询 茨格砝特电气科技 上海 有限公司 仪器仪表 工业自动化民营50 150人 去聊聊 投递,,销售 工程师 一金 员工 旅游 交通 补贴 通讯 补贴 绩效奖金 年终奖金 销售 市场推广 维护 客户关系 售前 技术支持 销售 转化 团队协作 解决方案 咨询 仪器仪表 工业 自动化 民营 销售 工程师 上海 静安区 一金 员工 旅游 交通 补贴 通讯 补贴 绩效奖金 年终奖金 销售 市场推广 维护 客户关系 售前 技术支持 销售 转化 团队协作 解决方案 咨询 茨格 砝特 电气 科技 上海 有限公司 仪器仪表 工业 自动化 民营 聊聊 投递
616,销售工程师,12-24万/年,12000.0,240000.0,126000.0,False,上海,嘉定区,上海科先企业发展（集团）有限公司,机械/设备/重工,民营,50-150人,不限,未标明,五险一金|绩效奖金|节日福利,3,销售工程师 五险一金 绩效奖金 节日福利 机械 设备 重工 民营 50 150人 销售工程师 12 24万 年 上海 嘉定区 24分钟前回复 五险一金 绩效奖金 节日福利 上海科先企业发展 集团 有限公司 机械 设备 重工民营50 150人 去聊聊 投递,,销售 工程师 一金 绩效奖金 节日 机械 设备 重工 民营 销售 工程师 上海 嘉定区 分钟 回复 一金 绩效奖金 节日 上海 科先 企业 发展 集团 有限公司 机械 设备 重工 民营 聊聊 投递
617,销售工程师,6千-1万,6000.0,10000.0,8000.0,False,上海,嘉定区,上海爱舍意科技有限公司,机械/设备/重工,民营,50-150人,不限,未标明,五险一金|带薪年假|年终奖金|专业培训|出国机会|销售|客户关系|公关|产品销售|发展新客户|office软件|产品|仪表|销售活动策划|工业产品销售,15,销售工程师 五险一金 带薪年假 年终奖金 专业培训 出国机会 销售 客户关系 公关 产品销售 发展新客户 office软件 产品 仪表 销售活动策划 工业产品销售 机械 设备 重工 民营 50 150人 销售工程师 6千 1万 上海 嘉定区 今日回复4次 五险一金 带薪年假 年终奖金 专业培训 出国机会 销售 客户关系 公关 产品销售 发展新客户 office软件 产品 仪表 销售活动策划 工业产品销售 上海爱舍意科技有限公司 机械 设备 重工民营50 150人 去聊聊 投递,,销售 工程师 一金 年终奖金 专业培训 出国 机会 销售 客户关系 公关 产品销售 发展 客户 office 软件 产品 仪表 销售 活动 策划 工业 产品销售 机械 设备 重工 民营 销售 工程师 上海 嘉定区 今日 回复 一金 年终奖金 专业培训 出国 机会 销售 客户关系 公关 产品销售 发展 客户 office 软件 产品 仪表 销售 活动 策划 工业 产品销售 上海 爱舍意 科技 有限公司 机械 设备 重工 民营 聊聊 投递
618,销售工程师,1-1.5万,1000.0,15000.0,8000.0,False,上海,奉贤区,上海楚能工业过滤系统有限公司,机械/设备/重工,民营,50-150人,不限,未标明,五险一金|员工旅游|缴纳五险|定期体检|通讯补贴|年休假|团建|员工体检|晋升通道|底薪|假日福利|带薪年休|提成|法定节假|节假日|销售|推广|维护客户关系|市场分析|开拓市场|签约回款|销售工程师|技术支持服务|员工体检|市场发展规划,25,销售工程师 五险一金 员工旅游 缴纳五险 定期体检 通讯补贴 年休假 团建 员工体检 晋升通道 底薪 假日福利 带薪年休 提成 法定节假 节假日 销售 推广 维护客户关系 市场分析 开拓市场 签约回款 销售工程师 技术支持服务 员工体检 市场发展规划 机械 设备 重工 民营 50 150人 销售工程师 1 1.5万 上海 奉贤区 今日查看简历1次 五险一金 员工旅游 缴纳五险 定期体检 通讯补贴 年休假 团建 员工体检 晋升通道 底薪 假日福利 带薪年休 提成 法定节假 节假日 销售 推广 维护客户关系 市场分析 开拓市场 签约回款 销售工程师 技术支持服务 员工体检 市场发展规划 上海楚能工业过滤系统有限公司 机械 设备 重工民营50 150人 去聊聊 投递,,销售 工程师 一金 员工 旅游 定期 体检 通讯 补贴 年休假 团建 员工 体检 晋升 通道 底薪 假日 年休 提成 法定 节假 节假日 销售 推广 维护 客户关系 市场 分析 开拓市场 签约 回款 销售 工程师 技术支持 服务 员工 体检 市场 发展 规划 机械 设备 重工 民营 销售 工程师 上海 奉贤区 今日 查看 简历 一金 员工 旅游 定期 体检 通讯 补贴 年休假 团建 员工 体检 晋升 通道 底薪 假日 年休 提成 法定 节假 节假日 销售 推广 维护 客户关系 市场 分析 开拓市场 签约 回款 销售 工程师 技术支持 服务 员工 体检 市场 发展 规划 上海 楚能 工业 过滤 系统 有限公司 机械 设备 重工 民营 聊聊 投递
619,区域销售工程师,8千-1.5万·13薪,8000.0,15000.0,11500.0,False,上海,宝山区,上海昱盟自动化设备科技有限公司,机械/设备/重工,民营,50-150人,不限,未标明,五险一金|员工旅游|餐饮补贴|交通补贴|绩效奖金|年终奖金|朝九晚五|销售|机械|电气|机电|工业,12,区域销售工程师 五险一金 员工旅游 餐饮补贴 交通补贴 绩效奖金 年终奖金 朝九晚五 销售 机械 电气 机电 工业 机械 设备 重工 民营 50 150人 区域销售工程师 8千 1.5万 13薪 上海 宝山区 34分钟前回复 五险一金 员工旅游 餐饮补贴 交通补贴 绩效奖金 年终奖金 朝九晚五 销售 机械 电气 机电 工业 上海昱盟自动化设备科技有限公司 机械 设备 重工民营50 150人 去聊聊 投递,,区域 销售 工程师 一金 员工 旅游 餐饮 补贴 交通 补贴 绩效奖金 年终奖金 朝九晚五 销售 机械 电气 机电 工业 机械 设备 重工 民营 区域 销售 工程师 上海 宝山区 分钟 回复 一金 员工 旅游 餐饮 补贴 交通 补贴 绩效奖金 年终奖金 朝九晚五 销售 机械 电气 机电 工业 上海 自动化 设备 科技 有限公司 机械 设备 重工 民营 聊聊 投递
620,销售工程师,6千-1.1万,6000.0,11000.0,8500.0,False,上海,闵行区,纳维加特（上海）筛分技术有限公司,机械/设备/重工,民营,50-150人,不限,未标明,,0,销售工程师 机械 设备 重工 民营 50 150人 销售工程师 6千 1.1万 上海 闵行区 本周处理简历1次 纳维加特 上海 筛分技术有限公司 机械 设备 重工民营50 150人 去聊聊 投递,,销售 工程师 机械 设备 重工 民营 销售 工程师 上海 闵行区 本周 处理 简历 维加 上海 筛分 技术 有限公司 机械 设备 重工 民营 聊聊 投递
621,销售工程师（初级）,9.6-14万/年,9600.0,140000.0,74800.0,False,上海,浦东新区,上海必添吉系统设备有限公司,机械/设备/重工丨贸易/进出口,民营,少于50人,不限,未标明,专业培训|定期体检|餐饮补贴|带薪年假|节日福利|周末双休|提成|机械|需求分析|市场营销|自动化|国际贸易|市场推广|挖掘潜在客户|机械行业|商务洽谈|售前技术支持,17,销售工程师 初级 专业培训 定期体检 餐饮补贴 带薪年假 节日福利 周末双休 提成 机械 需求分析 市场营销 自动化 国际贸易 市场推广 挖掘潜在客户 机械行业 商务洽谈 售前技术支持 机械 设备 重工丨贸易 进出口 民营 少于50人 销售工程师 初级 9.6 14万 年 上海 浦东新区 今日回复10+次 专业培训 定期体检 餐饮补贴 带薪年假 节日福利 周末双休 提成 机械 需求分析 市场营销 自动化 国际贸易 市场推广 挖掘潜在客户 机械行业 商务洽谈 售前技术支持 上海必添吉系统设备有限公司 机械 设备 重工丨贸易 进出口民营少于50人 去聊聊 投递,,销售 工程师 初级 专业培训 定期 体检 餐饮 补贴 节日 周末 双休 提成 机械 需求 分析 市场营销 自动化 国际贸易 市场推广 挖掘 潜在 客户 机械行业 商务洽谈 售前 技术支持 机械 设备 重工 贸易 进出口 民营 少于 销售 工程师 初级 上海 浦东新区 今日 回复 + 专业培训 定期 体检 餐饮 补贴 节日 周末 双休 提成 机械 需求 分析 市场营销 自动化 国际贸易 市场推广 挖掘 潜在 客户 机械行业 商务洽谈 售前 技术支持 上海 必添吉 系统 设备 有限公司 机械 设备 重工 贸易 进出口 民营 少于 聊聊 投递
622,销售（应届生）,5千-1万,5000.0,10000.0,7500.0,False,上海,闵行区,模士登（上海）智能科技有限公司,计算机软件,民营,50-150人,不限,无经验友好,五险一金|年终奖金|专业培训|餐饮补贴|传统节日福利|提成|销售|市场营销|客户沟通|销售计划|市场分析|市场开拓|开拓销售渠道|销售话术,14,销售 应届生 五险一金 年终奖金 专业培训 餐饮补贴 传统节日福利 提成 销售 市场营销 客户沟通 销售计划 市场分析 市场开拓 开拓销售渠道 销售话术 计算机软件 民营 50 150人 销售 应届生 5千 1万 上海 闵行区 五险一金 年终奖金 专业培训 餐饮补贴 传统节日福利 提成 销售 市场营销 客户沟通 销售计划 市场分析 市场开拓 开拓销售渠道 销售话术 模士登 上海 智能科技有限公司 计算机软件民营50 150人 去聊聊 投递,,销售 应届生 一金 年终奖金 专业培训 餐饮 补贴 传统节日 提成 销售 市场营销 客户 沟通 销售 计划 市场 分析 市场 开拓 开拓 销售 渠道 销售 话术 计算机软件 民营 销售 应届生 上海 闵行区 一金 年终奖金 专业培训 餐饮 补贴 传统节日 提成 销售 市场营销 客户 沟通 销售 计划 市场 分析 市场 开拓 开拓 销售 渠道 销售 话术 模士 上海 智能 科技 有限公司 计算机软件 民营 聊聊 投递
623,销售工程师,7-9千,7000.0,9000.0,8000.0,False,上海,闵行区,上海涟屹轴承科技有限公司,机械/设备/重工,民营,50-150人,不限,未标明,餐补|五险|出差补贴|交通补助|五险一金|带薪年假|工作餐|专业培训|绩效奖金|公积金|餐饮补贴|年终奖金|老板nice|高新技术企业|机械|市场营销|自动化|售后|市场推广|挖掘潜在客户|销售策略|c1驾照|理工科|机械设备,24,销售工程师 餐补 五险 出差补贴 交通补助 五险一金 带薪年假 工作餐 专业培训 绩效奖金 公积金 餐饮补贴 年终奖金 老板nice 高新技术企业 机械 市场营销 自动化 售后 市场推广 挖掘潜在客户 销售策略 c1驾照 理工科 机械设备 机械 设备 重工 民营 50 150人 销售工程师 7 9千 上海 闵行区 本周查看简历2次 餐补 五险 出差补贴 交通补助 五险一金 带薪年假 工作餐 专业培训 绩效奖金 公积金 餐饮补贴 年终奖金 老板nice 高新技术企业 机械 市场营销 自动化 售后 市场推广 挖掘潜在客户 销售策略 c1驾照 理工科 机械设备 上海涟屹轴承科技有限公司 机械 设备 重工民营50 150人 去聊聊 投递,,销售 工程师 餐补 出差 补贴 交通 补助 一金 工作餐 专业培训 绩效奖金 公积金 餐饮 补贴 年终奖金 老板 nice 高新技术 企业 机械 市场营销 自动化 售后 市场推广 挖掘 潜在 客户 销售策略 c1 驾照 理工科 机械设备 机械 设备 重工 民营 销售 工程师 上海 闵行区 本周 查看 简历 餐补 出差 补贴 交通 补助 一金 工作餐 专业培训 绩效奖金 公积金 餐饮 补贴 年终奖金 老板 nice 高新技术 企业 机械 市场营销 自动化 售后 市场推广 挖掘 潜在 客户 销售策略 c1 驾照 理工科 机械设备 上海 涟屹 轴承 科技 有限公司 机械 设备 重工 民营 聊聊 投递
624,销售工程师,8千-1万,8000.0,10000.0,9000.0,False,上海,,上海宝业机电科技有限公司,机械/设备/重工丨仪器仪表/工业自动化丨船舶/航空/航天,民营,50-150人,不限,未标明,绩效奖金|通讯补贴|五险一金|餐饮补贴|交通补贴|销售|业务员|客户经理,8,销售工程师 绩效奖金 通讯补贴 五险一金 餐饮补贴 交通补贴 销售 业务员 客户经理 机械 设备 重工丨仪器仪表 工业自动化丨船舶 航空 航天 民营 50 150人 销售工程师 8千 1万 上海 1分钟前回复 绩效奖金 通讯补贴 五险一金 餐饮补贴 交通补贴 销售 业务员 客户经理 上海宝业机电科技有限公司 机械 设备 重工丨仪器仪表 工业自动化丨船舶 航空 航天民营50 150人 去聊聊 投递,,销售 工程师 绩效奖金 通讯 补贴 一金 餐饮 补贴 交通 补贴 销售 业务员 客户经理 机械 设备 重工 仪器仪表 工业 自动化 船舶 航空 航天 民营 销售 工程师 上海 分钟 回复 绩效奖金 通讯 补贴 一金 餐饮 补贴 交通 补贴 销售 业务员 客户经理 上海 宝业 机电 科技 有限公司 机械 设备 重工 仪器仪表 工业 自动化 船舶 航空 航天 民营 聊聊 投递
625,销售工程师,10-20万/年,10000.0,200000.0,105000.0,False,上海,嘉定区,上海本希机电科技有限公司,机械/设备/重工,民营,少于50人,不限,未标明,带薪年假|节日福利|专业培训|绩效奖金|年终奖金|五险一金|销售|市场营销|机械|维护客户关系|报价|发展新客户|销售计划|自动化|反馈客户信息|市场信息收集,16,销售工程师 带薪年假 节日福利 专业培训 绩效奖金 年终奖金 五险一金 销售 市场营销 机械 维护客户关系 报价 发展新客户 销售计划 自动化 反馈客户信息 市场信息收集 机械 设备 重工 民营 少于50人 销售工程师 10 20万 年 上海 嘉定区 带薪年假 节日福利 专业培训 绩效奖金 年终奖金 五险一金 销售 市场营销 机械 维护客户关系 报价 发展新客户 销售计划 自动化 反馈客户信息 市场信息收集 上海本希机电科技有限公司 机械 设备 重工民营少于50人 去聊聊 投递,,销售 工程师 节日 专业培训 绩效奖金 年终奖金 一金 销售 市场营销 机械 维护 客户关系 报价 发展 客户 销售 计划 自动化 反馈 客户 信息 市场 信息 收集 机械 设备 重工 民营 少于 销售 工程师 上海 嘉定区 节日 专业培训 绩效奖金 年终奖金 一金 销售 市场营销 机械 维护 客户关系 报价 发展 客户 销售 计划 自动化 反馈 客户 信息 市场 信息 收集 上海 本希 机电 科技 有限公司 机械 设备 重工 民营 少于 聊聊 投递
626,销售工程师,8千-1.2万,8000.0,12000.0,10000.0,False,上海,浦东新区,上海史必诺物流设备有限公司,机械/设备/重工,民营,150-500人,不限,未标明,周末双休|带薪年假|五险一金|节日福利|专业培训|高温补贴|定期体检|做五休二|提成|物流设备|货架|销售,12,销售工程师 周末双休 带薪年假 五险一金 节日福利 专业培训 高温补贴 定期体检 做五休二 提成 物流设备 货架 销售 机械 设备 重工 民营 150 500人 销售工程师 8千 1.2万 上海 浦东新区 35分钟前查看简历 周末双休 带薪年假 五险一金 节日福利 专业培训 高温补贴 定期体检 做五休二 提成 物流设备 货架 销售 上海史必诺物流设备有限公司 机械 设备 重工民营150 500人 去聊聊 投递,,销售 工程师 周末 双休 一金 节日 专业培训 高温 补贴 定期 体检 做五休 提成 物流 设备 货架 销售 机械 设备 重工 民营 销售 工程师 上海 浦东新区 分钟 查看 简历 周末 双休 一金 节日 专业培训 高温 补贴 定期 体检 做五休 提成 物流 设备 货架 销售 上海 史必诺 物流 设备 有限公司 机械 设备 重工 民营 聊聊 投递
627,销售工程师,8千-1.5万,8000.0,15000.0,11500.0,False,上海,嘉定区,上海扬诺锅炉制造有限公司,机械/设备/重工,民营,50-150人,不限,未标明,年终奖金|专业培训|员工旅游|绩效奖金|销售|寻找新客户|开单|陌拜|业务推广|意向客户登记|客户维护|锅炉销售|设备销售|家具销售,14,销售工程师 年终奖金 专业培训 员工旅游 绩效奖金 销售 寻找新客户 开单 陌拜 业务推广 意向客户登记 客户维护 锅炉销售 设备销售 家具销售 机械 设备 重工 民营 50 150人 销售工程师 8千 1.5万 上海 嘉定区 今日回复10+次 年终奖金 专业培训 员工旅游 绩效奖金 销售 寻找新客户 开单 陌拜 业务推广 意向客户登记 客户维护 锅炉销售 设备销售 家具销售 上海扬诺锅炉制造有限公司 机械 设备 重工民营50 150人 去聊聊 投递,,销售 工程师 年终奖金 专业培训 员工 旅游 绩效奖金 销售 寻找 客户 开单 陌拜 业务 推广 意向 客户 登记 客户 维护 锅炉 销售 设备 销售 家具 销售 机械 设备 重工 民营 销售 工程师 上海 嘉定区 今日 回复 + 年终奖金 专业培训 员工 旅游 绩效奖金 销售 寻找 客户 开单 陌拜 业务 推广 意向 客户 登记 客户 维护 锅炉 销售 设备 销售 家具 销售 上海 扬诺 锅炉 制造 有限公司 机械 设备 重工 民营 聊聊 投递
628,客户专员（技术向）-有外勤和出差,6-8千,6000.0,8000.0,7000.0,False,上海,普陀区,立全国际贸易（上海）有限公司,贸易/进出口丨仪器仪表/工业自动化,未标明,少于50人,不限,未标明,自动化|客户维护|客户关系维护|技术服务|客户定期回访|客户现场|客户需求跟踪|车补|五险一金|缴纳五险|加班费|全勤奖励|饭补,13,客户专员 技术向 有外勤和出差 自动化 客户维护 客户关系维护 技术服务 客户定期回访 客户现场 客户需求跟踪 车补 五险一金 缴纳五险 加班费 全勤奖励 饭补 贸易 进出口丨仪器仪表 工业自动化 外资 非欧美 少于50人 客户专员 技术向 有外勤和出差 6 8千 上海 普陀区 本周查看简历1次 自动化 客户维护 客户关系维护 技术服务 客户定期回访 客户现场 客户需求跟踪 车补 五险一金 缴纳五险 加班费 全勤奖励 饭补 立全国际贸易 上海 有限公司 贸易 进出口丨仪器仪表 工业自动化外资 非欧美 少于50人 去聊聊 投递,,客户 专员 技术 外勤 出差 自动化 客户 维护 客户关系 维护 技术 服务 客户 定期 回访 客户 现场 客户 需求 跟踪 车补 一金 加班费 全勤 奖励 饭补 贸易 进出口 仪器仪表 工业 自动化 外资 欧美 少于 客户 专员 技术 外勤 出差 上海 普陀区 本周 查看 简历 自动化 客户 维护 客户关系 维护 技术 服务 客户 定期 回访 客户 现场 客户 需求 跟踪 车补 一金 加班费 全勤 奖励 饭补 立全 国际贸易 上海 有限公司 贸易 进出口 仪器仪表 工业 自动化 外资 欧美 少于 聊聊 投递
629,销售工程师,8千-1.2万,8000.0,12000.0,10000.0,False,上海,闵行区,上海霍桐实验仪器有限公司,仪器仪表/工业自动化,民营,50-150人,不限,未标明,五险一金|餐饮补贴|年终奖金|专业培训,4,销售工程师 五险一金 餐饮补贴 年终奖金 专业培训 仪器仪表 工业自动化 民营 50 150人 销售工程师 8千 1.2万 上海 闵行区 本周处理简历1次 五险一金 餐饮补贴 年终奖金 专业培训 上海霍桐实验仪器有限公司 仪器仪表 工业自动化民营50 150人 去聊聊 投递,,销售 工程师 一金 餐饮 补贴 年终奖金 专业培训 仪器仪表 工业 自动化 民营 销售 工程师 上海 闵行区 本周 处理 简历 一金 餐饮 补贴 年终奖金 专业培训 上海 霍桐 实验 仪器 有限公司 仪器仪表 工业 自动化 民营 聊聊 投递
630,技术销售工程师,9千-1.3万·13薪,9000.0,13000.0,11000.0,False,上海,闵行区,上海翊众流体技术有限公司,石油/化工/矿产/地质,民营,少于50人,不限,未标明,带薪年假|五险一金|内部培训|定期团建|员工旅游|意外险|定期体检|公平晋升|8小时|提成|节日礼品|培训|公司福利|底薪|年度奖金|销售|机械|推广|机械设计|维护客户关系|机械制造|市场开发|液压|气动|现场测量,25,技术销售工程师 带薪年假 五险一金 内部培训 定期团建 员工旅游 意外险 定期体检 公平晋升 8小时 提成 节日礼品 培训 公司福利 底薪 年度奖金 销售 机械 推广 机械设计 维护客户关系 机械制造 市场开发 液压 气动 现场测量 石油 化工 矿产 地质 民营 少于50人 技术销售工程师 9千 1.3万 13薪 上海 闵行区 带薪年假 五险一金 内部培训 定期团建 员工旅游 意外险 定期体检 公平晋升 8小时 提成 节日礼品 培训 公司福利 底薪 年度奖金 销售 机械 推广 机械设计 维护客户关系 机械制造 市场开发 液压 气动 现场测量 上海翊众流体技术有限公司 石油 化工 矿产 地质民营少于50人 去聊聊 投递,,技术 销售 工程师 一金 内部 培训 定期 团建 员工 旅游 意外险 定期 体检 公平 晋升 小时 提成 节日 礼品 培训 底薪 年度 奖金 销售 机械 推广 机械设计 维护 客户关系 机械制造 市场 开发 液压 气动 现场 测量 石油 化工 矿产 地质 民营 少于 技术 销售 工程师 上海 闵行区 一金 内部 培训 定期 团建 员工 旅游 意外险 定期 体检 公平 晋升 小时 提成 节日 礼品 培训 底薪 年度 奖金 销售 机械 推广 机械设计 维护 客户关系 机械制造 市场 开发 液压 气动 现场 测量 上海 流体 技术 有限公司 石油 化工 矿产 地质 民营 少于 聊聊 投递
631,销售专员（机械类）,7.5千-1.2万,7500.0,12000.0,9750.0,False,上海,嘉定区,奎特（上海）机电科技有限公司,机械/设备/重工丨仪器仪表/工业自动化,民营,少于50人,不限,未标明,销售|机械|图纸|市场分析|发展新客户|市场信息收集|销售及推广|开拓新市场|竞争对手分析|砂磨机,10,销售专员 机械类 销售 机械 图纸 市场分析 发展新客户 市场信息收集 销售及推广 开拓新市场 竞争对手分析 砂磨机 机械 设备 重工丨仪器仪表 工业自动化 民营 少于50人 销售专员 机械类 7.5千 1.2万 上海 嘉定区 在线 5分钟前回复 销售 机械 图纸 市场分析 发展新客户 市场信息收集 销售及推广 开拓新市场 竞争对手分析 砂磨机 奎特 上海 机电科技有限公司 机械 设备 重工丨仪器仪表 工业自动化民营少于50人 去聊聊 投递,,销售 专员 机械类 销售 机械 图纸 市场 分析 发展 客户 市场 信息 收集 销售 推广 开拓 市场 竞争对手 分析 砂磨机 机械 设备 重工 仪器仪表 工业 自动化 民营 少于 销售 专员 机械类 上海 嘉定区 在线 分钟 回复 销售 机械 图纸 市场 分析 发展 客户 市场 信息 收集 销售 推广 开拓 市场 竞争对手 分析 砂磨机 奎特 上海 机电 科技 有限公司 机械 设备 重工 仪器仪表 工业 自动化 民营 少于 聊聊 投递
632,销售工程师  工业管接件,9千-1.3万·13薪,9000.0,13000.0,11000.0,False,上海,闵行区,上海翊众流体技术有限公司,石油/化工/矿产/地质,民营,少于50人,不限,未标明,五险一金|年终奖金|专业培训|定期体检|通讯补贴|带薪年假|节日福利|做五休二|五险|团意险,10,销售工程师 工业管接件 五险一金 年终奖金 专业培训 定期体检 通讯补贴 带薪年假 节日福利 做五休二 五险 团意险 石油 化工 矿产 地质 民营 少于50人 销售工程师 工业管接件 9千 1.3万 13薪 上海 闵行区 五险一金 年终奖金 专业培训 定期体检 通讯补贴 带薪年假 节日福利 做五休二 五险 团意险 上海翊众流体技术有限公司 石油 化工 矿产 地质民营少于50人 去聊聊 投递,,销售 工程师 工业 管接件 一金 年终奖金 专业培训 定期 体检 通讯 补贴 节日 做五休 团意险 石油 化工 矿产 地质 民营 少于 销售 工程师 工业 管接件 上海 闵行区 一金 年终奖金 专业培训 定期 体检 通讯 补贴 节日 做五休 团意险 上海 流体 技术 有限公司 石油 化工 矿产 地质 民营 少于 聊聊 投递
633,销售工程师,6千-1.2万,6000.0,12000.0,9000.0,False,上海,,优华金属材料（上海）有限公司,机械/设备/重工,未标明,少于50人,不限,未标明,五险一金|员工旅游|餐饮补贴|绩效奖金|年终奖金|生日津贴|销售|发展新客户|开拓新市场|客户关系|产品销售,11,销售工程师 五险一金 员工旅游 餐饮补贴 绩效奖金 年终奖金 生日津贴 销售 发展新客户 开拓新市场 客户关系 产品销售 机械 设备 重工 外资 非欧美 少于50人 销售工程师 6千 1.2万 上海 30分钟前回复 五险一金 员工旅游 餐饮补贴 绩效奖金 年终奖金 生日津贴 销售 发展新客户 开拓新市场 客户关系 产品销售 优华金属材料 上海 有限公司 机械 设备 重工外资 非欧美 少于50人 去聊聊 投递,,销售 工程师 一金 员工 旅游 餐饮 补贴 绩效奖金 年终奖金 生日 津贴 销售 发展 客户 开拓 市场 客户关系 产品销售 机械 设备 重工 外资 欧美 少于 销售 工程师 上海 分钟 回复 一金 员工 旅游 餐饮 补贴 绩效奖金 年终奖金 生日 津贴 销售 发展 客户 开拓 市场 客户关系 产品销售 优华 金属材料 上海 有限公司 机械 设备 重工 外资 欧美 少于 聊聊 投递
634,销售工程师,10-15万/年,10000.0,150000.0,80000.0,False,上海,闵行区,上海尚毅测控技术有限公司,仪器仪表/工业自动化,民营,少于50人,不限,未标明,五险一金|年终奖金|绩效奖金|专业培训|定期体检|员工旅游|餐饮补贴|通讯补贴|交通补贴|带薪年假|节日福利|补充医疗保险|周末双休|做五休二|销售|数控机床|驾照|机械制造|车床|市场开拓|分析|数控加工中心|金属加工,23,销售工程师 五险一金 年终奖金 绩效奖金 专业培训 定期体检 员工旅游 餐饮补贴 通讯补贴 交通补贴 带薪年假 节日福利 补充医疗保险 周末双休 做五休二 销售 数控机床 驾照 机械制造 车床 市场开拓 分析 数控加工中心 金属加工 仪器仪表 工业自动化 民营 少于50人 销售工程师 10 15万 年 上海 闵行区 今日回复3次 五险一金 年终奖金 绩效奖金 专业培训 定期体检 员工旅游 餐饮补贴 通讯补贴 交通补贴 带薪年假 节日福利 补充医疗保险 周末双休 做五休二 销售 数控机床 驾照 机械制造 车床 市场开拓 分析 数控加工中心 金属加工 上海尚毅测控技术有限公司 仪器仪表 工业自动化民营少于50人 去聊聊 投递,,销售 工程师 一金 年终奖金 绩效奖金 专业培训 定期 体检 员工 旅游 餐饮 补贴 通讯 补贴 交通 补贴 节日 补充 医疗保险 周末 双休 做五休 销售 数控机床 驾照 机械制造 车床 市场 开拓 分析 数控 加工 中心 金属加工 仪器仪表 工业 自动化 民营 少于 销售 工程师 上海 闵行区 今日 回复 一金 年终奖金 绩效奖金 专业培训 定期 体检 员工 旅游 餐饮 补贴 通讯 补贴 交通 补贴 节日 补充 医疗保险 周末 双休 做五休 销售 数控机床 驾照 机械制造 车床 市场 开拓 分析 数控 加工 中心 金属加工 上海 尚毅 测控 技术 有限公司 仪器仪表 工业 自动化 民营 少于 聊聊 投递
635,销售工程师,5千-1万,5000.0,10000.0,7500.0,False,上海,嘉定区,上海北测在兴技术有限公司,检测/认证,民营,50-150人,不限,未标明,五险一金|餐饮补贴|专业培训|绩效奖金|年终奖金,5,销售工程师 五险一金 餐饮补贴 专业培训 绩效奖金 年终奖金 检测 认证 民营 50 150人 销售工程师 5千 1万 上海 嘉定区 本周处理简历8次 五险一金 餐饮补贴 专业培训 绩效奖金 年终奖金 上海北测在兴技术有限公司 检测 认证民营50 150人 去聊聊 投递,,销售 工程师 一金 餐饮 补贴 专业培训 绩效奖金 年终奖金 检测 认证 民营 销售 工程师 上海 嘉定区 本周 处理 简历 一金 餐饮 补贴 专业培训 绩效奖金 年终奖金 上海 北测 技术 有限公司 检测 认证 民营 聊聊 投递
636,化工操作工,4.2-8千·13薪,4200.0,8000.0,6100.0,False,上海,金山区,上海汉司实业有限公司,化工,民营,150-500人,不限,未标明,sop|安全生产|6s|生产记录|当班生产|精细化工|五险一金|年终奖金|专业培训|带薪年假|节日福利|全勤奖,12,化工操作工 sop 安全生产 6s 生产记录 当班生产 精细化工 五险一金 年终奖金 专业培训 带薪年假 节日福利 全勤奖 化工 民营 150 500人 化工操作工 4.2 8千 13薪 上海 金山区 sop 安全生产 6s 生产记录 当班生产 精细化工 五险一金 年终奖金 专业培训 带薪年假 节日福利 全勤奖 上海汉司实业有限公司 化工民营150 500人 去聊聊 投递,,化工 操作工 sop 安全 生产 6s 生产 记录 当班 生产 精细化工 一金 年终奖金 专业培训 节日 全勤奖 化工 民营 化工 操作工 上海 金山区 sop 安全 生产 6s 生产 记录 当班 生产 精细化工 一金 年终奖金 专业培训 节日 全勤奖 上海 汉司 实业 有限公司 化工 民营 聊聊 投递
637,聚烯烃操作工,8千-1万·14薪,8000.0,10000.0,9000.0,False,上海,金山区,朴烯晶新能源材料（上海）有限公司,石油/石化丨化工,民营,150-500人,不限,未标明,生产计划|化工|包装|生产|安全生产|生产工艺|安全培训|高分子材料|化工行业|应急演练|五险一金|绩效奖金|定期体检|定期团建|带薪年假|带薪病假,16,聚烯烃操作工 生产计划 化工 包装 生产 安全生产 生产工艺 安全培训 高分子材料 化工行业 应急演练 五险一金 绩效奖金 定期体检 定期团建 带薪年假 带薪病假 石油 石化丨化工 民营 150 500人 聚烯烃操作工 8千 1万 14薪 上海 金山区 生产计划 化工 包装 生产 安全生产 生产工艺 安全培训 高分子材料 化工行业 应急演练 五险一金 绩效奖金 定期体检 定期团建 带薪年假 带薪病假 朴烯晶新能源材料 上海 有限公司 石油 石化丨化工民营150 500人 去聊聊 投递,,聚烯烃 操作工 生产 计划 化工 包装 生产 安全 生产 生产工艺 安全 培训 高分子 材料 化工行业 应急 演练 一金 绩效奖金 定期 体检 定期 团建 病假 石油 石化 化工 民营 聚烯烃 操作工 上海 金山区 生产 计划 化工 包装 生产 安全 生产 生产工艺 安全 培训 高分子 材料 化工行业 应急 演练 一金 绩效奖金 定期 体检 定期 团建 病假 朴烯晶 新能源 材料 上海 有限公司 石油 石化 化工 民营 聊聊 投递
638,化工操作工,6-8千·13薪,6000.0,8000.0,7000.0,False,上海,奉贤区,上海华谊新材料有限公司,化工,国企,150-500人,不限,未标明,化工|DCS操作|内操|外操|五险一金|包吃|绩效奖金|节日福利|加班补贴|高温补贴|免费班车|带薪年假|补充公积金|补充医疗保险,14,化工操作工 化工 DCS操作 内操 外操 五险一金 包吃 绩效奖金 节日福利 加班补贴 高温补贴 免费班车 带薪年假 补充公积金 补充医疗保险 化工 国企 150 500人 化工操作工 6 8千 13薪 上海 奉贤区 今日回复6次 化工 DCS操作 内操 外操 五险一金 包吃 绩效奖金 节日福利 加班补贴 高温补贴 免费班车 带薪年假 补充公积金 补充医疗保险 上海华谊新材料有限公司 化工国企150 500人 去聊聊 投递,,化工 操作工 化工 DCS 操作 内操 外操 一金 包吃 绩效奖金 节日 加班 补贴 高温 补贴 免费 班车 补充 公积金 补充 医疗保险 化工 国企 化工 操作工 上海 奉贤区 今日 回复 化工 DCS 操作 内操 外操 一金 包吃 绩效奖金 节日 加班 补贴 高温 补贴 免费 班车 补充 公积金 补充 医疗保险 上海 华谊 材料 有限公司 化工 国企 聊聊 投递
639,化工操作工,6-7千·13薪,6000.0,7000.0,6500.0,False,上海,闵行区,顺路（上海）新材料有限公司,化工,合资,50-150人,不限,未标明,化工操作工、|生产专员|带薪年假|五险一金|节日福利|补充公积金,6,化工操作工 化工操作工 生产专员 带薪年假 五险一金 节日福利 补充公积金 化工 合资 50 150人 化工操作工 6 7千 13薪 上海 闵行区 今日回复10+次 化工操作工 生产专员 带薪年假 五险一金 节日福利 补充公积金 顺路 上海 新材料有限公司 化工合资50 150人 去聊聊 投递,,化工 操作工 化工 操作工 生产 专员 一金 节日 补充 公积金 化工 合资 化工 操作工 上海 闵行区 今日 回复 + 化工 操作工 生产 专员 一金 节日 补充 公积金 顺路 上海 材料 有限公司 化工 合资 聊聊 投递
640,化工操作工,6-8千·13薪,6000.0,8000.0,7000.0,False,上海,金山区,科凯精细化工（上海）有限公司,化工,未标明,50-150人,不限,未标明,化工|安全操作|化工操作|车间生产|五险一金|补充公积金|补充医疗保险|带薪年假|交通补贴|节日福利|高温补贴|定期体检|十三薪|全薪病假,14,化工操作工 化工 安全操作 化工操作 车间生产 五险一金 补充公积金 补充医疗保险 带薪年假 交通补贴 节日福利 高温补贴 定期体检 十三薪 全薪病假 化工 外资 欧美 50 150人 化工操作工 6 8千 13薪 上海 金山区 化工 安全操作 化工操作 车间生产 五险一金 补充公积金 补充医疗保险 带薪年假 交通补贴 节日福利 高温补贴 定期体检 十三薪 全薪病假 科凯精细化工 上海 有限公司 化工外资 欧美 50 150人 去聊聊 投递,,化工 操作工 化工 安全 操作 化工 操作 车间 生产 一金 补充 公积金 补充 医疗保险 交通 补贴 节日 高温 补贴 定期 体检 十三 全薪 病假 化工 外资 欧美 化工 操作工 上海 金山区 化工 安全 操作 化工 操作 车间 生产 一金 补充 公积金 补充 医疗保险 交通 补贴 节日 高温 补贴 定期 体检 十三 全薪 病假 科凯 精细化工 上海 有限公司 化工 外资 欧美 聊聊 投递
641,化工操作工,6-8千·13薪,6000.0,8000.0,7000.0,False,上海,,上海帝润油脂化工有限公司,化工,民营,少于50人,不限,未标明,四班两倒|车间生产|取样|送样|6s|包吃|五险一金|加班补贴|高温补贴|节日福利,10,化工操作工 四班两倒 车间生产 取样 送样 6s 包吃 五险一金 加班补贴 高温补贴 节日福利 化工 民营 少于50人 化工操作工 6 8千 13薪 上海 今日回复10+次 四班两倒 车间生产 取样 送样 6s 包吃 五险一金 加班补贴 高温补贴 节日福利 上海帝润油脂化工有限公司 化工民营少于50人 去聊聊 投递,,化工 操作工 四班 两倒 车间 生产 取样 送样 6s 包吃 一金 加班 补贴 高温 补贴 节日 化工 民营 少于 化工 操作工 上海 今日 回复 + 四班 两倒 车间 生产 取样 送样 6s 包吃 一金 加班 补贴 高温 补贴 节日 上海 帝润 油脂 化工 有限公司 化工 民营 少于 聊聊 投递
642,化工操作,5-6.5千,5000.0,6500.0,5750.0,False,上海,金山区,东邦化学（上海）有限公司,化工,未标明,50-150人,不限,未标明,化工|内操|外操|化工生产|化工操作|五险一金|员工旅游|交通补贴|年终奖金|定期体检,10,化工操作 化工 内操 外操 化工生产 化工操作 五险一金 员工旅游 交通补贴 年终奖金 定期体检 化工 外资 非欧美 50 150人 化工操作 5 6.5千 上海 金山区 化工 内操 外操 化工生产 化工操作 五险一金 员工旅游 交通补贴 年终奖金 定期体检 东邦化学 上海 有限公司 化工外资 非欧美 50 150人 去聊聊 投递,,化工 操作 化工 内操 外操 化工 生产 化工 操作 一金 员工 旅游 交通 补贴 年终奖金 定期 体检 化工 外资 欧美 化工 操作 上海 金山区 化工 内操 外操 化工 生产 化工 操作 一金 员工 旅游 交通 补贴 年终奖金 定期 体检 东邦 化学 上海 有限公司 化工 外资 欧美 聊聊 投递
643,化工操作工,6-8千,6000.0,8000.0,7000.0,False,上海,奉贤区,上海沪正实业有限公司,原材料和加工丨化工,民营,50-150人,不限,未标明,研发|生产|生产工艺|涂料|开发新产品|化学助剂|粉体|行业|色母粒|五险一金|绩效奖金|专业培训|晋升体系|带薪年假,14,化工操作工 研发 生产 生产工艺 涂料 开发新产品 化学助剂 粉体 行业 色母粒 五险一金 绩效奖金 专业培训 晋升体系 带薪年假 原材料和加工丨化工 民营 50 150人 化工操作工 6 8千 上海 奉贤区 研发 生产 生产工艺 涂料 开发新产品 化学助剂 粉体 行业 色母粒 五险一金 绩效奖金 专业培训 晋升体系 带薪年假 上海沪正实业有限公司 原材料和加工丨化工民营50 150人 去聊聊 投递,,化工 操作工 研发 生产 生产工艺 涂料 开发新 产品 化学 助剂 粉体 行业 色母粒 一金 绩效奖金 专业培训 晋升 体系 原材料 加工 化工 民营 化工 操作工 上海 奉贤区 研发 生产 生产工艺 涂料 开发新 产品 化学 助剂 粉体 行业 色母粒 一金 绩效奖金 专业培训 晋升 体系 上海 实业 有限公司 原材料 加工 化工 民营 聊聊 投递
644,生产操作工,6-8千,6000.0,8000.0,7000.0,False,上海,金山区,上海赛科石油化工有限责任公司,化工丨石油/石化,合资,1000-5000人,不限,未标明,五险一金|补充医疗保险|补充公积金|免费班车|餐饮补贴|绩效奖金|定期体检|年终奖金,8,生产操作工 五险一金 补充医疗保险 补充公积金 免费班车 餐饮补贴 绩效奖金 定期体检 年终奖金 化工丨石油 石化 合资 1000 5000人 生产操作工 6 8千 上海 金山区 五险一金 补充医疗保险 补充公积金 免费班车 餐饮补贴 绩效奖金 定期体检 年终奖金 上海赛科石油化工有限责任公司 化工丨石油 石化合资1000 5000人 去聊聊 投递,,生产 操作工 一金 补充 医疗保险 补充 公积金 免费 班车 餐饮 补贴 绩效奖金 定期 体检 年终奖金 化工 石油 石化 合资 生产 操作工 上海 金山区 一金 补充 医疗保险 补充 公积金 免费 班车 餐饮 补贴 绩效奖金 定期 体检 年终奖金 上海 赛科 石油化工 有限责任 化工 石油 石化 合资 聊聊 投递
645,生产操作工,6.5-8千·14薪,6500.0,8000.0,7250.0,False,上海,奉贤区,彤程化学（中国）有限公司,石油/石化丨化工,未标明,150-500人,不限,未标明,聚酯|技术员|生产|外操|五险一金|定期体检|补充医疗保险|交通补贴|餐饮补贴|通讯补贴|年终奖金|高温补贴|免费班车|节日福利,14,生产操作工 聚酯 技术员 生产 外操 五险一金 定期体检 补充医疗保险 交通补贴 餐饮补贴 通讯补贴 年终奖金 高温补贴 免费班车 节日福利 石油 石化丨化工 已上市 150 500人 生产操作工 6.5 8千 14薪 上海 奉贤区 聚酯 技术员 生产 外操 五险一金 定期体检 补充医疗保险 交通补贴 餐饮补贴 通讯补贴 年终奖金 高温补贴 免费班车 节日福利 彤程化学 中国 有限公司 石油 石化丨化工已上市150 500人 去聊聊 投递,,生产 操作工 聚酯 技术员 生产 外操 一金 定期 体检 补充 医疗保险 交通 补贴 餐饮 补贴 通讯 补贴 年终奖金 高温 补贴 免费 班车 节日 石油 石化 化工 上市 生产 操作工 上海 奉贤区 聚酯 技术员 生产 外操 一金 定期 体检 补充 医疗保险 交通 补贴 餐饮 补贴 通讯 补贴 年终奖金 高温 补贴 免费 班车 节日 彤程 化学 中国 有限公司 石油 石化 化工 上市 聊聊 投递
646,操作工（大宗气）,6千-1万,6000.0,10000.0,8000.0,False,上海,浦东新区,上海启元气体发展有限公司,机械/设备/重工,合资,50-150人,不限,未标明,sop|化工|生产安排|现场巡检|工艺操作|人员安全|工况调整|制氮机|DCS|五险一金|带薪年假|节日福利|高温补贴|年终奖金|员工旅游|餐饮补贴|交通补贴|专业培训|绩效奖金|定期体检,20,操作工 大宗气 sop 化工 生产安排 现场巡检 工艺操作 人员安全 工况调整 制氮机 DCS 五险一金 带薪年假 节日福利 高温补贴 年终奖金 员工旅游 餐饮补贴 交通补贴 专业培训 绩效奖金 定期体检 机械 设备 重工 合资 50 150人 操作工 大宗气 6千 1万 上海 浦东新区 本周查看简历11次 sop 化工 生产安排 现场巡检 工艺操作 人员安全 工况调整 制氮机 DCS 五险一金 带薪年假 节日福利 高温补贴 年终奖金 员工旅游 餐饮补贴 交通补贴 专业培训 绩效奖金 定期体检 上海启元气体发展有限公司 机械 设备 重工合资50 150人 去聊聊 投递,,操作工 大宗 sop 化工 生产 安排 现场 巡检 工艺 操作 人员 安全 工况 调整 制氮机 DCS 一金 节日 高温 补贴 年终奖金 员工 旅游 餐饮 补贴 交通 补贴 专业培训 绩效奖金 定期 体检 机械 设备 重工 合资 操作工 大宗 上海 浦东新区 本周 查看 简历 sop 化工 生产 安排 现场 巡检 工艺 操作 人员 安全 工况 调整 制氮机 DCS 一金 节日 高温 补贴 年终奖金 员工 旅游 餐饮 补贴 交通 补贴 专业培训 绩效奖金 定期 体检 上海 启元 气体 发展 有限公司 机械 设备 重工 合资 聊聊 投递
647,化工生产操作工,4-6千,4000.0,6000.0,5000.0,False,上海,金山区,上海邦高化学有限公司,化工,民营,50-150人,不限,未标明,化工,1,化工生产操作工 化工 化工 民营 50 150人 化工生产操作工 4 6千 上海 金山区 本周查看简历5次 化工 上海邦高化学有限公司 化工民营50 150人 去聊聊 投递,,化工 生产 操作工 化工 化工 民营 化工 生产 操作工 上海 金山区 本周 查看 简历 化工 上海 化学 有限公司 化工 民营 聊聊 投递
648,化工操作工,7-8千,7000.0,8000.0,7500.0,False,上海,金山区,上海乘鹰新材料有限公司,石油/化工/矿产/地质,民营,150-500人,不限,未标明,五险一金|年终奖金|定期体检|带薪年假|节日福利|高温补贴|包吃,7,化工操作工 五险一金 年终奖金 定期体检 带薪年假 节日福利 高温补贴 包吃 石油 化工 矿产 地质 民营 150 500人 化工操作工 7 8千 上海 金山区 本周查看简历1次 五险一金 年终奖金 定期体检 带薪年假 节日福利 高温补贴 包吃 上海乘鹰新材料有限公司 石油 化工 矿产 地质民营150 500人 去聊聊 投递,,化工 操作工 一金 年终奖金 定期 体检 节日 高温 补贴 包吃 石油 化工 矿产 地质 民营 化工 操作工 上海 金山区 本周 查看 简历 一金 年终奖金 定期 体检 节日 高温 补贴 包吃 上海 乘鹰 材料 有限公司 石油 化工 矿产 地质 民营 聊聊 投递
649,化工操作工,8千-1万,8000.0,10000.0,9000.0,False,上海,金山区,中轻日化科技有限公司,原材料和加工,国企,50-150人,不限,未标明,五险一金|补充公积金|专业培训|绩效奖金|年终奖金|定期体检|节日福利|企业年金,8,化工操作工 五险一金 补充公积金 专业培训 绩效奖金 年终奖金 定期体检 节日福利 企业年金 原材料和加工 国企 50 150人 化工操作工 8千 1万 上海 金山区 本周查看简历1次 五险一金 补充公积金 专业培训 绩效奖金 年终奖金 定期体检 节日福利 企业年金 中轻日化科技有限公司 原材料和加工国企50 150人 去聊聊 投递,,化工 操作工 一金 补充 公积金 专业培训 绩效奖金 年终奖金 定期 体检 节日 企业 原材料 加工 国企 化工 操作工 上海 金山区 本周 查看 简历 一金 补充 公积金 专业培训 绩效奖金 年终奖金 定期 体检 节日 企业 中轻 日化 科技 有限公司 原材料 加工 国企 聊聊 投递
650,化工操作工,6-8千,6000.0,8000.0,7000.0,False,上海,金山区,上海炼升化工股份有限公司,化工,民营,50-150人,不限,未标明,五险一金|带薪年假|绩效奖金|定期体检|免费工作餐|出差补贴|专业培训,7,化工操作工 五险一金 带薪年假 绩效奖金 定期体检 免费工作餐 出差补贴 专业培训 化工 民营 50 150人 化工操作工 6 8千 上海 金山区 五险一金 带薪年假 绩效奖金 定期体检 免费工作餐 出差补贴 专业培训 上海炼升化工股份有限公司 化工民营50 150人 去聊聊 投递,,化工 操作工 一金 绩效奖金 定期 体检 免费 工作餐 出差 补贴 专业培训 化工 民营 化工 操作工 上海 金山区 一金 绩效奖金 定期 体检 免费 工作餐 出差 补贴 专业培训 上海 炼升 化工 股份 有限公司 化工 民营 聊聊 投递
651,化工操作工-外操,9千-1.4万,9000.0,14000.0,11500.0,False,上海,金山区,上海洁达尼龙材料有限公司,化工丨石油/石化,民营,50-150人,不限,未标明,设备维护|现场巡检|五险一金|年终奖金|专业培训|定期体检|留任奖金|节日礼金|生日礼金|结婚礼金|生育礼金|探亲津贴|租房补贴|通勤班车|工作餐,15,化工操作工 外操 设备维护 现场巡检 五险一金 年终奖金 专业培训 定期体检 留任奖金 节日礼金 生日礼金 结婚礼金 生育礼金 探亲津贴 租房补贴 通勤班车 工作餐 化工丨石油 石化 民营 50 150人 化工操作工 外操 9千 1.4万 上海 金山区 48分钟前回复 设备维护 现场巡检 五险一金 年终奖金 专业培训 定期体检 留任奖金 节日礼金 生日礼金 结婚礼金 生育礼金 探亲津贴 租房补贴 通勤班车 工作餐 上海洁达尼龙材料有限公司 化工丨石油 石化民营50 150人 去聊聊 投递,,化工 操作工 外操 设备 维护 现场 巡检 一金 年终奖金 专业培训 定期 体检 留任 奖金 节日 礼金 生日 礼金 结婚 礼金 生育 礼金 探亲 津贴 租房 补贴 通勤 班车 工作餐 化工 石油 石化 民营 化工 操作工 外操 上海 金山区 分钟 回复 设备 维护 现场 巡检 一金 年终奖金 专业培训 定期 体检 留任 奖金 节日 礼金 生日 礼金 结婚 礼金 生育 礼金 探亲 津贴 租房 补贴 通勤 班车 工作餐 上海 洁达 尼龙 材料 有限公司 化工 石油 石化 民营 聊聊 投递
652,操作工,7-9千,7000.0,9000.0,8000.0,False,上海,奉贤区,上海保立佳化工股份有限公司,化工,未标明,500-1000人,不限,未标明,机械|化工|包装|电工证|化工行业|应急演练|工艺参数控制|物料流转|运行数据|产品取样|五险一金|餐饮补贴,12,操作工 机械 化工 包装 电工证 化工行业 应急演练 工艺参数控制 物料流转 运行数据 产品取样 五险一金 餐饮补贴 化工 已上市 500 1000人 操作工 7 9千 上海 奉贤区 今日回复10+次 机械 化工 包装 电工证 化工行业 应急演练 工艺参数控制 物料流转 运行数据 产品取样 五险一金 餐饮补贴 上海保立佳化工股份有限公司 化工已上市500 1000人 去聊聊 投递,,操作工 机械 化工 包装 电工证 化工行业 应急 演练 工艺 参数 控制 物料 流转 运行 数据 产品 取样 一金 餐饮 补贴 化工 上市 操作工 上海 奉贤区 今日 回复 + 机械 化工 包装 电工证 化工行业 应急 演练 工艺 参数 控制 物料 流转 运行 数据 产品 取样 一金 餐饮 补贴 上海 保立佳 化工 股份 有限公司 化工 上市 聊聊 投递
653,化学操作工,7-9千,7000.0,9000.0,8000.0,False,上海,奉贤区,上海沪正实业有限公司,原材料和加工丨化工,民营,50-150人,不限,未标明,研发|生产|生产工艺|涂料|开发新产品|化学助剂|粉体|行业|色母粒,9,化学操作工 研发 生产 生产工艺 涂料 开发新产品 化学助剂 粉体 行业 色母粒 原材料和加工丨化工 民营 50 150人 化学操作工 7 9千 上海 奉贤区 研发 生产 生产工艺 涂料 开发新产品 化学助剂 粉体 行业 色母粒 上海沪正实业有限公司 原材料和加工丨化工民营50 150人 去聊聊 投递,,化学 操作工 研发 生产 生产工艺 涂料 开发新 产品 化学 助剂 粉体 行业 色母粒 原材料 加工 化工 民营 化学 操作工 上海 奉贤区 研发 生产 生产工艺 涂料 开发新 产品 化学 助剂 粉体 行业 色母粒 上海 实业 有限公司 原材料 加工 化工 民营 聊聊 投递
654,DCS操作工,6千-1万,6000.0,10000.0,8000.0,False,上海,金山区,上海东睿新材料股份有限公司,化工丨制药/生物工程,民营,50-150人,不限,未标明,五险一金|年终奖金|专业培训|定期体检|绩效奖金|加班费|包三餐,7,DCS操作工 五险一金 年终奖金 专业培训 定期体检 绩效奖金 加班费 包三餐 化工丨制药 生物工程 民营 50 150人 DCS操作工 6千 1万 上海 金山区 24分钟前回复 五险一金 年终奖金 专业培训 定期体检 绩效奖金 加班费 包三餐 上海东睿新材料股份有限公司 化工丨制药 生物工程民营50 150人 去聊聊 投递,,DCS 操作工 一金 年终奖金 专业培训 定期 体检 绩效奖金 加班费 三餐 化工 制药 生物工程 民营 DCS 操作工 上海 金山区 分钟 回复 一金 年终奖金 专业培训 定期 体检 绩效奖金 加班费 三餐 上海 东睿 材料 股份 有限公司 化工 制药 生物工程 民营 聊聊 投递
655,化工工艺操作员,8千-1.2万,8000.0,12000.0,10000.0,False,上海,嘉定区,上海国钥匠造科技有限公司,制药/生物工程,民营,50-150人,不限,未标明,化工|生产|ehs|高分子|工艺流程图|置换|分离|现场巡检|dcs系统|取样送检|劳保用品|五险一金|带薪年假|带薪病假|年终奖金|专业培训,16,化工工艺操作员 化工 生产 ehs 高分子 工艺流程图 置换 分离 现场巡检 dcs系统 取样送检 劳保用品 五险一金 带薪年假 带薪病假 年终奖金 专业培训 制药 生物工程 民营 50 150人 化工工艺操作员 8千 1.2万 上海 嘉定区 化工 生产 ehs 高分子 工艺流程图 置换 分离 现场巡检 dcs系统 取样送检 劳保用品 五险一金 带薪年假 带薪病假 年终奖金 专业培训 上海国钥匠造科技有限公司 制药 生物工程民营50 150人 去聊聊 投递,,化工 工艺 操作员 化工 生产 ehs 高分子 工艺流程 置换 分离 现场 巡检 dcs 系统 取样 送检 劳保用品 一金 病假 年终奖金 专业培训 制药 生物工程 民营 化工 工艺 操作员 上海 嘉定区 化工 生产 ehs 高分子 工艺流程 置换 分离 现场 巡检 dcs 系统 取样 送检 劳保用品 一金 病假 年终奖金 专业培训 上海 国钥 匠造 科技 有限公司 制药 生物工程 民营 聊聊 投递
656,操作工（精细化工）,6-9千,6000.0,9000.0,7500.0,False,上海,浦东新区,安集微电子科技（上海）股份有限公司,化工,未标明,500-1000人,不限,未标明,五险一金|补充医疗保险|员工旅游|专业培训|餐饮补贴|绩效奖金|年终奖金|定期体检|弹性工作|通讯补贴|带薪年假|带薪病假|股票期权|项目奖金|有餐补,15,操作工 精细化工 五险一金 补充医疗保险 员工旅游 专业培训 餐饮补贴 绩效奖金 年终奖金 定期体检 弹性工作 通讯补贴 带薪年假 带薪病假 股票期权 项目奖金 有餐补 化工 外资 欧美 500 1000人 操作工 精细化工 6 9千 上海 浦东新区 在线 12分钟前处理简历 五险一金 补充医疗保险 员工旅游 专业培训 餐饮补贴 绩效奖金 年终奖金 定期体检 弹性工作 通讯补贴 带薪年假 带薪病假 股票期权 项目奖金 有餐补 安集微电子科技 上海 股份有限公司 化工外资 欧美 500 1000人 去聊聊 投递,,操作工 精细化工 一金 补充 医疗保险 员工 旅游 专业培训 餐饮 补贴 绩效奖金 年终奖金 定期 体检 弹性 通讯 补贴 病假 股票 期权 项目 奖金 有餐 化工 外资 欧美 操作工 精细化工 上海 浦东新区 在线 分钟 处理 简历 一金 补充 医疗保险 员工 旅游 专业培训 餐饮 补贴 绩效奖金 年终奖金 定期 体检 弹性 通讯 补贴 病假 股票 期权 项目 奖金 有餐 安集 微电子 科技 上海 股份 有限公司 化工 外资 欧美 聊聊 投递
657,化工操作工,7-8千,7000.0,8000.0,7500.0,False,上海,嘉定区,上海天璐化工有限公司,批发/零售,民营,少于50人,不限,未标明,,0,化工操作工 批发 零售 民营 少于50人 化工操作工 7 8千 上海 嘉定区 今日回复10+次 上海天璐化工有限公司 批发 零售民营少于50人 去聊聊 投递,,化工 操作工 批发 零售 民营 少于 化工 操作工 上海 嘉定区 今日 回复 + 上海 天璐 化工 有限公司 批发 零售 民营 少于 聊聊 投递
658,化工操作工,7-9千,7000.0,9000.0,8000.0,False,上海,金山区,上海奥威日化有限公司,化工丨新能源,民营,50-150人,不限,未标明,四班两倒,1,化工操作工 四班两倒 化工丨新能源 民营 50 150人 化工操作工 7 9千 上海 金山区 在线 5分钟前回复 四班两倒 上海奥威日化有限公司 化工丨新能源民营50 150人 去聊聊 投递,,化工 操作工 四班 两倒 化工 新能源 民营 化工 操作工 上海 金山区 在线 分钟 回复 四班 两倒 上海 奥威 日化 有限公司 化工 新能源 民营 聊聊 投递
659,普工操作工,7-9千·14薪,7000.0,9000.0,8000.0,False,上海,松江区,上海新阳半导体材料股份有限公司,化工丨电子/半导体/集成电路,民营,500-1000人,不限,未标明,生产|安全|自动化设备|化工行业|化工工艺|生产操作|生产数据|检验分析|技术保密|考核|培训,11,普工操作工 生产 安全 自动化设备 化工行业 化工工艺 生产操作 生产数据 检验分析 技术保密 考核 培训 化工丨电子 半导体 集成电路 民营 500 1000人 普工操作工 7 9千 14薪 上海 松江区 生产 安全 自动化设备 化工行业 化工工艺 生产操作 生产数据 检验分析 技术保密 考核 培训 上海新阳半导体材料股份有限公司 化工丨电子 半导体 集成电路民营500 1000人 去聊聊 投递,,普工 操作工 生产 安全 自动化 设备 化工行业 化工 工艺 生产 操作 生产 数据 检验 分析 技术 保密 考核 培训 化工 电子 半导体 集成电路 民营 普工 操作工 上海 松江区 生产 安全 自动化 设备 化工行业 化工 工艺 生产 操作 生产 数据 检验 分析 技术 保密 考核 培训 上海 新阳 半导体 材料 股份 有限公司 化工 电子 半导体 集成电路 民营 聊聊 投递
660,DCS操作员,8千-1万·13薪,8000.0,10000.0,9000.0,False,上海,,上海帝润油脂化工有限公司,化工,民营,少于50人,不限,未标明,化工|dcs系统|化工厂|dcs|生产班组|四班两倒|五险一金,7,DCS操作员 化工 dcs系统 化工厂 dcs 生产班组 四班两倒 五险一金 化工 民营 少于50人 DCS操作员 8千 1万 13薪 上海 今日回复10+次 化工 dcs系统 化工厂 dcs 生产班组 四班两倒 五险一金 上海帝润油脂化工有限公司 化工民营少于50人 去聊聊 投递,,DCS 操作员 化工 dcs 系统 化工厂 dcs 生产 班组 四班 两倒 一金 化工 民营 少于 DCS 操作员 上海 今日 回复 + 化工 dcs 系统 化工厂 dcs 生产 班组 四班 两倒 一金 上海 帝润 油脂 化工 有限公司 化工 民营 少于 聊聊 投递
661,聚合工厂操作工-金山漕泾,,,,,False,上海,金山区,赢创特种化学（上海）有限公司,化工,未标明,10000人以上,不限,未标明,做二休二|危化证|免费班车|餐饮补贴|年终奖|倒班津贴,6,聚合工厂操作工 金山漕泾 做二休二 危化证 免费班车 餐饮补贴 年终奖 倒班津贴 化工 外资 欧美 10000人以上 聚合工厂操作工 金山漕泾 上海 金山区 今日回复10+次 做二休二 危化证 免费班车 餐饮补贴 年终奖 倒班津贴 赢创特种化学 上海 有限公司 化工外资 欧美 10000人以上 去聊聊 投递,,聚合 工厂 操作工 金山 漕泾 做二休 危化证 免费 班车 餐饮 补贴 年终奖 倒班 津贴 化工 外资 欧美 聚合 工厂 操作工 金山 漕泾 上海 金山区 今日 回复 + 做二休 危化证 免费 班车 餐饮 补贴 年终奖 倒班 津贴 赢创 特种 化学 上海 有限公司 化工 外资 欧美 聊聊 投递
662,化工操作工,6.2-7.2千,6200.0,7200.0,6700.0,False,上海,金山区,华界化学（上海）有限公司,化工,民营,未标明,不限,未标明,化工操作|生产车间|五险一金|年终奖金|专业培训|定期体检|绩效奖金|带薪年假|做五休二|工作餐|房补|周末双休|商业保险|全勤奖,14,化工操作工 化工操作 生产车间 五险一金 年终奖金 专业培训 定期体检 绩效奖金 带薪年假 做五休二 工作餐 房补 周末双休 商业保险 全勤奖 化工 民营 化工操作工 6.2 7.2千 上海 金山区 今日处理简历1次 化工操作 生产车间 五险一金 年终奖金 专业培训 定期体检 绩效奖金 带薪年假 做五休二 工作餐 房补 周末双休 商业保险 全勤奖 华界化学 上海 有限公司 化工民营 去聊聊 投递,,化工 操作工 化工 操作 生产 车间 一金 年终奖金 专业培训 定期 体检 绩效奖金 做五休 工作餐 房补 周末 双休 商业保险 全勤奖 化工 民营 化工 操作工 上海 金山区 今日 处理 简历 化工 操作 生产 车间 一金 年终奖金 专业培训 定期 体检 绩效奖金 做五休 工作餐 房补 周末 双休 商业保险 全勤奖 华界 化学 上海 有限公司 化工 民营 聊聊 投递
663,操作工,7-9千·14薪,7000.0,9000.0,8000.0,False,上海,金山区,液化空气（中国）投资有限公司,化工丨石油/石化丨新能源,未标明,1000-5000人,不限,未标明,氢气|四班两倒|气瓶充装|槽车充装|五险一金|年终奖金|专业培训|餐饮补贴|绩效奖金|弹性工作|定期体检|补充医疗保险,12,操作工 氢气 四班两倒 气瓶充装 槽车充装 五险一金 年终奖金 专业培训 餐饮补贴 绩效奖金 弹性工作 定期体检 补充医疗保险 化工丨石油 石化丨新能源 外资 欧美 1000 5000人 操作工 7 9千 14薪 上海 金山区 本周处理简历40次 氢气 四班两倒 气瓶充装 槽车充装 五险一金 年终奖金 专业培训 餐饮补贴 绩效奖金 弹性工作 定期体检 补充医疗保险 液化空气 中国 投资有限公司 化工丨石油 石化丨新能源外资 欧美 1000 5000人 去聊聊 投递,,操作工 氢气 四班 两倒 气瓶 充装 槽车 充装 一金 年终奖金 专业培训 餐饮 补贴 绩效奖金 弹性 定期 体检 补充 医疗保险 化工 石油 石化 新能源 外资 欧美 操作工 上海 金山区 本周 处理 简历 氢气 四班 两倒 气瓶 充装 槽车 充装 一金 年终奖金 专业培训 餐饮 补贴 绩效奖金 弹性 定期 体检 补充 医疗保险 液化 空气 中国 投资 有限公司 化工 石油 石化 新能源 外资 欧美 聊聊 投递
664,化工操作工,7-9千,7000.0,9000.0,8000.0,False,上海,金山区,立邦涂料（中国）有限公司,化工,未标明,500-1000人,不限,未标明,备料|投料|表单填写|合成|普工|车间操作工|长白班|五险一金|专业培训|定期体检|带薪年假|带薪病假|商业险|员工旅游,14,化工操作工 备料 投料 表单填写 合成 普工 车间操作工 长白班 五险一金 专业培训 定期体检 带薪年假 带薪病假 商业险 员工旅游 化工 外资 非欧美 500 1000人 化工操作工 7 9千 上海 金山区 备料 投料 表单填写 合成 普工 车间操作工 长白班 五险一金 专业培训 定期体检 带薪年假 带薪病假 商业险 员工旅游 立邦涂料 中国 有限公司 化工外资 非欧美 500 1000人 去聊聊 投递,,化工 操作工 备料 投料 表单 填写 合成 普工 车间 操作工 长白 一金 专业培训 定期 体检 病假 商业 员工 旅游 化工 外资 欧美 化工 操作工 上海 金山区 备料 投料 表单 填写 合成 普工 车间 操作工 长白 一金 专业培训 定期 体检 病假 商业 员工 旅游 立邦 涂料 中国 有限公司 化工 外资 欧美 聊聊 投递
665,化工操作工,6-8千·13薪,6000.0,8000.0,7000.0,False,上海,金山区,四川达威科技股份有限公司,化工,未标明,500-1000人,不限,未标明,现场管理|归档|数据统计|工艺流程|工艺改进|操作流程|工艺文档,7,化工操作工 现场管理 归档 数据统计 工艺流程 工艺改进 操作流程 工艺文档 化工 已上市 500 1000人 化工操作工 6 8千 13薪 上海 金山区 现场管理 归档 数据统计 工艺流程 工艺改进 操作流程 工艺文档 四川达威科技股份有限公司 化工已上市500 1000人 去聊聊 投递,,化工 操作工 现场 管理 归档 数据 统计 工艺流程 工艺 改进 操作 流程 工艺 文档 化工 上市 化工 操作工 上海 金山区 现场 管理 归档 数据 统计 工艺流程 工艺 改进 操作 流程 工艺 文档 四川 达威 科技股份 有限公司 化工 上市 聊聊 投递
666,储运操作岗,8.5-9.5千,8500.0,9500.0,9000.0,False,上海,浦东新区,中化东方上海石化储运有限公司,货运/物流/仓储,国企,50-150人,不限,未标明,五险一金|补充公积金|绩效奖金|带薪年假|免费班车|高温补贴|专业培训|企业年金,8,储运操作岗 五险一金 补充公积金 绩效奖金 带薪年假 免费班车 高温补贴 专业培训 企业年金 货运 物流 仓储 国企 50 150人 储运操作岗 8.5 9.5千 上海 浦东新区 今日回复7次 五险一金 补充公积金 绩效奖金 带薪年假 免费班车 高温补贴 专业培训 企业年金 中化东方上海石化储运有限公司 货运 物流 仓储国企50 150人 去聊聊 投递,,储运 操作 一金 补充 公积金 绩效奖金 免费 班车 高温 补贴 专业培训 企业 货运 物流 仓储 国企 储运 操作 上海 浦东新区 今日 回复 一金 补充 公积金 绩效奖金 免费 班车 高温 补贴 专业培训 企业 中化 东方 上海石化 储运 有限公司 货运 物流 仓储 国企 聊聊 投递
667,生产培训生-2026年应届,6-8千·14薪,6000.0,8000.0,7000.0,False,上海,金山区,彤程化学（中国）有限公司,石油/石化丨化工,未标明,150-500人,不限,无经验友好,五险一金|专业培训|定期体检|培训,4,生产培训生 2026年应届 五险一金 专业培训 定期体检 培训 石油 石化丨化工 已上市 150 500人 生产培训生 2026年应届 6 8千 14薪 上海 金山区 五险一金 专业培训 定期体检 培训 彤程化学 中国 有限公司 石油 石化丨化工已上市150 500人 去聊聊 投递,,生产 培训生 应届 一金 专业培训 定期 体检 培训 石油 石化 化工 上市 生产 培训生 应届 上海 金山区 一金 专业培训 定期 体检 培训 彤程 化学 中国 有限公司 石油 石化 化工 上市 聊聊 投递
668,化工操作工-内操,1-1.5万,1000.0,15000.0,8000.0,False,上海,,上海洁达尼龙材料有限公司,化工丨石油/石化,民营,50-150人,不限,未标明,数据分析|化工|生产报表|应急处理|工艺异常|sis系统|pid图|dcs|事故分析|中控|包食宿|五险一金|带薪年假|年终奖金|绩效奖金|专业培训|定期体检|免费工作餐|租房补贴|通讯补贴|交通补贴,21,化工操作工 内操 数据分析 化工 生产报表 应急处理 工艺异常 sis系统 pid图 dcs 事故分析 中控 包食宿 五险一金 带薪年假 年终奖金 绩效奖金 专业培训 定期体检 免费工作餐 租房补贴 通讯补贴 交通补贴 化工丨石油 石化 民营 50 150人 化工操作工 内操 1 1.5万 上海 48分钟前回复 数据分析 化工 生产报表 应急处理 工艺异常 sis系统 pid图 dcs 事故分析 中控 包食宿 五险一金 带薪年假 年终奖金 绩效奖金 专业培训 定期体检 免费工作餐 租房补贴 通讯补贴 交通补贴 上海洁达尼龙材料有限公司 化工丨石油 石化民营50 150人 去聊聊 投递,,化工 操作工 内操 数据分析 化工 生产 报表 应急 处理 工艺 异常 sis 系统 pid dcs 事故 分析 中控 食宿 一金 年终奖金 绩效奖金 专业培训 定期 体检 免费 工作餐 租房 补贴 通讯 补贴 交通 补贴 化工 石油 石化 民营 化工 操作工 内操 上海 分钟 回复 数据分析 化工 生产 报表 应急 处理 工艺 异常 sis 系统 pid dcs 事故 分析 中控 食宿 一金 年终奖金 绩效奖金 专业培训 定期 体检 免费 工作餐 租房 补贴 通讯 补贴 交通 补贴 上海 洁达 尼龙 材料 有限公司 化工 石油 石化 民营 聊聊 投递
669,操作工 Operator,,,,,False,上海,奉贤区,罗姆化学（上海）有限公司,化工,未标明,150-500人,不限,未标明,,0,操作工 Operator 化工 外资 欧美 150 500人 操作工 Operator 上海 奉贤区 罗姆化学 上海 有限公司 化工外资 欧美 150 500人 去聊聊 投递,,操作工 Operator 化工 外资 欧美 操作工 Operator 上海 奉贤区 罗姆 化学 上海 有限公司 化工 外资 欧美 聊聊 投递
670,后备干部,1-1.5万·13薪,1000.0,15000.0,8000.0,False,上海,闵行区,上海申星化工有限公司,石油/化工/矿产/地质,合资,150-500人,不限,未标明,五险一金|年终奖金|定期体检|专业培训,4,后备干部 五险一金 年终奖金 定期体检 专业培训 石油 化工 矿产 地质 合资 150 500人 后备干部 1 1.5万 13薪 上海 闵行区 五险一金 年终奖金 定期体检 专业培训 上海申星化工有限公司 石油 化工 矿产 地质合资150 500人 去聊聊 投递,,后备干部 一金 年终奖金 定期 体检 专业培训 石油 化工 矿产 地质 合资 后备干部 上海 闵行区 一金 年终奖金 定期 体检 专业培训 上海 申星 化工 有限公司 石油 化工 矿产 地质 合资 聊聊 投递
671,操作工(奉贤),5.3-8千·13薪,5300.0,8000.0,6650.0,False,上海,奉贤区,上海汉司实业有限公司,化工,民营,150-500人,不限,未标明,操作工|普工|技工|操作员|操作|工人|五险一金|年终奖金|专业培训|带薪年假|节日福利|全勤奖,12,操作工 奉贤 操作工 普工 技工 操作员 操作 工人 五险一金 年终奖金 专业培训 带薪年假 节日福利 全勤奖 化工 民营 150 500人 操作工 奉贤 5.3 8千 13薪 上海 奉贤区 操作工 普工 技工 操作员 操作 工人 五险一金 年终奖金 专业培训 带薪年假 节日福利 全勤奖 上海汉司实业有限公司 化工民营150 500人 去聊聊 投递,,操作工 奉贤 操作工 普工 技工 操作员 操作 工人 一金 年终奖金 专业培训 节日 全勤奖 化工 民营 操作工 奉贤 上海 奉贤区 操作工 普工 技工 操作员 操作 工人 一金 年终奖金 专业培训 节日 全勤奖 上海 汉司 实业 有限公司 化工 民营 聊聊 投递
672,反应岗及废水单元操作人员,6千-1万·13薪,6000.0,10000.0,8000.0,False,上海,金山区,上海浦景化工技术股份有限公司,化工,民营,50-150人,不限,未标明,岗位津贴|补贴,2,反应岗及废水单元操作人员 岗位津贴 补贴 化工 民营 50 150人 反应岗及废水单元操作人员 6千 1万 13薪 上海 金山区 岗位津贴 补贴 上海浦景化工技术股份有限公司 化工民营50 150人 去聊聊 投递,,反应 岗及 废水 单元 操作 人员 岗位津贴 补贴 化工 民营 反应 岗及 废水 单元 操作 人员 上海 金山区 岗位津贴 补贴 上海 浦景 化工 技术 股份 有限公司 化工 民营 聊聊 投递
673,精馏操作工,5-6.5千,5000.0,6500.0,5750.0,False,上海,浦东新区,上海壮铭生物医药有限公司,石油/化工/矿产/地质,民营,50-150人,不限,未标明,精馏|五险一金|绩效奖金|餐饮补贴|房补|节日福利|定期体检,7,精馏操作工 精馏 五险一金 绩效奖金 餐饮补贴 房补 节日福利 定期体检 石油 化工 矿产 地质 民营 50 150人 精馏操作工 5 6.5千 上海 浦东新区 精馏 五险一金 绩效奖金 餐饮补贴 房补 节日福利 定期体检 上海壮铭生物医药有限公司 石油 化工 矿产 地质民营50 150人 去聊聊 投递,,精馏 操作工 精馏 一金 绩效奖金 餐饮 补贴 房补 节日 定期 体检 石油 化工 矿产 地质 民营 精馏 操作工 上海 浦东新区 精馏 一金 绩效奖金 餐饮 补贴 房补 节日 定期 体检 上海 壮铭 生物医药 有限公司 石油 化工 矿产 地质 民营 聊聊 投递
674,车间操作工,7-9千,7000.0,9000.0,8000.0,False,上海,浦东新区,上海新孚珑材料科技有限公司,化工,民营,少于50人,不限,未标明,五险一金|带薪年假|员工旅游|绩效奖金|项目奖金|专业培训|有餐补,7,车间操作工 五险一金 带薪年假 员工旅游 绩效奖金 项目奖金 专业培训 有餐补 化工 民营 少于50人 车间操作工 7 9千 上海 浦东新区 五险一金 带薪年假 员工旅游 绩效奖金 项目奖金 专业培训 有餐补 上海新孚珑材料科技有限公司 化工民营少于50人 去聊聊 投递,,车间 操作工 一金 员工 旅游 绩效奖金 项目 奖金 专业培训 有餐 化工 民营 少于 车间 操作工 上海 浦东新区 一金 员工 旅游 绩效奖金 项目 奖金 专业培训 有餐 上海 新孚珑 材料 科技 有限公司 化工 民营 少于 聊聊 投递
675,化工工艺员/技术员,6-9千,6000.0,9000.0,7500.0,False,上海,金山区,上海那可新材料有限公司,化工,民营,50-150人,不限,未标明,弹性工作|五险一金|餐饮补贴|员工旅游|做五休二|专业培训|定期体检|包吃|有餐补|定期团建,10,化工工艺员 技术员 弹性工作 五险一金 餐饮补贴 员工旅游 做五休二 专业培训 定期体检 包吃 有餐补 定期团建 化工 民营 50 150人 化工工艺员 技术员 6 9千 上海 金山区 弹性工作 五险一金 餐饮补贴 员工旅游 做五休二 专业培训 定期体检 包吃 有餐补 定期团建 上海那可新材料有限公司 化工民营50 150人 去聊聊 投递,,化工 工艺员 技术员 弹性 一金 餐饮 补贴 员工 旅游 做五休 专业培训 定期 体检 包吃 有餐 定期 团建 化工 民营 化工 工艺员 技术员 上海 金山区 弹性 一金 餐饮 补贴 员工 旅游 做五休 专业培训 定期 体检 包吃 有餐 定期 团建 上海 材料 有限公司 化工 民营 聊聊 投递
676,DCS操作工,6-9千,6000.0,9000.0,7500.0,False,上海,奉贤区,上海康鹏科技股份有限公司,化工,未标明,150-500人,不限,未标明,五险一金|年终奖金|专业培训|定期体检|绩效奖金|带薪年假|免费工作餐|定期团建|培训,9,DCS操作工 五险一金 年终奖金 专业培训 定期体检 绩效奖金 带薪年假 免费工作餐 定期团建 培训 化工 已上市 150 500人 DCS操作工 6 9千 上海 奉贤区 今日回复10+次 五险一金 年终奖金 专业培训 定期体检 绩效奖金 带薪年假 免费工作餐 定期团建 培训 上海康鹏科技股份有限公司 化工已上市150 500人 去聊聊 投递,,DCS 操作工 一金 年终奖金 专业培训 定期 体检 绩效奖金 免费 工作餐 定期 团建 培训 化工 上市 DCS 操作工 上海 奉贤区 今日 回复 + 一金 年终奖金 专业培训 定期 体检 绩效奖金 免费 工作餐 定期 团建 培训 上海 康鹏 科技股份 有限公司 化工 上市 聊聊 投递
677,整箱操作,8-9千,8000.0,9000.0,8500.0,False,上海,虹口区,万达杰诚国际物流（北京）有限公司上海分公司,货运/物流/仓储,合资,150-500人,不限,未标明,订舱|物流|报关|货代|航运|报检|提箱|提单签发|ams|配柜|通讯补贴|绩效奖金|五险一金|年终奖|餐饮补贴|周末双休|全勤奖,17,整箱操作 订舱 物流 报关 货代 航运 报检 提箱 提单签发 ams 配柜 通讯补贴 绩效奖金 五险一金 年终奖 餐饮补贴 周末双休 全勤奖 货运 物流 仓储 合资 150 500人 整箱操作 8 9千 上海 虹口区 48分钟前查看简历 订舱 物流 报关 货代 航运 报检 提箱 提单签发 ams 配柜 通讯补贴 绩效奖金 五险一金 年终奖 餐饮补贴 周末双休 全勤奖 万达杰诚国际物流 北京 有限公司上海分公司 货运 物流 仓储合资150 500人 去聊聊 投递,,整箱 操作 订舱 物流 报关 货代 航运 报检 提箱 提单 签发 ams 配柜 通讯 补贴 绩效奖金 一金 年终奖 餐饮 补贴 周末 双休 全勤奖 货运 物流 仓储 合资 整箱 操作 上海 虹口区 分钟 查看 简历 订舱 物流 报关 货代 航运 报检 提箱 提单 签发 ams 配柜 通讯 补贴 绩效奖金 一金 年终奖 餐饮 补贴 周末 双休 全勤奖 万达 杰诚 国际 物流 北京 有限公司 上海 分公司 货运 物流 仓储 合资 聊聊 投递
678,Technical Sales Manager (Propulsion),2.5-3.5万·13薪,2500.0,35000.0,18750.0,False,上海,浦东新区,瓦锡兰维修服务（上海）有限公司,船舶/航空/航天,未标明,500-1000人,不限,未标明,推进|五险一金|绩效奖金|年终奖金|定期体检|通讯补贴|带薪年假|补充医疗保险|免费班车|弹性工作,10,Technical Sales Manager Propulsion 推进 五险一金 绩效奖金 年终奖金 定期体检 通讯补贴 带薪年假 补充医疗保险 免费班车 弹性工作 船舶 航空 航天 外资 欧美 500 1000人 Technical Sales Manager Propulsion 2.5 3.5万 13薪 上海 浦东新区 推进 五险一金 绩效奖金 年终奖金 定期体检 通讯补贴 带薪年假 补充医疗保险 免费班车 弹性工作 瓦锡兰维修服务 上海 有限公司 船舶 航空 航天外资 欧美 500 1000人 去聊聊 投递,,Technical Sales Manager Propulsion 推进 一金 绩效奖金 年终奖金 定期 体检 通讯 补贴 补充 医疗保险 免费 班车 弹性 船舶 航空 航天 外资 欧美 Technical Sales Manager Propulsion 上海 浦东新区 推进 一金 绩效奖金 年终奖金 定期 体检 通讯 补贴 补充 医疗保险 免费 班车 弹性 锡兰 维修服务 上海 有限公司 船舶 航空 航天 外资 欧美 聊聊 投递
679,船舶技术工程师,1-2万,1000.0,20000.0,10500.0,False,上海,宝山区,上海易乓乒智能科技股份有限公司,机械/设备/重工,民营,50-150人,不限,未标明,cad|机械|施工技术|驾照|技术方案|资料整理|英文|过程管理|技术协议|技术对接,10,船舶技术工程师 cad 机械 施工技术 驾照 技术方案 资料整理 英文 过程管理 技术协议 技术对接 机械 设备 重工 民营 50 150人 船舶技术工程师 1 2万 上海 宝山区 cad 机械 施工技术 驾照 技术方案 资料整理 英文 过程管理 技术协议 技术对接 上海易乓乒智能科技股份有限公司 机械 设备 重工民营50 150人 去聊聊 投递,,船舶 技术 工程师 cad 机械 施工 技术 驾照 技术 方案 资料 整理 英文 过程 管理 技术 协议 技术 对接 机械 设备 重工 民营 船舶 技术 工程师 上海 宝山区 cad 机械 施工 技术 驾照 技术 方案 资料 整理 英文 过程 管理 技术 协议 技术 对接 上海 易乓乒 智能 科技股份 有限公司 机械 设备 重工 民营 聊聊 投递
680,船用服务工程师,8千-1万,8000.0,10000.0,9000.0,False,远程办公,,瀚濮（上海）实业有限公司,船舶/航空/航天丨机械/设备/重工,未标明,少于50人,不限,未标明,调试|电气|暖通|空调|轮机|船舶|通风设备|五险一金|定期体检|年终奖金,10,船用服务工程师 调试 电气 暖通 空调 轮机 船舶 通风设备 五险一金 定期体检 年终奖金 船舶 航空 航天丨机械 设备 重工 外资 非欧美 少于50人 船用服务工程师 8千 1万 远程办公 本周查看简历1次 调试 电气 暖通 空调 轮机 船舶 通风设备 五险一金 定期体检 年终奖金 瀚濮 上海 实业有限公司 船舶 航空 航天丨机械 设备 重工外资 非欧美 少于50人 去聊聊 投递,,船用 服务 工程师 调试 电气 暖通 空调 轮机 船舶 通风设备 一金 定期 体检 年终奖金 船舶 航空 航天 机械 设备 重工 外资 欧美 少于 船用 服务 工程师 远程 办公 本周 查看 简历 调试 电气 暖通 空调 轮机 船舶 通风设备 一金 定期 体检 年终奖金 上海 实业 有限公司 船舶 航空 航天 机械 设备 重工 外资 欧美 少于 聊聊 投递
681,船舶设计工程师,7-8千,7000.0,8000.0,7500.0,False,上海,普陀区,上海诺友机械有限公司,贸易/进出口丨船舶/航空/航天丨机械/设备/重工,民营,150-500人,不限,未标明,机械|土木工程|solidworks|结构设计|ug|设计方案|机械工程|图纸绘制|inventor|船舶|五险一金|绩效奖金|年终奖金|专业培训|带薪年假|通讯补贴|节日福利|员工旅游|周末双休|做五休二|培训|零食下午茶|有餐补,23,船舶设计工程师 机械 土木工程 solidworks 结构设计 ug 设计方案 机械工程 图纸绘制 inventor 船舶 五险一金 绩效奖金 年终奖金 专业培训 带薪年假 通讯补贴 节日福利 员工旅游 周末双休 做五休二 培训 零食下午茶 有餐补 贸易 进出口丨船舶 航空 航天丨机械 设备 重工 民营 150 500人 船舶设计工程师 7 8千 上海 普陀区 本周查看简历3次 机械 土木工程 solidworks 结构设计 ug 设计方案 机械工程 图纸绘制 inventor 船舶 五险一金 绩效奖金 年终奖金 专业培训 带薪年假 通讯补贴 节日福利 员工旅游 周末双休 做五休二 培训 零食下午茶 有餐补 上海诺友机械有限公司 贸易 进出口丨船舶 航空 航天丨机械 设备 重工民营150 500人 去聊聊 投递,,船舶设计 工程师 机械 土木工程 solidworks 结构设计 ug 设计方案 机械工程 图纸 绘制 inventor 船舶 一金 绩效奖金 年终奖金 专业培训 通讯 补贴 节日 员工 旅游 周末 双休 做五休 培训 零食 下午茶 有餐 贸易 进出口 船舶 航空 航天 机械 设备 重工 民营 船舶设计 工程师 上海 普陀区 本周 查看 简历 机械 土木工程 solidworks 结构设计 ug 设计方案 机械工程 图纸 绘制 inventor 船舶 一金 绩效奖金 年终奖金 专业培训 通讯 补贴 节日 员工 旅游 周末 双休 做五休 培训 零食 下午茶 有餐 上海 诺友 机械 有限公司 贸易 进出口 船舶 航空 航天 机械 设备 重工 民营 聊聊 投递
682,船舶售后服务工程师,9千-1.5万·14薪,9000.0,15000.0,12000.0,False,上海,浦东新区,英赫特（上海）电气有限公司,船舶/航空/航天,未标明,1000-5000人,不限,未标明,船舶|电气|服务|设计|机电|电工|工业|五险一金|员工旅游|餐饮补贴|通讯补贴|定期体检|出国机会,13,船舶售后服务工程师 船舶 电气 服务 设计 机电 电工 工业 五险一金 员工旅游 餐饮补贴 通讯补贴 定期体检 出国机会 船舶 航空 航天 外资 欧美 1000 5000人 船舶售后服务工程师 9千 1.5万 14薪 上海 浦东新区 船舶 电气 服务 设计 机电 电工 工业 五险一金 员工旅游 餐饮补贴 通讯补贴 定期体检 出国机会 英赫特 上海 电气有限公司 船舶 航空 航天外资 欧美 1000 5000人 去聊聊 投递,,船舶 售后服务 工程师 船舶 电气 服务 设计 机电 电工 工业 一金 员工 旅游 餐饮 补贴 通讯 补贴 定期 体检 出国 机会 船舶 航空 航天 外资 欧美 船舶 售后服务 工程师 上海 浦东新区 船舶 电气 服务 设计 机电 电工 工业 一金 员工 旅游 餐饮 补贴 通讯 补贴 定期 体检 出国 机会 英赫特 上海 电气 有限公司 船舶 航空 航天 外资 欧美 聊聊 投递
683,售后服务工程师/船舶工程师,1-2万,1000.0,20000.0,10500.0,False,上海,,上海中船三井造船柴油机有限公司,船舶/航空/航天,合资,500-1000人,不限,未标明,轮机工程|五险一金|免费班车|交通补贴|绩效奖金|年终奖金|定期体检,7,售后服务工程师 船舶工程师 轮机工程 五险一金 免费班车 交通补贴 绩效奖金 年终奖金 定期体检 船舶 航空 航天 合资 500 1000人 售后服务工程师 船舶工程师 1 2万 上海 32分钟前回复 轮机工程 五险一金 免费班车 交通补贴 绩效奖金 年终奖金 定期体检 上海中船三井造船柴油机有限公司 船舶 航空 航天合资500 1000人 去聊聊 投递,,售后服务 工程师 船舶 工程师 轮机 工程 一金 免费 班车 交通 补贴 绩效奖金 年终奖金 定期 体检 船舶 航空 航天 合资 售后服务 工程师 船舶 工程师 上海 分钟 回复 轮机 工程 一金 免费 班车 交通 补贴 绩效奖金 年终奖金 定期 体检 上海 三井 造船 柴油机 有限公司 船舶 航空 航天 合资 聊聊 投递
684,Commissioning Engineer船舶设备调试工程师,1-1.2万·15薪,1000.0,12000.0,6500.0,False,上海,,阿法拉伐（上海）技术有限公司,机械/设备/重工,未标明,500-1000人,不限,未标明,船舶机舱|三管轮|船舶,3,Commissioning Engineer船舶设备调试工程师 船舶机舱 三管轮 船舶 机械 设备 重工 外资 欧美 500 1000人 Commissioning Engineer船舶设备调试工程师 1 1.2万 15薪 上海 在线 船舶机舱 三管轮 船舶 阿法拉伐 上海 技术有限公司 机械 设备 重工外资 欧美 500 1000人 去聊聊 投递,,Commissioning Engineer 船舶 设备 调试 工程师 船舶 机舱 三管 船舶 机械 设备 重工 外资 欧美 Commissioning Engineer 船舶 设备 调试 工程师 上海 在线 船舶 机舱 三管 船舶 阿法拉 上海 技术 有限公司 机械 设备 重工 外资 欧美 聊聊 投递
685,船舶无损检测工程师,1-1.3万,1000.0,13000.0,7000.0,False,上海,浦东新区,上海圳达船舶工程有限公司,机械/设备/重工,民营,少于50人,不限,未标明,英语会话|口语|专业培训|弹性工作|年终奖金|五险一金,6,船舶无损检测工程师 英语会话 口语 专业培训 弹性工作 年终奖金 五险一金 机械 设备 重工 民营 少于50人 船舶无损检测工程师 1 1.3万 上海 浦东新区 今日回复3次 英语会话 口语 专业培训 弹性工作 年终奖金 五险一金 上海圳达船舶工程有限公司 机械 设备 重工民营少于50人 去聊聊 投递,,船舶 无损 检测 工程师 英语会话 口语 专业培训 弹性 年终奖金 一金 机械 设备 重工 民营 少于 船舶 无损 检测 工程师 上海 浦东新区 今日 回复 英语会话 口语 专业培训 弹性 年终奖金 一金 上海 船舶 工程 有限公司 机械 设备 重工 民营 少于 聊聊 投递
686,船舶配载,8千-1.5万·13薪,8000.0,15000.0,11500.0,False,上海,杨浦区,华擎航运（宁波）有限公司,货运/物流/仓储,民营,少于50人,不限,未标明,cad|英语六级|交通运输|配载|船舶工程|3d制图|船体结构|航海技术|海事|水动力|五险一金|带薪年假|年终奖金|专业培训|有餐补|定期体检|通讯补贴|出差补贴|定期团建,19,船舶配载 cad 英语六级 交通运输 配载 船舶工程 3d制图 船体结构 航海技术 海事 水动力 五险一金 带薪年假 年终奖金 专业培训 有餐补 定期体检 通讯补贴 出差补贴 定期团建 货运 物流 仓储 民营 少于50人 船舶配载 8千 1.5万 13薪 上海 杨浦区 cad 英语六级 交通运输 配载 船舶工程 3d制图 船体结构 航海技术 海事 水动力 五险一金 带薪年假 年终奖金 专业培训 有餐补 定期体检 通讯补贴 出差补贴 定期团建 华擎航运 宁波 有限公司 货运 物流 仓储民营少于50人 去聊聊 投递,,船舶 配载 cad 英语六级 交通运输 配载 船舶 工程 3d 制图 船体 结构 航海技术 海事 动力 一金 年终奖金 专业培训 有餐 定期 体检 通讯 补贴 出差 补贴 定期 团建 货运 物流 仓储 民营 少于 船舶 配载 上海 杨浦区 cad 英语六级 交通运输 配载 船舶 工程 3d 制图 船体 结构 航海技术 海事 动力 一金 年终奖金 专业培训 有餐 定期 体检 通讯 补贴 出差 补贴 定期 团建 华擎 航运 宁波 有限公司 货运 物流 仓储 民营 少于 聊聊 投递
687,环保装备事业部-调试工程师,7.5千-1.2万,7500.0,12000.0,9750.0,False,上海,杨浦区,上海船用柴油机研究所（中国船舶重工集团公司第七一一研究所）,船舶/航空/航天,事业单位,1000-5000人,不限,未标明,现场调试|现场技术支持|英文听说读写|五险一金|定期体检|年终奖金|专业培训|餐饮补贴|带薪年假|通讯补贴|补充医疗保险|交通补贴|节日福利|弹性工作|有餐补|培训,16,环保装备事业部 调试工程师 现场调试 现场技术支持 英文听说读写 五险一金 定期体检 年终奖金 专业培训 餐饮补贴 带薪年假 通讯补贴 补充医疗保险 交通补贴 节日福利 弹性工作 有餐补 培训 船舶 航空 航天 事业单位 1000 5000人 环保装备事业部 调试工程师 7.5千 1.2万 上海 杨浦区 本周查看简历19次 现场调试 现场技术支持 英文听说读写 五险一金 定期体检 年终奖金 专业培训 餐饮补贴 带薪年假 通讯补贴 补充医疗保险 交通补贴 节日福利 弹性工作 有餐补 培训 上海船用柴油机研究所 中国船舶重工集团公司第七一一研究所 船舶 航空 航天事业单位1000 5000人 去聊聊 投递,,环保 装备 事业部 调试 工程师 现场 调试 现场 技术支持 英文 听说读写 一金 定期 体检 年终奖金 专业培训 餐饮 补贴 通讯 补贴 补充 医疗保险 交通 补贴 节日 弹性 有餐 培训 船舶 航空 航天 事业单位 环保 装备 事业部 调试 工程师 上海 杨浦区 本周 查看 简历 现场 调试 现场 技术支持 英文 听说读写 一金 定期 体检 年终奖金 专业培训 餐饮 补贴 通讯 补贴 补充 医疗保险 交通 补贴 节日 弹性 有餐 培训 上海 船用 柴油机 研究所 中国船舶重工集团公司 第七 一一 研究所 船舶 航空 航天事业 单位 聊聊 投递
688,船用设备技术工程师,8千-1万·13薪,8000.0,10000.0,9000.0,False,上海,浦东新区,上海迪胜船舶技术服务有限公司,机械/设备/重工,民营,少于50人,不限,未标明,船用增压器|船用发动机,2,船用设备技术工程师 船用增压器 船用发动机 机械 设备 重工 民营 少于50人 船用设备技术工程师 8千 1万 13薪 上海 浦东新区 今日回复5次 船用增压器 船用发动机 上海迪胜船舶技术服务有限公司 机械 设备 重工民营少于50人 去聊聊 投递,,船用 设备 技术 工程师 船用 增压器 船用 发动机 机械 设备 重工 民营 少于 船用 设备 技术 工程师 上海 浦东新区 今日 回复 船用 增压器 船用 发动机 上海 迪胜 船舶 技术 服务 有限公司 机械 设备 重工 民营 少于 聊聊 投递
689,船舶通讯导航设备工程师,8千-1.5万·13薪,8000.0,15000.0,11500.0,False,上海,浦东新区,奥尔斯通讯导航设备维修（上海）有限公司,交通/运输/客运,未标明,50-150人,不限,未标明,电子电气|船舶|五险一金|交通补贴|餐饮补贴|通讯补贴|年终奖金,7,船舶通讯导航设备工程师 电子电气 船舶 五险一金 交通补贴 餐饮补贴 通讯补贴 年终奖金 交通 运输 客运 外资 非欧美 50 150人 船舶通讯导航设备工程师 8千 1.5万 13薪 上海 浦东新区 电子电气 船舶 五险一金 交通补贴 餐饮补贴 通讯补贴 年终奖金 奥尔斯通讯导航设备维修 上海 有限公司 交通 运输 客运外资 非欧美 50 150人 去聊聊 投递,,船舶 通讯 导航 设备 工程师 电子 电气 船舶 一金 交通 补贴 餐饮 补贴 通讯 补贴 年终奖金 交通 运输 客运 外资 欧美 船舶 通讯 导航 设备 工程师 上海 浦东新区 电子 电气 船舶 一金 交通 补贴 餐饮 补贴 通讯 补贴 年终奖金 奥尔斯 通讯 导航 设备 维修 上海 有限公司 交通 运输 客运 外资 欧美 聊聊 投递
690,船舶通讯设备服务工程师（上海）,8千-1.5万,8000.0,15000.0,11500.0,False,上海,宝山区,裕义德科技（上海）有限公司,贸易/进出口,未标明,50-150人,不限,未标明,电子|电气|售后服务|检修|船舶|船厂|五险一金|专业培训|年终奖金|通讯补贴|带薪年假|节日福利|高温补贴,13,船舶通讯设备服务工程师 上海 电子 电气 售后服务 检修 船舶 船厂 五险一金 专业培训 年终奖金 通讯补贴 带薪年假 节日福利 高温补贴 贸易 进出口 外资 非欧美 50 150人 船舶通讯设备服务工程师 上海 8千 1.5万 上海 宝山区 电子 电气 售后服务 检修 船舶 船厂 五险一金 专业培训 年终奖金 通讯补贴 带薪年假 节日福利 高温补贴 裕义德科技 上海 有限公司 贸易 进出口外资 非欧美 50 150人 去聊聊 投递,,船舶 通讯设备 服务 工程师 上海 电子 电气 售后服务 检修 船舶 船厂 一金 专业培训 年终奖金 通讯 补贴 节日 高温 补贴 贸易 进出口 外资 欧美 船舶 通讯设备 服务 工程师 上海 上海 宝山区 电子 电气 售后服务 检修 船舶 船厂 一金 专业培训 年终奖金 通讯 补贴 节日 高温 补贴 裕义德 科技 上海 有限公司 贸易 进出口 外资 欧美 聊聊 投递
691,船舶双燃料FGSS调试工程师,1.2-1.4万,1200.0,14000.0,7600.0,False,上海,浦东新区,青岛利盛泰船舶技术有限公司,船舶/航空/航天,民营,少于50人,不限,未标明,双燃料|LNG供气系统|FGSS|船舶电气|英语|自动化|现场调试|燃气供给系统|LNG动力系统|五险一金|年终奖金|绩效奖金|餐饮补贴|交通补贴|住宿补贴|培训,16,船舶双燃料FGSS调试工程师 双燃料 LNG供气系统 FGSS 船舶电气 英语 自动化 现场调试 燃气供给系统 LNG动力系统 五险一金 年终奖金 绩效奖金 餐饮补贴 交通补贴 住宿补贴 培训 船舶 航空 航天 民营 少于50人 船舶双燃料FGSS调试工程师 1.2 1.4万 上海 浦东新区 今日回复3次 双燃料 LNG供气系统 FGSS 船舶电气 英语 自动化 现场调试 燃气供给系统 LNG动力系统 五险一金 年终奖金 绩效奖金 餐饮补贴 交通补贴 住宿补贴 培训 青岛利盛泰船舶技术有限公司 船舶 航空 航天民营少于50人 去聊聊 投递,,船舶 双燃料 FGSS 调试 工程师 双燃料 LNG 供气 系统 FGSS 船舶 电气 英语 自动化 现场 调试 燃气 供给 系统 LNG 动力系统 一金 年终奖金 绩效奖金 餐饮 补贴 交通 补贴 住宿 补贴 培训 船舶 航空 航天 民营 少于 船舶 双燃料 FGSS 调试 工程师 上海 浦东新区 今日 回复 双燃料 LNG 供气 系统 FGSS 船舶 电气 英语 自动化 现场 调试 燃气 供给 系统 LNG 动力系统 一金 年终奖金 绩效奖金 餐饮 补贴 交通 补贴 住宿 补贴 培训 青岛 利盛泰 船舶 技术 有限公司 船舶 航空 航天 民营 少于 聊聊 投递
692,船舶检验工程师,1.3-1.5万,1300.0,15000.0,8150.0,False,上海,,上海海丰信息技术有限公司,船舶/航空/航天,未标明,500-1000人,不限,未标明,采购|机械|英语|消防|英语四级|安全|c1|安全培训|消防工程|质量把控|节日福利|带薪年假|五险一金|全勤奖|年终奖|晋升|年度体检,17,船舶检验工程师 采购 机械 英语 消防 英语四级 安全 c1 安全培训 消防工程 质量把控 节日福利 带薪年假 五险一金 全勤奖 年终奖 晋升 年度体检 船舶 航空 航天 已上市 500 1000人 船舶检验工程师 1.3 1.5万 上海 本周查看简历2次 采购 机械 英语 消防 英语四级 安全 c1 安全培训 消防工程 质量把控 节日福利 带薪年假 五险一金 全勤奖 年终奖 晋升 年度体检 上海海丰信息技术有限公司 船舶 航空 航天已上市500 1000人 去聊聊 投递,,船舶 检验 工程师 采购 机械 英语 消防 英语 四级 安全 c1 安全 培训 消防工程 质量 节日 一金 全勤奖 年终奖 晋升 年度 体检 船舶 航空 航天 上市 船舶 检验 工程师 上海 本周 查看 简历 采购 机械 英语 消防 英语 四级 安全 c1 安全 培训 消防工程 质量 节日 一金 全勤奖 年终奖 晋升 年度 体检 上海 海丰 信息技术 有限公司 船舶 航空 航天 上市 聊聊 投递
693,审图实习生,200元/天,200.0,200.0,4350.0,True,上海,,劳氏船级社（中国）有限公司,船舶/航空/航天,未标明,500-1000人,不限,未标明,船舶海洋工程|英语读写|交通补贴|五险一金|补充医疗保险|补充公积金|带薪年假|带薪病假|员工旅游|年终奖金|专业培训|出国机会,12,审图实习生 船舶海洋工程 英语读写 交通补贴 五险一金 补充医疗保险 补充公积金 带薪年假 带薪病假 员工旅游 年终奖金 专业培训 出国机会 船舶 航空 航天 外资 欧美 500 1000人 审图实习生 200元 天 上海 本周查看简历3次 船舶海洋工程 英语读写 交通补贴 五险一金 补充医疗保险 补充公积金 带薪年假 带薪病假 员工旅游 年终奖金 专业培训 出国机会 劳氏船级社 中国 有限公司 船舶 航空 航天外资 欧美 500 1000人 去聊聊 投递,,审图 实习生 船舶 海洋工程 英语 读写 交通 补贴 一金 补充 医疗保险 补充 公积金 病假 员工 旅游 年终奖金 专业培训 出国 机会 船舶 航空 航天 外资 欧美 审图 实习生 上海 本周 查看 简历 船舶 海洋工程 英语 读写 交通 补贴 一金 补充 医疗保险 补充 公积金 病假 员工 旅游 年终奖金 专业培训 出国 机会 劳氏 船级社 中国 有限公司 船舶 航空 航天 外资 欧美 聊聊 投递
694,船舶压载水处理系统调试工程师,9千-1.4万,9000.0,14000.0,11500.0,False,上海,崇明区,青岛利盛泰船舶技术有限公司,船舶/航空/航天,民营,少于50人,不限,未标明,调试|英语|自动化|plc|售后服务|现场调试|操作培训|压载水|BWMS|BWTS|五险一金|年终奖金|绩效奖金|餐饮补贴|交通补贴|住宿补贴|培训,17,船舶压载水处理系统调试工程师 调试 英语 自动化 plc 售后服务 现场调试 操作培训 压载水 BWMS BWTS 五险一金 年终奖金 绩效奖金 餐饮补贴 交通补贴 住宿补贴 培训 船舶 航空 航天 民营 少于50人 船舶压载水处理系统调试工程师 9千 1.4万 上海 崇明区 今日回复3次 调试 英语 自动化 plc 售后服务 现场调试 操作培训 压载水 BWMS BWTS 五险一金 年终奖金 绩效奖金 餐饮补贴 交通补贴 住宿补贴 培训 青岛利盛泰船舶技术有限公司 船舶 航空 航天民营少于50人 去聊聊 投递,,船舶 压载 处理 系统 调试 工程师 调试 英语 自动化 plc 售后服务 现场 调试 操作 培训 压载 BWMS BWTS 一金 年终奖金 绩效奖金 餐饮 补贴 交通 补贴 住宿 补贴 培训 船舶 航空 航天 民营 少于 船舶 压载 处理 系统 调试 工程师 上海 崇明 今日 回复 调试 英语 自动化 plc 售后服务 现场 调试 操作 培训 压载 BWMS BWTS 一金 年终奖金 绩效奖金 餐饮 补贴 交通 补贴 住宿 补贴 培训 青岛 利盛泰 船舶 技术 有限公司 船舶 航空 航天 民营 少于 聊聊 投递
695,船舶电气项目工程师,9千-1.3万·13薪,9000.0,13000.0,11000.0,False,上海,徐汇区,庞特能国际贸易（上海）有限公司,船舶/航空/航天,未标明,50-150人,不限,未标明,图纸|erp|调试系统|自动化|office|英语|生产计划|电气工程|outlook|船舶|五险一金|补充医疗保险|子女医疗保险|带薪年假|员工旅游|定期体检,16,船舶电气项目工程师 图纸 erp 调试系统 自动化 office 英语 生产计划 电气工程 outlook 船舶 五险一金 补充医疗保险 子女医疗保险 带薪年假 员工旅游 定期体检 船舶 航空 航天 外资 非欧美 50 150人 船舶电气项目工程师 9千 1.3万 13薪 上海 徐汇区 本周查看简历6次 图纸 erp 调试系统 自动化 office 英语 生产计划 电气工程 outlook 船舶 五险一金 补充医疗保险 子女医疗保险 带薪年假 员工旅游 定期体检 庞特能国际贸易 上海 有限公司 船舶 航空 航天外资 非欧美 50 150人 去聊聊 投递,,船舶 电气 项目 工程师 图纸 erp 调试 系统 自动化 office 英语 生产 计划 电气工程 outlook 船舶 一金 补充 医疗保险 子女 医疗保险 员工 旅游 定期 体检 船舶 航空 航天 外资 欧美 船舶 电气 项目 工程师 上海 徐汇区 本周 查看 简历 图纸 erp 调试 系统 自动化 office 英语 生产 计划 电气工程 outlook 船舶 一金 补充 医疗保险 子女 医疗保险 员工 旅游 定期 体检 庞特能 国际贸易 上海 有限公司 船舶 航空 航天 外资 欧美 聊聊 投递
696,AOG支援工程师,1.3-2万,1300.0,20000.0,10650.0,False,上海,浦东新区,上海吉祥航空股份有限公司,交通/运输/客运,民营,5000-10000人,不限,未标明,维修|英语四级|供应链管理|航线维修|航材管理|五险一金|绩效奖金|定期体检|免费班车|专业培训|餐饮补贴,11,AOG支援工程师 维修 英语四级 供应链管理 航线维修 航材管理 五险一金 绩效奖金 定期体检 免费班车 专业培训 餐饮补贴 交通 运输 客运 民营 5000 10000人 AOG支援工程师 1.3 2万 上海 浦东新区 维修 英语四级 供应链管理 航线维修 航材管理 五险一金 绩效奖金 定期体检 免费班车 专业培训 餐饮补贴 上海吉祥航空股份有限公司 交通 运输 客运民营5000 10000人 去聊聊 投递,,AOG 支援 工程师 维修 英语 四级 供应链 管理 航线 维修 航材 管理 一金 绩效奖金 定期 体检 免费 班车 专业培训 餐饮 补贴 交通 运输 客运 民营 AOG 支援 工程师 上海 浦东新区 维修 英语 四级 供应链 管理 航线 维修 航材 管理 一金 绩效奖金 定期 体检 免费 班车 专业培训 餐饮 补贴 上海 吉祥 航空 股份 有限公司 交通 运输 客运 民营 聊聊 投递
697,技术服务工程师,10-20万/年,10000.0,200000.0,105000.0,False,远程办公,,舟华（上海）环保设备有限公司,机械/设备/重工,未标明,50-150人,不限,未标明,调试|服务|产品调试|船舶|技术服务|船舶行业|五险一金|餐饮补贴|绩效奖金|定期体检|员工旅游,11,技术服务工程师 调试 服务 产品调试 船舶 技术服务 船舶行业 五险一金 餐饮补贴 绩效奖金 定期体检 员工旅游 机械 设备 重工 外资 欧美 50 150人 技术服务工程师 10 20万 年 远程办公 今日操作面试1次 调试 服务 产品调试 船舶 技术服务 船舶行业 五险一金 餐饮补贴 绩效奖金 定期体检 员工旅游 舟华 上海 环保设备有限公司 机械 设备 重工外资 欧美 50 150人 去聊聊 投递,,技术 服务 工程师 调试 服务 产品 调试 船舶 技术 服务 船舶 行业 一金 餐饮 补贴 绩效奖金 定期 体检 员工 旅游 机械 设备 重工 外资 欧美 技术 服务 工程师 远程 办公 今日 操作 面试 调试 服务 产品 调试 船舶 技术 服务 船舶 行业 一金 餐饮 补贴 绩效奖金 定期 体检 员工 旅游 舟华 上海 环保 设备 有限公司 机械 设备 重工 外资 欧美 聊聊 投递
698,航空电气维修工程师,7-9千·13薪,7000.0,9000.0,8000.0,False,上海,浦东新区,广州航新航空科技股份有限公司,电子/半导体/集成电路丨船舶/航空/航天丨通信/网络设备,未标明,1000-5000人,不限,未标明,五险一金|年终奖金|专业培训|员工旅游|定期体检|带薪年假|交通补贴|周末双休|工作餐,9,航空电气维修工程师 五险一金 年终奖金 专业培训 员工旅游 定期体检 带薪年假 交通补贴 周末双休 工作餐 电子 半导体 集成电路丨船舶 航空 航天丨通信 网络设备 已上市 1000 5000人 航空电气维修工程师 7 9千 13薪 上海 浦东新区 28分钟前回复 五险一金 年终奖金 专业培训 员工旅游 定期体检 带薪年假 交通补贴 周末双休 工作餐 广州航新航空科技股份有限公司 电子 半导体 集成电路丨船舶 航空 航天丨通信 网络设备已上市1000 5000人 去聊聊 投递,,航空 电气 维修 工程师 一金 年终奖金 专业培训 员工 旅游 定期 体检 交通 补贴 周末 双休 工作餐 电子 半导体 集成电路 船舶 航空 航天 通信 网络设备 上市 航空 电气 维修 工程师 上海 浦东新区 分钟 回复 一金 年终奖金 专业培训 员工 旅游 定期 体检 交通 补贴 周末 双休 工作餐 广州 航新 航空 科技股份 有限公司 电子 半导体 集成电路 船舶 航空 航天 通信 网络设备 上市 聊聊 投递
699,海事技术专员,8千-1.2万,8000.0,12000.0,10000.0,False,上海,长宁区,耀旗海事咨询（上海）有限公司,其他专业服务,未标明,少于50人,不限,未标明,英语|技术管理|航运|船舶电气|船厂|船级社|海事|船舶检验|船舶工程|海事管理|五险一金|定期体检|绩效奖金|年终奖金|专业培训|餐饮补贴|带薪年假|通讯补贴|交通补贴|节日福利|周末双休|弹性工作|出国机会,23,海事技术专员 英语 技术管理 航运 船舶电气 船厂 船级社 海事 船舶检验 船舶工程 海事管理 五险一金 定期体检 绩效奖金 年终奖金 专业培训 餐饮补贴 带薪年假 通讯补贴 交通补贴 节日福利 周末双休 弹性工作 出国机会 其他专业服务 外资 欧美 少于50人 海事技术专员 8千 1.2万 上海 长宁区 英语 技术管理 航运 船舶电气 船厂 船级社 海事 船舶检验 船舶工程 海事管理 五险一金 定期体检 绩效奖金 年终奖金 专业培训 餐饮补贴 带薪年假 通讯补贴 交通补贴 节日福利 周末双休 弹性工作 出国机会 耀旗海事咨询 上海 有限公司 其他专业服务外资 欧美 少于50人 去聊聊 投递,,海事 技术 专员 英语 技术 管理 航运 船舶 电气 船厂 船级社 海事 船舶 检验 船舶 工程 海事 管理 一金 定期 体检 绩效奖金 年终奖金 专业培训 餐饮 补贴 通讯 补贴 交通 补贴 节日 周末 双休 弹性 出国 机会 其他 专业 服务 外资 欧美 少于 海事 技术 专员 上海 长宁区 英语 技术 管理 航运 船舶 电气 船厂 船级社 海事 船舶 检验 船舶 工程 海事 管理 一金 定期 体检 绩效奖金 年终奖金 专业培训 餐饮 补贴 通讯 补贴 交通 补贴 节日 周末 双休 弹性 出国 机会 耀旗 海事 咨询 上海 有限公司 其他 专业 服务 外资 欧美 少于 聊聊 投递
700,服务工程师-上海,6-7千,6000.0,7000.0,6500.0,False,上海,浦东新区,丹华海洋工程装备（上海）有限公司,船舶/航空/航天,合资,50-150人,不限,未标明,机电|轮机|五险一金,3,服务工程师 上海 机电 轮机 五险一金 船舶 航空 航天 合资 50 150人 服务工程师 上海 6 7千 上海 浦东新区 今日回复10+次 机电 轮机 五险一金 丹华海洋工程装备 上海 有限公司 船舶 航空 航天合资50 150人 去聊聊 投递,,服务 工程师 上海 机电 轮机 一金 船舶 航空 航天 合资 服务 工程师 上海 上海 浦东新区 今日 回复 + 机电 轮机 一金 丹华 海洋工程 装备 上海 有限公司 船舶 航空 航天 合资 聊聊 投递
701,船用通风项目助理（设计工作和项目管理工作）,7千-1.2万,7000.0,12000.0,9500.0,False,上海,浦东新区,丹华海洋工程装备（上海）有限公司,船舶/航空/航天,合资,50-150人,不限,未标明,五险一金|年终奖金|定期体检|周末双休,4,船用通风项目助理 设计工作和项目管理工作 五险一金 年终奖金 定期体检 周末双休 船舶 航空 航天 合资 50 150人 船用通风项目助理 设计工作和项目管理工作 7千 1.2万 上海 浦东新区 今日回复10+次 五险一金 年终奖金 定期体检 周末双休 丹华海洋工程装备 上海 有限公司 船舶 航空 航天合资50 150人 去聊聊 投递,,船用 通风 项目 助理 设计 项目管理 一金 年终奖金 定期 体检 周末 双休 船舶 航空 航天 合资 船用 通风 项目 助理 设计 项目管理 上海 浦东新区 今日 回复 + 一金 年终奖金 定期 体检 周末 双休 丹华 海洋工程 装备 上海 有限公司 船舶 航空 航天 合资 聊聊 投递
702,机械工程师（26届校招）,1-1.2万·14薪,1000.0,12000.0,6500.0,False,上海,,柯马（上海）工程有限公司,仪器仪表/工业自动化,未标明,1000-5000人,不限,未标明,英语|英语口语|机械自动化|五险一金|补充医疗保险|免费班车|通讯补贴|弹性工作|绩效奖金|补充公积金|餐饮补贴|年终奖金|出国机会|校招,14,机械工程师 26届校招 英语 英语口语 机械自动化 五险一金 补充医疗保险 免费班车 通讯补贴 弹性工作 绩效奖金 补充公积金 餐饮补贴 年终奖金 出国机会 校招 仪器仪表 工业自动化 外资 欧美 1000 5000人 机械工程师 26届校招 1 1.2万 14薪 上海 今日回复8次 英语 英语口语 机械自动化 五险一金 补充医疗保险 免费班车 通讯补贴 弹性工作 绩效奖金 补充公积金 餐饮补贴 年终奖金 出国机会 校招 柯马 上海 工程有限公司 仪器仪表 工业自动化外资 欧美 1000 5000人 去聊聊 投递,,机械 工程师 届校 英语 英语口语 机械 自动化 一金 补充 医疗保险 免费 班车 通讯 补贴 弹性 绩效奖金 补充 公积金 餐饮 补贴 年终奖金 出国 机会 校招 仪器仪表 工业 自动化 外资 欧美 机械 工程师 届校 上海 今日 回复 英语 英语口语 机械 自动化 一金 补充 医疗保险 免费 班车 通讯 补贴 弹性 绩效奖金 补充 公积金 餐饮 补贴 年终奖金 出国 机会 校招 柯马 上海 工程 有限公司 仪器仪表 工业 自动化 外资 欧美 聊聊 投递
703,机械机电材料工程师,1千/天,1000.0,1000.0,1000.0,False,远程办公,,上海企盟企业管理咨询有限公司南京分公司,企业服务,民营,少于50人,不限,未标明,包住宿|双休|五险|含午餐,4,机械机电材料工程师 包住宿 双休 五险 含午餐 企业服务 民营 少于50人 机械机电材料工程师 1千 天 远程办公 今日回复9次 包住宿 双休 五险 含午餐 上海企盟企业管理咨询有限公司南京分公司 企业服务民营少于50人 去聊聊 投递,,机械 机电 材料 工程师 住宿 双休 午餐 企业 服务 民营 少于 机械 机电 材料 工程师 远程 办公 今日 回复 住宿 双休 午餐 上海 企盟 企业 管理 咨询 有限公司 南京 分公司 企业 服务 民营 少于 聊聊 投递
704,船舶审图工程师（船体结构）,1.5-3万,1500.0,30000.0,15750.0,False,上海,徐汇区,韩国船级社（中国）有限公司,检测/认证,未标明,50-150人,不限,未标明,英语|审图|韩语|cet_6|船舶|csr|船体结构|结构分析|船体结构设计|船舶海洋工程|五险一金|补充医疗保险|带薪年假|员工旅游|年终奖金|绩效奖金|专业培训|出国机会|定期体检|出差补贴,20,船舶审图工程师 船体结构 英语 审图 韩语 cet 6 船舶 csr 船体结构 结构分析 船体结构设计 船舶海洋工程 五险一金 补充医疗保险 带薪年假 员工旅游 年终奖金 绩效奖金 专业培训 出国机会 定期体检 出差补贴 检测 认证 外资 非欧美 50 150人 船舶审图工程师 船体结构 1.5 3万 上海 徐汇区 18分钟前回复 英语 审图 韩语 cet 6 船舶 csr 船体结构 结构分析 船体结构设计 船舶海洋工程 五险一金 补充医疗保险 带薪年假 员工旅游 年终奖金 绩效奖金 专业培训 出国机会 定期体检 出差补贴 韩国船级社 中国 有限公司 检测 认证外资 非欧美 50 150人 去聊聊 投递,,船舶 审图 工程师 船体 结构 英语 审图 韩语 cet 船舶 csr 船体 结构 结构 分析 船体 结构设计 船舶 海洋工程 一金 补充 医疗保险 员工 旅游 年终奖金 绩效奖金 专业培训 出国 机会 定期 体检 出差 补贴 检测 认证 外资 欧美 船舶 审图 工程师 船体 结构 上海 徐汇区 分钟 回复 英语 审图 韩语 cet 船舶 csr 船体 结构 结构 分析 船体 结构设计 船舶 海洋工程 一金 补充 医疗保险 员工 旅游 年终奖金 绩效奖金 专业培训 出国 机会 定期 体检 出差 补贴 韩国 船级社 中国 有限公司 检测 认证 外资 欧美 聊聊 投递
705,安全服务工程师(J10022),8千-1万,8000.0,10000.0,9000.0,False,上海,浦东新区,润通航运服务有限公司,船舶/航空/航天,民营,1000-5000人,不限,未标明,c1驾驶|船舶行业|英文沟通|航海技术|五险一金|免费班车|员工旅游|餐饮补贴|通讯补贴|专业培训|年终奖金|定期体检|培训,13,安全服务工程师 J10022 c1驾驶 船舶行业 英文沟通 航海技术 五险一金 免费班车 员工旅游 餐饮补贴 通讯补贴 专业培训 年终奖金 定期体检 培训 船舶 航空 航天 民营 1000 5000人 安全服务工程师 J10022 8千 1万 上海 浦东新区 c1驾驶 船舶行业 英文沟通 航海技术 五险一金 免费班车 员工旅游 餐饮补贴 通讯补贴 专业培训 年终奖金 定期体检 培训 润通航运服务有限公司 船舶 航空 航天民营1000 5000人 去聊聊 投递,,安全 服务 工程师 J10022 c1 驾驶 船舶 行业 英文 沟通 航海技术 一金 免费 班车 员工 旅游 餐饮 补贴 通讯 补贴 专业培训 年终奖金 定期 体检 培训 船舶 航空 航天 民营 安全 服务 工程师 J10022 上海 浦东新区 c1 驾驶 船舶 行业 英文 沟通 航海技术 一金 免费 班车 员工 旅游 餐饮 补贴 通讯 补贴 专业培训 年终奖金 定期 体检 培训 润通 航运 服务 有限公司 船舶 航空 航天 民营 聊聊 投递
706,监理工程师（船舶）,1-1.5万,1000.0,15000.0,8000.0,False,上海,松江区,天海融合防务装备技术股份有限公司,船舶/航空/航天,未标明,1000-5000人,不限,未标明,船舶|监理|五险一金|免费班车|餐饮补贴|交通补贴|弹性工作|定期体检|专业培训,9,监理工程师 船舶 船舶 监理 五险一金 免费班车 餐饮补贴 交通补贴 弹性工作 定期体检 专业培训 船舶 航空 航天 已上市 1000 5000人 监理工程师 船舶 1 1.5万 上海 松江区 今日处理简历2次 船舶 监理 五险一金 免费班车 餐饮补贴 交通补贴 弹性工作 定期体检 专业培训 天海融合防务装备技术股份有限公司 船舶 航空 航天已上市1000 5000人 去聊聊 投递,,监理 工程师 船舶 船舶 监理 一金 免费 班车 餐饮 补贴 交通 补贴 弹性 定期 体检 专业培训 船舶 航空 航天 上市 监理 工程师 船舶 上海 松江区 今日 处理 简历 船舶 监理 一金 免费 班车 餐饮 补贴 交通 补贴 弹性 定期 体检 专业培训 天海 融合 防务 装备 技术 股份 有限公司 船舶 航空 航天 上市 聊聊 投递
707,船舶检验师,1-2万,1000.0,20000.0,10500.0,False,上海,浦东新区,北京英华信诺海事技术咨询有限公司,检测，认证,合资,少于50人,不限,未标明,五险一金|定期体检|年终奖金|餐饮补贴|绩效奖金|通讯补贴|交通补贴|补充医疗保险|全职|保险|补充公积金|灵活居家办公|保险公估|检验,14,船舶检验师 五险一金 定期体检 年终奖金 餐饮补贴 绩效奖金 通讯补贴 交通补贴 补充医疗保险 全职 保险 补充公积金 灵活居家办公 保险公估 检验 检测 认证 合资 少于50人 船舶检验师 1 2万 上海 浦东新区 五险一金 定期体检 年终奖金 餐饮补贴 绩效奖金 通讯补贴 交通补贴 补充医疗保险 全职 保险 补充公积金 灵活居家办公 保险公估 检验 北京英华信诺海事技术咨询有限公司 检测 认证合资少于50人 去聊聊 投递,,船舶 检验 一金 定期 体检 年终奖金 餐饮 补贴 绩效奖金 通讯 补贴 交通 补贴 补充 医疗保险 全职 保险 补充 公积金 灵活 居家 办公 保险 公估 检验 检测 认证 合资 少于 船舶 检验 上海 浦东新区 一金 定期 体检 年终奖金 餐饮 补贴 绩效奖金 通讯 补贴 交通 补贴 补充 医疗保险 全职 保险 补充 公积金 灵活 居家 办公 保险 公估 检验 北京 英华 信诺 海事 技术咨询 有限公司 检测 认证 合资 少于 聊聊 投递
708,Technical Expert 船舶技术专家,1.5-2万·13薪,1500.0,20000.0,10750.0,False,上海,杨浦区,威尔森船舶产品贸易（上海）有限公司,批发/零售丨贸易/进出口,未标明,50-150人,不限,未标明,船舶|产品专家|技术支持|五险一金|专业培训|定期体检|通讯补贴|补充医疗保险|节日福利|带薪病假|年假多多,11,Technical Expert 船舶技术专家 船舶 产品专家 技术支持 五险一金 专业培训 定期体检 通讯补贴 补充医疗保险 节日福利 带薪病假 年假多多 批发 零售丨贸易 进出口 外资 欧美 50 150人 Technical Expert 船舶技术专家 1.5 2万 13薪 上海 杨浦区 船舶 产品专家 技术支持 五险一金 专业培训 定期体检 通讯补贴 补充医疗保险 节日福利 带薪病假 年假多多 威尔森船舶产品贸易 上海 有限公司 批发 零售丨贸易 进出口外资 欧美 50 150人 去聊聊 投递,,Technical Expert 船舶 技术 专家 船舶 产品 专家 技术支持 一金 专业培训 定期 体检 通讯 补贴 补充 医疗保险 节日 病假 多多 批发 零售 贸易 进出口 外资 欧美 Technical Expert 船舶 技术 专家 上海 杨浦区 船舶 产品 专家 技术支持 一金 专业培训 定期 体检 通讯 补贴 补充 医疗保险 节日 病假 多多 威尔森 船舶 产品 贸易 上海 有限公司 批发 零售 贸易 进出口 外资 欧美 聊聊 投递
709,飞机维修工程师（上海浦东）,1-2万,1000.0,20000.0,10500.0,False,上海,浦东新区,上海吉祥航空股份有限公司,交通/运输/客运,民营,5000-10000人,不限,未标明,测试|英语|航材|资质证书|维修质量|勤务|维修记录|现场清理|pets_3|cet4|五险一金|免费班车|餐饮补贴|专业培训|绩效奖金|定期体检|校招,17,飞机维修工程师 上海浦东 测试 英语 航材 资质证书 维修质量 勤务 维修记录 现场清理 pets 3 cet4 五险一金 免费班车 餐饮补贴 专业培训 绩效奖金 定期体检 校招 交通 运输 客运 民营 5000 10000人 飞机维修工程师 上海浦东 1 2万 上海 浦东新区 测试 英语 航材 资质证书 维修质量 勤务 维修记录 现场清理 pets 3 cet4 五险一金 免费班车 餐饮补贴 专业培训 绩效奖金 定期体检 校招 上海吉祥航空股份有限公司 交通 运输 客运民营5000 10000人 去聊聊 投递,,飞机 维修 工程师 上海浦东 测试 英语 航材 资质证书 维修 质量 勤务 维修 记录 现场 清理 pets cet4 一金 免费 班车 餐饮 补贴 专业培训 绩效奖金 定期 体检 校招 交通 运输 客运 民营 飞机 维修 工程师 上海浦东 上海 浦东新区 测试 英语 航材 资质证书 维修 质量 勤务 维修 记录 现场 清理 pets cet4 一金 免费 班车 餐饮 补贴 专业培训 绩效奖金 定期 体检 校招 上海 吉祥 航空 股份 有限公司 交通 运输 客运 民营 聊聊 投递
710,Port Services Engineer 技术服务工程师（大连）,1-1.5万·13薪,1000.0,15000.0,8000.0,False,上海,杨浦区,威尔森船舶产品贸易（上海）有限公司,批发/零售丨贸易/进出口,未标明,50-150人,不限,未标明,船舶|服务工程师|英语|外企|专业培训|五险一金|定期体检|通讯补贴|补充医疗保险|节日福利|带薪病假|年假多多,12,Port Services Engineer 技术服务工程师 大连 船舶 服务工程师 英语 外企 专业培训 五险一金 定期体检 通讯补贴 补充医疗保险 节日福利 带薪病假 年假多多 批发 零售丨贸易 进出口 外资 欧美 50 150人 Port Services Engineer 技术服务工程师 大连 1 1.5万 13薪 上海 杨浦区 船舶 服务工程师 英语 外企 专业培训 五险一金 定期体检 通讯补贴 补充医疗保险 节日福利 带薪病假 年假多多 威尔森船舶产品贸易 上海 有限公司 批发 零售丨贸易 进出口外资 欧美 50 150人 去聊聊 投递,,Port Services Engineer 技术 服务 工程师 大连 船舶 服务 工程师 英语 外企 专业培训 一金 定期 体检 通讯 补贴 补充 医疗保险 节日 病假 多多 批发 零售 贸易 进出口 外资 欧美 Port Services Engineer 技术 服务 工程师 大连 上海 杨浦区 船舶 服务 工程师 英语 外企 专业培训 一金 定期 体检 通讯 补贴 补充 医疗保险 节日 病假 多多 威尔森 船舶 产品 贸易 上海 有限公司 批发 零售 贸易 进出口 外资 欧美 聊聊 投递
711,船舶工程师,2-3万,2000.0,30000.0,16000.0,False,上海,浦东新区,上海船友航运服务有限公司,船舶/航空/航天丨贸易/进出口,民营,150-500人,不限,未标明,船厂|维修|成本控制|英文|船舶轮机|技术服务报价|船舶|航运|船舶设备|维护|员工旅游|交通补贴|专业培训|定期体检|补充医疗保险|餐饮补贴|绩效奖金|年终奖金|出国机会|六险一金,20,船舶工程师 船厂 维修 成本控制 英文 船舶轮机 技术服务报价 船舶 航运 船舶设备 维护 员工旅游 交通补贴 专业培训 定期体检 补充医疗保险 餐饮补贴 绩效奖金 年终奖金 出国机会 六险一金 船舶 航空 航天丨贸易 进出口 民营 150 500人 船舶工程师 2 3万 上海 浦东新区 船厂 维修 成本控制 英文 船舶轮机 技术服务报价 船舶 航运 船舶设备 维护 员工旅游 交通补贴 专业培训 定期体检 补充医疗保险 餐饮补贴 绩效奖金 年终奖金 出国机会 六险一金 上海船友航运服务有限公司 船舶 航空 航天丨贸易 进出口民营150 500人 去聊聊 投递,,船舶 工程师 船厂 维修 成本 控制 英文 船舶 轮机 技术 服务 报价 船舶 航运 船舶 设备 维护 员工 旅游 交通 补贴 专业培训 定期 体检 补充 医疗保险 餐饮 补贴 绩效奖金 年终奖金 出国 机会 六险 一金 船舶 航空 航天 贸易 进出口 民营 船舶 工程师 上海 浦东新区 船厂 维修 成本 控制 英文 船舶 轮机 技术 服务 报价 船舶 航运 船舶 设备 维护 员工 旅游 交通 补贴 专业培训 定期 体检 补充 医疗保险 餐饮 补贴 绩效奖金 年终奖金 出国 机会 六险 一金 上海 船友 航运 服务 有限公司 船舶 航空 航天 贸易 进出口 民营 聊聊 投递
712,船舶审图工程师（总体/稳性）,1.5-3万,1500.0,30000.0,15750.0,False,上海,徐汇区,韩国船级社（中国）有限公司,检测/认证,未标明,50-150人,不限,未标明,英语|审图|韩语|cet_6|船舶|船舶海洋工程|船厂|船级社|性能计算|五险一金|补充医疗保险|带薪年假|员工旅游|年终奖金|绩效奖金|专业培训|出国机会|定期体检|出差补贴,19,船舶审图工程师 总体 稳性 英语 审图 韩语 cet 6 船舶 船舶海洋工程 船厂 船级社 性能计算 五险一金 补充医疗保险 带薪年假 员工旅游 年终奖金 绩效奖金 专业培训 出国机会 定期体检 出差补贴 检测 认证 外资 非欧美 50 150人 船舶审图工程师 总体 稳性 1.5 3万 上海 徐汇区 18分钟前回复 英语 审图 韩语 cet 6 船舶 船舶海洋工程 船厂 船级社 性能计算 五险一金 补充医疗保险 带薪年假 员工旅游 年终奖金 绩效奖金 专业培训 出国机会 定期体检 出差补贴 韩国船级社 中国 有限公司 检测 认证外资 非欧美 50 150人 去聊聊 投递,,船舶 审图 工程师 总体 稳性 英语 审图 韩语 cet 船舶 船舶 海洋工程 船厂 船级社 性能 计算 一金 补充 医疗保险 员工 旅游 年终奖金 绩效奖金 专业培训 出国 机会 定期 体检 出差 补贴 检测 认证 外资 欧美 船舶 审图 工程师 总体 稳性 上海 徐汇区 分钟 回复 英语 审图 韩语 cet 船舶 船舶 海洋工程 船厂 船级社 性能 计算 一金 补充 医疗保险 员工 旅游 年终奖金 绩效奖金 专业培训 出国 机会 定期 体检 出差 补贴 韩国 船级社 中国 有限公司 检测 认证 外资 欧美 聊聊 投递
713,机场运维岗,1-1.1万,1000.0,11000.0,6000.0,False,上海,浦东新区,上海东浦人力资源有限公司,人力资源服务,民营,150-500人,不限,未标明,机械|电气|后台管理|运维保障|cet六级|五险一金,6,机场运维岗 机械 电气 后台管理 运维保障 cet六级 五险一金 人力资源服务 民营 150 500人 机场运维岗 1 1.1万 上海 浦东新区 在线 本周查看简历3次 机械 电气 后台管理 运维保障 cet六级 五险一金 上海东浦人力资源有限公司 人力资源服务民营150 500人 去聊聊 投递,,机场 运维 机械 电气 后台 管理 运维 保障 cet 六级 一金 人力资源 服务 民营 机场 运维 上海 浦东新区 在线 本周 查看 简历 机械 电气 后台 管理 运维 保障 cet 六级 一金 上海 东浦 人力资源 有限公司 人力资源 服务 民营 聊聊 投递
