job_id,title,city,company,industry,industry_raw,comp_type,comp_size,salary_raw,salary_mid,salary_low,salary_high,is_daily_wage,log_salary,DTS,GCS,PBS,PES,SKILL_TOTAL,SKILL_DIM_N,EDU,GRF,welfare_n,skill_hits
1,2027应届-船体结构审图工程师,上海,劳氏船级社（中国）有限公司,装备制造,船舶/航空/航天,未标明,500-1000人,1.2-1.5万,8100.0,1200.0,15000.0,False,8.99961934066053,0,0,0,1,1,1,0,1,17,专业培训
2,机械员实习生,上海,上海普惠飞机发动机维修有限公司,装备制造,船舶/航空/航天,合资,150-500人,200元/天,4350.0,200.0,200.0,True,8.37793112408273,0,1,3,2,6,3,0,1,12,专业培训|实习|机械|机械工程|维修|英语
3,ENGEL上海技术培训生,上海,恩格尔机械（上海）有限公司,装备制造,机械/设备/重工,未标明,150-500人,6.5-8千·13薪,7250.0,6500.0,8000.0,False,8.88875674784872,1,0,2,0,3,2,0,1,6,CAD|机械|机械设计
4,阀门管培生,上海,上海浦东汉威阀门有限公司,装备制造,机械/设备/重工,民营,150-500人,6-8千,7000.0,6000.0,8000.0,False,8.85366542803745,0,1,5,2,8,3,0,1,17,专业培训|售后|市场调研|技能培训|机械|材料|物流|销售
5,大学生,上海,上海舟乐智慧新能装备有限公司,装备制造,机械/设备/重工,民营,150-500人,5-8千,6500.0,5000.0,8000.0,False,8.779557455883728,0,0,1,1,2,2,0,0,4,大学生|机械
6,大学生储备,上海,上海天永智能装备股份有限公司,装备制造,汽车研发/制造,未标明,500-1000人,5千-1万,7500.0,5000.0,10000.0,False,8.922658299524402,0,0,0,1,1,1,0,0,7,大学生
7,本科应届生,上海,上海维科精密模塑股份有限公司,装备制造,汽车零部件,未标明,1000-5000人,8千-1.2万,10000.0,8000.0,12000.0,False,9.210340371976184,0,0,1,1,2,2,4,1,9,校招|物流
8,大专应往届生可投（毕业三年内）,湖州,温州静音轴承有限公司,装备制造,机械/设备/重工丨汽车零部件丨船舶/航空/航天,民营,10000人以上,5.5-9千,7250.0,5500.0,9000.0,False,8.88875674784872,0,0,1,2,3,2,3,0,15,专业培训|晋升|机械
9,机械设计机器人自动化类经理助理,上海,西艾斯西石油设备（上海）有限责任公司,装备制造,石油/化工/矿产/地质,民营,少于50人,5.5-8千,6750.0,5500.0,8000.0,False,8.817297783866575,0,0,4,0,4,1,0,0,7,化工|机械|机械设计|自动化
10,焊装设计助理工程师,上海,上海荣成汽车装备科技有限公司,装备制造,机械/设备/重工丨仪器仪表/工业自动化,民营,50-150人,6千-1万,8000.0,6000.0,10000.0,False,8.987196820661973,0,0,2,1,3,2,0,0,11,专业培训|机械|自动化
11,服务工程师（应届生）,上海,新一深视（上海）智能科技有限公司,商贸服务,人工智能,民营,50-150人,5-6千,5500.0,5000.0,6000.0,False,8.612503371220562,1,0,0,0,1,1,0,1,9,人工智能
12,机械设计工程师（应届生）,上海,海克力斯（上海）自动化设备有限公司,装备制造,机械/设备/重工,未标明,50-150人,6-8千,7000.0,6000.0,8000.0,False,8.85366542803745,2,0,5,1,8,3,0,1,13,CAD|SolidWorks|专业培训|机械|机械设计|自动化|调试|软件
13,招聘专员,上海,前锦网络信息技术（上海）有限公司,商贸服务,人力资源服务,未标明,5000-10000人,1-1.5万·13薪,8000.0,1000.0,15000.0,False,8.987196820661973,0,0,2,0,2,1,0,0,5,人力资源|招聘
14,前端开发,上海,集思迪（大连）软件科技有限责任公司,信息技术,计算机软件,未标明,50-150人,1.5-2万·13薪,10750.0,1500.0,20000.0,False,9.28266103355581,8,0,0,0,8,1,0,0,23,HTML|Java|JavaScript|React|Vue|前端|计算机|软件
15,数据开发,上海,集思迪（大连）软件科技有限责任公司,信息技术,计算机软件,未标明,50-150人,1.5-3万·13薪,15750.0,1500.0,30000.0,False,9.66459564425378,10,0,0,1,11,2,0,0,22,Hadoop|Java|MySQL|Oracle|SQL|Spark|大数据|数据库|晋升|计算机|软件
16,IT高级项目经理,上海,集思迪（大连）软件科技有限责任公司,信息技术,计算机软件,未标明,50-150人,2.5-3万,16250.0,2500.0,30000.0,False,9.695848187757884,2,1,1,0,4,3,0,0,21,计算机|软件|金融|项目管理
17,管理培训生,上海,上海克万机械设备技术服务有限公司,装备制造,汽车研发/制造,民营,少于50人,5-8千·13薪,6500.0,5000.0,8000.0,False,8.779557455883728,0,0,1,2,3,2,0,1,8,专业培训|机械|管理培训
18,2026届管理培训生,上海,上海安吉斯鸿汽车销售服务有限公司,装备制造,汽车,国企,50-150人,6.5-9千,7750.0,6500.0,9000.0,False,8.955448122347393,0,0,1,1,2,2,0,2,1,管理培训|销售
19,焊接工艺技术员,上海,上海恒伸祥汽车部件有限公司,装备制造,汽车零部件,民营,50-150人,5-7千·13薪,6000.0,5000.0,7000.0,False,8.699514748210191,0,0,0,1,1,1,0,0,13,专业培训
20,机械产品工程师（接受应届）,上海,威琰机械科技（上海）有限公司,装备制造,汽车零部件丨机械/设备/重工丨仪器仪表/工业自动化,民营,50-150人,5千-1万,7500.0,5000.0,10000.0,False,8.922658299524402,0,0,2,1,3,2,0,1,4,专业培训|机械|自动化
21,工业润滑技术销售培养生,远程办公,上海森帝润滑技术有限公司,装备制造,化工丨机械/设备/重工丨矿产/地质,民营,50-150人,7-9千,8000.0,7000.0,9000.0,False,8.987196820661973,0,0,3,3,6,2,0,1,7,专业培训|化工|晋升|晋升通道|机械|销售
22,应届管培生,上海,微铁克（中国）投资有限公司,信息技术,电子/半导体/集成电路,未标明,150-500人,5-8千·13薪,6500.0,5000.0,8000.0,False,8.779557455883728,0,0,0,0,0,0,0,2,0,
23,机械管培生,上海,上海合纵重工机械有限公司,装备制造,机械/设备/重工,民营,50-150人,4.5-8千·13薪,6250.0,4500.0,8000.0,False,8.740336742730447,0,0,1,0,1,1,0,1,10,机械
24,管理培训生（技术方向）,上海,上海动亦科技有限公司,教育科研,原材料和加工,未标明,50-150人,5-7千,6000.0,5000.0,7000.0,False,8.699514748210191,0,0,4,3,7,2,0,1,11,学生干部|机械|机械工程|材料|理工科|管理培训|自动化
25,管培生-2026届应届生,上海,上海正宜机器工程技术制造有限公司,装备制造,机械/设备/重工,未标明,50-150人,6千-1万,8000.0,6000.0,10000.0,False,8.987196820661973,3,0,3,1,7,3,0,2,21,专业培训|机械|测试|自动化|营销|计算机|软件
26,销售工程师（应届生）,上海,山崎马扎克（中国）有限公司,装备制造,机械/设备/重工,未标明,1000-5000人,8千-1万,9000.0,8000.0,10000.0,False,9.104979856318357,0,0,2,0,2,1,0,1,10,机械|销售
27,机械工程师助理（应届/实习）,上海,占朗智能科技（上海）有限公司,装备制造,汽车研发/制造丨汽车零部件丨机械/设备/重工,民营,少于50人,5-9千,7000.0,5000.0,9000.0,False,8.85366542803745,0,0,2,1,3,2,0,2,4,实习|机械|机械工程
28,实习生,上海,上海永茂泰汽车零部件有限公司,装备制造,汽车零部件,未标明,500-1000人,3-6千,4500.0,3000.0,6000.0,False,8.411832675758411,0,0,0,2,2,1,0,1,8,专业培训|实习
29,应届生,上海,上海盛韬半导体科技有限公司,信息技术,电子/半导体/集成电路,民营,150-500人,5-8千·13薪,6500.0,5000.0,8000.0,False,8.779557455883728,1,3,0,0,4,2,0,1,18,Word|word|办公软件|软件
30,一线储备干部/管培生,上海,上海中集洋山物流装备有限公司,装备制造,货运/物流/仓储丨机械/设备/重工,合资,1000-5000人,8千-1万,9000.0,8000.0,10000.0,False,9.104979856318357,4,1,4,2,11,4,0,1,20,ERP|erp|专业培训|储备干部|分析报告|数据分析|机械|机械自动化|物流|现场管理|自动化
31,机械工程师（助理）实习生 (MJ000268),上海,星德科泰事达制药技术（上海）有限公司,装备制造,医疗设备/器械,未标明,50-150人,3-5千,4000.0,3000.0,5000.0,False,8.294049640102028,0,0,3,2,5,2,0,1,13,专业培训|实习|机械|机械工程|机械设计
32,大学生优先,上海,上海太平洋房屋服务有限公司,其他,地产经纪/中介,未标明,5000-10000人,8千-1.3万,10500.0,8000.0,13000.0,False,9.259130536145614,0,0,0,1,1,1,0,0,3,大学生
33,应届毕业生-管培生,上海,上海华迎汽车零部件有限公司,装备制造,汽车零部件,民营,150-500人,5-8千,6500.0,5000.0,8000.0,False,8.779557455883728,0,0,2,1,3,2,0,2,12,专业培训|机械|材料
34,车间管培生（上海）,上海,思源电气股份有限公司,装备制造,电气/电力/水利丨新能源丨汽车研发/制造,未标明,5000-10000人,6-8千,7000.0,6000.0,8000.0,False,8.85366542803745,0,0,5,1,6,2,0,1,16,保养|技能培训|新能源|机械|维护|自动化
35,焊接工艺技术员（接受实习生）,上海,上海本希机电科技有限公司,装备制造,机械/设备/重工,民营,少于50人,6-8千,7000.0,6000.0,8000.0,False,8.85366542803745,0,0,3,2,5,2,0,1,18,专业培训|实习|机械|材料|调试
36,外派销售,上海,上海扬诺锅炉制造有限公司,装备制造,机械/设备/重工,民营,50-150人,8千-1.3万,10500.0,8000.0,13000.0,False,9.259130536145614,1,1,2,1,5,4,0,0,10,办公软件|机械|理工科|软件|销售
37,应届管培生,上海,上海呼享环保科技有限公司,其他,原材料和加工,民营,50-150人,7-9千,8000.0,7000.0,9000.0,False,8.987196820661973,0,0,1,2,3,2,0,2,8,晋升|晋升通道|材料
38,应届生,上海,精基科技有限公司,装备制造,机械/设备/重工,民营,150-500人,5-7千·13薪,6000.0,5000.0,7000.0,False,8.699514748210191,0,0,1,0,1,1,0,1,1,机械
39,实习生(应届生)-机械设计,上海,特乐斯特机械（上海）有限公司,装备制造,机械/设备/重工,未标明,50-150人,4-6千,5000.0,4000.0,6000.0,False,8.517193191416238,0,0,3,2,5,2,0,2,9,专业培训|实习|机械|机械工程|机械设计
40,机器人调试工程师-应届,上海,上海翌鲲汽车装备有限公司,装备制造,汽车,民营,少于50人,4-6千,5000.0,4000.0,6000.0,False,8.517193191416238,0,0,1,1,2,2,0,1,8,专业培训|调试
41,工艺设计人员（校招岗位）,上海,上海纺织建筑设计研究院有限公司,商贸服务,其他专业服务,国企,150-500人,6-8千,7000.0,6000.0,8000.0,False,8.85366542803745,1,0,0,1,2,2,0,1,9,CAD|校招
42,机械设计实习生,上海,上海蜀马技术有限公司,装备制造,机械/设备/重工,民营,少于50人,4-6千,5000.0,4000.0,6000.0,False,8.517193191416238,0,0,2,1,3,2,0,1,4,实习|机械|机械设计
43,销售工程师（欢迎应届生加入）,上海,上海滤威过滤系统有限公司,装备制造,机械/设备/重工,民营,50-150人,6千-1.2万,9000.0,6000.0,12000.0,False,9.104979856318357,0,0,2,1,3,2,0,1,16,专业培训|机械|销售
44,机械助理工程师（接受应届生）,上海,上海智机工业设备有限公司,装备制造,汽车研发/制造丨汽车零部件丨机械/设备/重工,民营,50-150人,4-8千,6000.0,4000.0,8000.0,False,8.699514748210191,0,0,1,0,1,1,0,1,1,机械
45,销售工程师（面向应届毕业生）,上海,上海兴源东安电气设备制造有限公司,装备制造,仪器仪表/工业自动化,民营,500-1000人,7千-1万,8500.0,7000.0,10000.0,False,9.047821442478408,0,0,3,1,4,2,0,1,11,专业培训|机械|自动化|销售
46,应届生,上海,上海南自科技股份有限公司,装备制造,仪器仪表/工业自动化,民营,150-500人,5-6千,5500.0,5000.0,6000.0,False,8.612503371220562,0,0,1,1,2,2,0,1,10,专业培训|自动化
47,工艺助理工程师（27届毕业生）,上海,上海银轮热交换系统有限公司,装备制造,汽车零部件,民营,500-1000人,6-7千·14薪,6500.0,6000.0,7000.0,False,8.779557455883728,0,0,2,0,2,1,0,1,9,机械|材料
48,加工中心见习岗（26届应届生）,上海,上海神开石油化工装备股份有限公司,石油化工,石油/石化,未标明,1000-5000人,3-4.6千,3800.0,3000.0,4600.0,False,8.242756345714477,0,0,1,2,3,2,0,2,15,专业培训|化工|见习
49,本科优先+单间住宿+可线上面试+正式Offer,上海,上海太平洋房屋服务有限公司,其他,地产经纪/中介,未标明,5000-10000人,8千-1.4万·13薪,11000.0,8000.0,14000.0,False,9.305650551780507,0,0,0,0,0,0,4,0,4,
50,纺织设备技术员,上海,内蒙古鄂尔多斯电力冶金集团股份有限公司,装备制造,化工丨电气/电力/水利丨采掘/冶炼,民营,500-1000人,4-8千,6000.0,4000.0,8000.0,False,8.699514748210191,1,0,5,0,6,2,0,0,12,PLC|保养|化工|维修|自动化|调试
51,外企新材料厂普工操作工CNC操作工,上海,上海万鑫人力资源（集团）有限公司,装备制造,机械/设备/重工,民营,50-150人,7-9千,8000.0,7000.0,9000.0,False,8.987196820661973,0,0,3,0,3,1,0,0,11,人力资源|机械|材料
52,管培生,上海,上海华智易通新能源科技有限公司,装备制造,汽车零部件,民营,50-150人,5-8千,6500.0,5000.0,8000.0,False,8.779557455883728,0,0,4,2,6,2,0,1,14,专业培训|新能源|机械|材料|理工科|自动化
53,应届毕业生/技术助理,上海,上海联明机械股份有限公司,装备制造,机械/设备/重工,民营,500-1000人,5-7千,6000.0,5000.0,7000.0,False,8.699514748210191,0,0,1,0,1,1,0,1,4,机械
54,销售工程师（应届毕业生）,上海,宏发自动化设备（上海）有限公司,装备制造,仪器仪表/工业自动化,未标明,少于50人,6.5-8.5千,7500.0,6500.0,8500.0,False,8.922658299524402,0,0,6,0,6,1,0,1,25,售后|机械|机械自动化|自动化|营销|销售
55,大学生优先 解决住宿 师傅带教,上海,上海太平洋房屋服务有限公司,其他,地产经纪/中介,未标明,5000-10000人,8千-1.3万,10500.0,8000.0,13000.0,False,9.259130536145614,0,2,0,4,6,2,0,0,25,协作|团队协作|大学生|就近分配|师傅带教|晋升
56,报销车票+线上面试发offer+提供住宿,上海,上海太平洋房屋服务有限公司,其他,地产经纪/中介,未标明,5000-10000人,8千-1.6万,12000.0,8000.0,16000.0,False,9.392661928770137,0,0,0,4,4,1,0,0,22,员工培训|就近分配|技能培训|晋升
57,制管学徒,上海,万德浮（上海）新材料股份有限公司,装备制造,机械/设备/重工,民营,50-150人,4.5-5千,4750.0,4500.0,5000.0,False,8.465899897028686,0,0,2,0,2,1,0,0,0,机械|材料
58,储备干部,上海,上海侨亨实业有限公司,装备制造,汽车研发/制造,民营,500-1000人,6-8千,7000.0,6000.0,8000.0,False,8.85366542803745,0,0,1,1,2,2,0,1,2,储备干部|自动化
59,大学生优先+可线上面试+正式offer+单间住宿,上海,上海太平洋房屋服务有限公司,其他,地产经纪/中介,未标明,5000-10000人,9千-1.4万,11500.0,9000.0,14000.0,False,9.350102314351341,0,0,1,3,4,2,0,0,14,专业培训|大学生|师傅带教|销售
60,大学生优先底薪8k+线上面试+正式offer,上海,上海太平洋房屋服务有限公司,其他,地产经纪/中介,未标明,5000-10000人,1.5-2.1万,11250.0,1500.0,21000.0,False,9.328123407632566,0,0,0,3,3,1,0,0,13,专业培训|大学生|师傅带教
61,招聘专员（on-site),上海,希思黎（上海）化妆品商贸有限公司,其他,日化/化妆品,未标明,500-1000人,8千-1万,9000.0,8000.0,10000.0,False,9.104979856318357,0,0,1,0,1,1,0,0,1,招聘
62,HR Intern - Training & Development,上海,喜利得（上海）有限公司,装备制造,工程施工丨原材料和加工丨机械/设备/重工,未标明,150-500人,3.3-4.4千,3850.0,3300.0,4400.0,False,8.25582842728183,0,0,2,1,3,2,0,0,10,专业培训|机械|材料
63,校园实习生,上海,上海撕凯国际货运代理有限公司,商贸服务,货运/物流/仓储,未标明,少于50人,3.5-5千,4250.0,3500.0,5000.0,False,8.354674261918463,0,0,1,1,2,2,0,1,7,实习|物流
64,Human Resource Specialist,上海,以星综合航运（中国）有限公司,其他,交通/运输/客运,未标明,150-500人,10-13万/年,70000.0,10000.0,130000.0,False,11.156250521031495,0,0,2,1,3,2,0,0,9,专业培训|人力资源|招聘
65,HR经理（机器人行业）,上海,上海世纪云端智能信息科技有限公司,其他,人工智能,民营,少于50人,6千-1万,8000.0,6000.0,10000.0,False,8.987196820661973,1,0,1,1,3,3,0,0,6,专业培训|人工智能|招聘
66,实习生（行政助理方向）,上海,华为问界店,装备制造,汽车,合资,50-150人,4-4.5千,4250.0,4000.0,4500.0,False,8.354674261918463,0,0,2,1,3,2,0,1,4,实习|新能源|行政
67,零售训练生（全国开放）ID218757,上海,宝格丽商业（上海）有限公司,商贸服务,其他行业,未标明,150-500人,4-6千,5000.0,4000.0,6000.0,False,8.517193191416238,0,0,3,0,3,1,0,0,4,售后|销售|零售
68,招聘专员,上海,欧立腾（北京）技术咨询有限公司上海分公司,装备制造,汽车研发/制造丨汽车零部件,民营,500-1000人,6-7千,6500.0,6000.0,7000.0,False,8.779557455883728,0,0,1,0,1,1,0,0,4,招聘
69,猎头/rpo招聘顾问,上海,香博（上海）科技有限公司,其他,咨询,民营,少于50人,7千-1.4万,10500.0,7000.0,14000.0,False,9.259130536145614,0,0,1,0,1,1,0,0,14,招聘
70,机械制造业HRBP（招聘方向）,上海,温州静音轴承有限公司,装备制造,机械/设备/重工丨汽车零部件丨船舶/航空/航天,民营,10000人以上,6.5-8千·13薪,7250.0,6500.0,8000.0,False,8.88875674784872,0,0,2,1,3,2,0,0,21,专业培训|招聘|机械
71,HR Intern-Retail HRBP,上海,伽仂（上海）技术服务有限公司,商贸服务,人力资源服务,民营,150-500人,200元/天,4350.0,200.0,200.0,True,8.37793112408273,0,0,1,4,5,2,0,0,15,专业培训|人力资源|导师带教|晋升|职业发展
72,应届生/实习生,上海,上海冠松汽车发展有限公司,其他,4S店/车后市场,合资,1000-5000人,7-8千,7500.0,7000.0,8000.0,False,8.922658299524402,0,0,0,1,1,1,0,2,4,实习
73,必胜客餐厅储备经理-上生新所-15340,上海,上海必胜客有限公司,商贸服务,餐饮,未标明,10000人以上,5-6千,5500.0,5000.0,6000.0,False,8.612503371220562,0,0,0,1,1,1,0,1,16,晋升
74,27届校招-中国科学技术大学校园大使,上海,上海回天新材料有限公司,石油化工,化工,未标明,1000-5000人,3千及以下,3000.0,3000.0,3000.0,False,8.006367567650246,0,2,3,2,7,3,0,1,15,PPT|ppt|化工|学生会|招聘|材料|校招
75,实习生（2027届）,上海,东航飞机维修工程（上海）有限公司,装备制造,船舶/航空/航天,国企,500-1000人,3千及以下,3000.0,3000.0,3000.0,False,8.006367567650246,0,0,1,1,2,2,0,2,0,实习|维修
76,校园大使（华东理工大学）(J11038),上海,上海回天新材料有限公司,石油化工,化工,未标明,1000-5000人,130元/天,2827.5,130.0,130.0,True,7.947148207990275,0,0,2,1,3,2,0,0,4,化工|材料|校招
77,HR实习生（招聘）(J14145),上海,上海天逸电器有限公司,其他,电气/电力/水利,合资,150-500人,130元/天,2827.5,130.0,130.0,True,7.947148207990275,0,0,1,1,2,2,0,1,7,实习|招聘
78,招聘助理,上海,上海光名新能源科技有限公司,装备制造,机械/设备/重工,民营,500-1000人,6-8千,7000.0,6000.0,8000.0,False,8.85366542803745,0,0,3,1,4,2,0,0,10,专业培训|招聘|新能源|机械
79,rpo顾问-自招,上海,前锦网络信息技术（上海）有限公司,商贸服务,人力资源服务,未标明,5000-10000人,6-9千,7500.0,6000.0,9000.0,False,8.922658299524402,0,0,1,0,1,1,0,0,7,人力资源
80,HR Team Intern(office HRBP),上海,伽仂（上海）技术服务有限公司,商贸服务,人力资源服务,民营,150-500人,200元/天,4350.0,200.0,200.0,True,8.37793112408273,0,0,1,5,6,2,0,0,17,专业培训|人力资源|实习|导师带教|晋升|职业发展
81,招聘实习生,上海,赛科工业科技开发（武汉）有限公司上海分公司,装备制造,汽车零部件,未标明,150-500人,2.8-3.2千,3000.0,2800.0,3200.0,False,8.006367567650246,0,4,2,1,7,3,0,1,6,Excel|Word|excel|word|实习|招聘|简历筛选
82,HR实习生,上海,延锋汽车饰件系统宁波有限公司,装备制造,汽车研发/制造丨汽车零部件,民营,150-500人,3-4.5千,3750.0,3000.0,4500.0,False,8.229511118964457,0,0,0,2,2,1,0,1,2,内部培训|实习
83,HR实习生(J10220),上海,上海利氪科技有限公司,装备制造,汽车零部件丨汽车研发/制造,民营,500-1000人,200元/天,4350.0,200.0,200.0,True,8.37793112408273,0,0,0,1,1,1,0,1,0,实习
84,现场服务工程师-美资外企,上海,前锦网络信息技术（上海）有限公司,商贸服务,人力资源服务,未标明,5000-10000人,2-3万·14薪,16000.0,2000.0,30000.0,False,9.680344001221918,0,0,1,0,1,1,0,0,7,人力资源
85,HR实习生,上海,上海良信电器股份有限公司,装备制造,仪器仪表/工业自动化丨电气/电力/水利,未标明,1000-5000人,135元/天,2936.25,135.0,135.0,True,7.9848885359731225,0,0,1,1,2,2,0,1,1,实习|自动化
86,HR Intern,上海,璞致（上海）商贸有限公司,商贸服务,日化/化妆品丨批发/零售,未标明,150-500人,200元/天,4350.0,200.0,200.0,True,8.37793112408273,0,0,4,2,6,2,0,0,7,人力资源|实习|招聘|校招|简历筛选|零售
87,HR实习生,上海,蒙特空气处理设备（江苏）有限责任公司,装备制造,机械/设备/重工,未标明,150-500人,150元/天,3262.5,150.0,150.0,True,8.090249051630948,0,1,5,1,7,3,0,1,9,人力资源|人力资源管理|实习|机械|沟通|行政|行政管理
88,招聘实习生,上海,中微半导体设备（上海）股份有限公司,信息技术,电子/半导体/集成电路,合资,500-1000人,150元/天,3262.5,150.0,150.0,True,8.090249051630948,0,0,1,2,3,2,0,1,10,实习|招聘|校招
89,HRBP人力资源助理,上海,上海曼茂科技有限公司,商贸服务,其他专业服务,民营,少于50人,7千-1.1万,9000.0,7000.0,11000.0,False,9.104979856318357,0,0,1,0,1,1,0,0,7,人力资源
90,就业指导专员,上海,上海智奥胜国际商务发展有限公司,其他,咨询,民营,少于50人,6-8千,7000.0,6000.0,8000.0,False,8.85366542803745,1,0,0,0,1,1,0,0,14,分析报告
91,HR实习生,上海,琻捷电子科技（江苏）股份有限公司,信息技术,电子/半导体/集成电路,未标明,150-500人,150元/天,3262.5,150.0,150.0,True,8.090249051630948,1,1,1,1,4,4,0,1,7,办公软件|实习|招聘|软件
92,HR实习生（招聘方向）,上海,百度在线网络技术（北京）有限公司上海软件技术分公司,其他,广告,民营,10000人以上,3-4千,3500.0,3000.0,4000.0,False,8.160518247477505,1,2,3,1,7,4,0,1,10,Excel|excel|人力资源|实习|招聘|软件|运营
93,人事招聘实习生,上海,至成微科技（上海）有限公司,信息技术,电子/半导体/集成电路,民营,50-150人,150元/天,3262.5,150.0,150.0,True,8.090249051630948,0,0,1,1,2,2,0,1,0,实习|招聘
94,HR实习生,上海,瀚晖制药有限公司,建筑地产,制药/生物工程,民营,500-1000人,140元/天,3045.0,140.0,140.0,True,8.021256180143997,0,6,4,1,11,3,0,1,10,Excel|PPT|Word|excel|ppt|word|人力资源|实习|招聘|筛选简历|行政
95,人力资源部门实习生,上海,上海为园教育科技有限公司,教育科研,教育/培训/院校,民营,150-500人,200元/天,4350.0,200.0,200.0,True,8.37793112408273,0,0,3,1,4,2,0,1,6,人力资源|实习|招聘|筛选简历
96,招聘助理(J17286),上海,长鑫存储技术有限公司,信息技术,电子/半导体/集成电路,民营,1000-5000人,6-8千·13薪,7000.0,6000.0,8000.0,False,8.85366542803745,0,0,1,0,1,1,0,0,10,招聘
97,人事招聘实习生,上海,上海陶术生物科技股份有限公司,建筑地产,制药/生物工程,民营,150-500人,3-3.2千,3100.0,3000.0,3200.0,False,8.039157390473237,1,7,2,2,12,4,0,1,24,Excel|PPT|Word|excel|ppt|word|专业培训|办公软件|实习|招聘|简历筛选|软件
98,实验室技术员 (有机合成）,上海,康化（上海）新药研发有限公司,石油化工,制药/生物工程丨化工,民营,150-500人,6.5千-1.3万,9750.0,6500.0,13000.0,False,9.185022563991893,0,0,5,0,5,1,0,0,18,化学|化工|应用化学|有机合成反应|药学
99,有机合成研究员,上海,康化（上海）新药研发有限公司,石油化工,制药/生物工程丨化工,民营,150-500人,7.5千-1.5万,11250.0,7500.0,15000.0,False,9.328123407632566,0,0,5,0,5,1,0,0,17,化学|化工|应用化学|有机合成反应|药学
100,人事实习生,上海,上海麦克林生化科技股份有限公司,石油化工,化工,民营,150-500人,150元/天,3262.5,150.0,150.0,True,8.090249051630948,0,0,2,1,3,2,0,1,5,化工|实习|筛选简历
101,大学生助教,上海,上海百德培训学校有限公司,教育科研,教育/培训/院校,民营,1000-5000人,150元/天,3262.5,150.0,150.0,True,8.090249051630948,0,0,0,1,1,1,0,0,6,大学生
102,行政实习生,上海,蒂升电梯（中国）有限公司,装备制造,机械/设备/重工,未标明,10000人以上,2.5-3.8千,3150.0,2500.0,3800.0,False,8.055157731819678,0,4,2,2,8,3,0,1,14,Excel|Word|excel|word|专业培训|实习|机械|行政
103,人力资源实习 27届(J11424),上海,豪威科技（上海）有限公司,信息技术,电子/半导体/集成电路,未标明,1000-5000人,200元/天,4350.0,200.0,200.0,True,8.37793112408273,0,0,1,1,2,2,0,1,4,人力资源|实习
104,实习生-业务服务中心,上海,蒂升电梯（中国）有限公司,装备制造,机械/设备/重工,未标明,10000人以上,3-4千,3500.0,3000.0,4000.0,False,8.160518247477505,0,0,1,2,3,2,0,1,3,专业培训|实习|机械
105,人力资源实习生(J10911),上海,迈威（上海）生物科技股份有限公司,建筑地产,制药/生物工程,未标明,1000-5000人,3-4千,3500.0,3000.0,4000.0,False,8.160518247477505,0,0,1,1,2,2,0,1,0,人力资源|实习
106,人力资源实习生,上海,上海基煜基金销售有限公司,金融,基金,民营,50-150人,150元/天,3262.5,150.0,150.0,True,8.090249051630948,4,5,3,1,13,4,0,1,11,ERP|Excel|Word|erp|excel|word|人力资源|办公软件|实习|招聘|数据分析|软件|销售
107,有机合成研究员（上海实验室）,上海,康化（上海）新药研发有限公司,石油化工,制药/生物工程丨化工,民营,150-500人,1.1-2万,10550.0,1100.0,20000.0,False,9.263881138904212,0,0,5,0,5,1,0,0,22,化学|化工|应用化学|有机合成反应|药学
108,销售总监助理,上海,晖致制药（大连）有限公司,建筑地产,制药/生物工程,未标明,5000-10000人,9千-1.5万,12000.0,9000.0,15000.0,False,9.392661928770137,0,0,1,0,1,1,0,0,0,销售
109,(资深) 集装箱新船监造工程师,上海,东方海外货柜航运（中国）有限公司,商贸服务,货运/物流/仓储丨交通/运输/客运,未标明,500-1000人,2.5-4.5万·13薪,23750.0,2500.0,45000.0,False,10.075337809462788,0,0,1,1,2,2,0,0,7,专业培训|物流
110,数控学徒/装配,上海,上海瓴爵机电设备有限公司,装备制造,机械/设备/重工,民营,少于50人,4.5-6千,5250.0,4500.0,6000.0,False,8.565983355585669,0,0,2,0,2,1,0,0,4,数控|机械
111,数控操机（实习生）,上海,上海精稳密封技术有限公司,装备制造,船舶/航空/航天丨机械/设备/重工,民营,少于50人,3-4千,3500.0,3000.0,4000.0,False,8.160518247477505,0,0,2,2,4,2,0,1,9,专业培训|实习|数控|机械
112,数控操作工-可接受应届毕业生,上海,中电科微波通信（上海）股份有限公司,装备制造,船舶/航空/航天,国企,50-150人,5-7千,6000.0,5000.0,7000.0,False,8.699514748210191,0,0,3,0,3,1,0,1,15,保养|数控|维修
113,数控磨床调试实习生,上海,上海井研精密工具有限公司,装备制造,汽车零部件丨机械/设备/重工丨汽车研发/制造,民营,50-150人,5-8千·13薪,6500.0,5000.0,8000.0,False,8.779557455883728,0,0,3,2,5,2,0,1,13,专业培训|实习|数控|机械|调试
114,智造先锋营训练生（生产方向）,上海,福达（上海）食品有限公司,其他,食品/饮料/粮油,未标明,500-1000人,5-8千·13薪,6500.0,5000.0,8000.0,False,8.779557455883728,0,0,0,1,1,1,0,0,1,储备干部
115,见习学员,上海,上海博优环境科技发展有限公司,石油化工,环保丨化工,民营,50-150人,2.4-3.2千,2800.0,2400.0,3200.0,False,7.937374696163295,0,5,1,1,7,3,0,1,4,Excel|Word|excel|word|化工|沟通|见习
116,总装车间装配工（学徒工或小工）,上海,上海沪工焊接集团股份有限公司,装备制造,机械/设备/重工,未标明,1000-5000人,4-8千,6000.0,4000.0,8000.0,False,8.699514748210191,0,0,1,0,1,1,0,0,0,机械
117,设备安装调试学徒,上海,上海帛贤智能科技有限公司,装备制造,汽车零部件丨机械/设备/重工丨仪器仪表/工业自动化,民营,少于50人,3.5-7千,5250.0,3500.0,7000.0,False,8.565983355585669,0,0,3,1,4,2,0,0,8,专业培训|机械|自动化|调试
118,机械装配学徒,上海,上海胤勤自动化科技有限公司,装备制造,仪器仪表/工业自动化,民营,150-500人,3-5千·13薪,4000.0,3000.0,5000.0,False,8.294049640102028,0,0,2,1,3,2,0,0,6,专业培训|机械|自动化
119,自动化设备作业及维护,上海,上海美蓓亚精密机电有限公司,装备制造,机械/设备/重工,未标明,1000-5000人,4-8千·14薪,6000.0,4000.0,8000.0,False,8.699514748210191,0,0,3,1,4,2,0,0,5,技能培训|机械|维护|自动化
120,设备操作员,上海,上海光名新能源科技有限公司,装备制造,机械/设备/重工,民营,500-1000人,6-8千,7000.0,6000.0,8000.0,False,8.85366542803745,0,0,2,1,3,2,0,0,22,专业培训|新能源|机械
121,生产操作工,上海,向盈香精香料（上海）有限公司,石油化工,日化/化妆品丨化工丨原材料和加工,民营,50-150人,4.5-6千·13薪,5250.0,4500.0,6000.0,False,8.565983355585669,0,0,2,0,2,1,0,0,5,化工|材料
122,生产管培生,上海,上海盛韬半导体科技有限公司,信息技术,电子/半导体/集成电路,民营,150-500人,4-4.5千,4250.0,4000.0,4500.0,False,8.354674261918463,0,0,0,0,0,0,0,1,10,
123,操作工,上海,上海恩捷新材料科技有限公司,石油化工,新能源,未标明,5000-10000人,4-7千,5500.0,4000.0,7000.0,False,8.612503371220562,0,0,2,0,2,1,0,0,5,新能源|材料
124,生产实习生,上海,上海紫丹印务有限公司,其他,印刷/包装/造纸,民营,500-1000人,2.7-5千,3850.0,2700.0,5000.0,False,8.25582842728183,0,0,0,3,3,1,0,1,6,实习|晋升|晋升通道
125,生产岗,上海,半宅领地（上海）科技服务有限公司,石油化工,新能源,民营,少于50人,5.2-5.5千,5350.0,5200.0,5500.0,False,8.584851839890053,0,0,1,0,1,1,0,0,1,新能源
126,生产操作工,上海,上海新研工业设备股份有限公司,装备制造,机械/设备/重工,民营,150-500人,5.5-7.5千,6500.0,5500.0,7500.0,False,8.779557455883728,0,0,1,0,1,1,0,0,0,机械
127,生产操作工,上海,上海集天紧固件有限公司,商贸服务,贸易/进出口,民营,少于50人,5-6千·13薪,5500.0,5000.0,6000.0,False,8.612503371220562,0,0,0,0,0,0,0,0,4,
128,生产车间管培生,上海,上海骄果食品有限公司,其他,食品/饮料/粮油,民营,150-500人,6-8千,7000.0,6000.0,8000.0,False,8.85366542803745,0,0,0,0,0,0,0,1,3,
129,生产操作工\普工（储备干部）,上海,上海欧伊恩汽车零部件有限公司,装备制造,汽车零部件,未标明,50-150人,5.5-8千,6750.0,5500.0,8000.0,False,8.817297783866575,0,0,0,2,2,1,0,1,15,专业培训|储备干部
130,仓库管理员,上海,物产中大物流投资集团有限公司,商贸服务,货运/物流/仓储,国企,500-1000人,3.5-4千,3750.0,3500.0,4000.0,False,8.229511118964457,0,0,3,0,3,1,0,0,7,仓库管理|物流|盘点
131,机械实习生,上海,茂英电子（上海）有限公司,装备制造,其他行业,未标明,50-150人,150元/天,3262.5,150.0,150.0,True,8.090249051630948,0,0,1,1,2,2,0,1,0,实习|机械
132,机械维修工,上海,上海昊继机电设备有限公司,装备制造,其他行业,民营,未标明,5千-1万,7500.0,5000.0,10000.0,False,8.922658299524402,1,0,6,1,8,3,0,0,11,保养|内部培训|机械|测试|维修|维护|自动化|调试
133,必胜客餐厅储备经理-新邻生活广场-13148,上海,上海必胜客有限公司,商贸服务,餐饮,未标明,10000人以上,5-6千,5500.0,5000.0,6000.0,False,8.612503371220562,0,0,0,1,1,1,0,1,16,晋升
134,实习生（机电相关专业）,上海,上海康美特科技发展有限公司,石油化工,化工,民营,50-150人,3-5千,4000.0,3000.0,5000.0,False,8.294049640102028,0,0,2,1,3,2,0,1,10,化工|实习|维修
135,实习生-生产岗,上海,上海甬道设备科技有限公司,石油化工,新能源,民营,150-500人,2.6-3.5千,3050.0,2600.0,3500.0,False,8.022896869601457,0,0,1,2,3,2,0,1,2,专业培训|实习|新能源
136,机械技师实习,上海,上海达盾自动化科技有限公司,装备制造,仪器仪表/工业自动化丨机械/设备/重工,民营,50-150人,4-4.5千,4250.0,4000.0,4500.0,False,8.354674261918463,0,0,2,1,3,2,0,1,10,实习|机械|自动化
137,储备干部,上海,上海晟敏投资集团有限公司,其他,交通/运输/客运,民营,500-1000人,6.5-7.5千·13薪,7000.0,6500.0,7500.0,False,8.85366542803745,0,0,1,3,4,2,0,1,20,专业培训|储备干部|晋升|物流
138,后备设备维修技工,上海,河南双汇投资发展股份有限公司,装备制造,食品/饮料/粮油,未标明,10000人以上,6.5-8千,7250.0,6500.0,8000.0,False,8.88875674784872,0,0,5,2,7,2,0,0,12,保养|技能培训|晋升|机械|机械自动化|维修|自动化
139,应届校招 提供住宿 线上面试 10k,上海,上海太平洋房屋服务有限公司,其他,地产经纪/中介,未标明,5000-10000人,8千-1.6万,12000.0,8000.0,16000.0,False,9.392661928770137,0,0,0,5,5,1,0,1,19,就近分配|师傅带教|带薪培训|晋升|校招
140,设备安装调试技术员,上海,上海帛贤智能科技有限公司,装备制造,汽车零部件丨机械/设备/重工丨仪器仪表/工业自动化,民营,少于50人,4-8千,6000.0,4000.0,8000.0,False,8.699514748210191,0,0,3,1,4,2,0,0,19,专业培训|机械|自动化|调试
141,销售工程师（上海）,上海,大连力迪流体控制技术有限公司,装备制造,机械/设备/重工,民营,50-150人,6千-1万,8000.0,6000.0,10000.0,False,8.987196820661973,0,0,3,1,4,2,0,0,17,专业培训|机械|自动化|销售
142,机械技术员,上海,上海博鸿汽车配件有限公司,装备制造,汽车零部件,民营,少于50人,5-8千,6500.0,5000.0,8000.0,False,8.779557455883728,0,0,1,0,1,1,0,0,1,机械
143,人力资源部管培生,上海,雅诗兰黛（上海）商贸有限公司,商贸服务,批发/零售,未标明,5000-10000人,1.5-2万,10750.0,1500.0,20000.0,False,9.28266103355581,0,0,2,0,2,1,0,1,0,人力资源|零售
144,管培生,上海,上海清竹园墓园有限公司,商贸服务,工程施工丨物业服务,民营,150-500人,1-1.5万·14薪,8000.0,1000.0,15000.0,False,8.987196820661973,0,1,1,1,3,3,0,1,10,专业培训|市场营销|营销
145,Management Trainee - 管理培训生,上海,北京康捷空国际货运代理有限公司上海分公司,商贸服务,货运/物流/仓储,合资,500-1000人,10-15万/年,80000.0,10000.0,150000.0,False,11.289781913656018,0,0,1,2,3,2,0,1,7,专业培训|物流|管理培训
146,管培生,上海,上海久事国际体育中心有限公司,商贸服务,体育丨租赁服务,国企,50-150人,13-15万/年,81500.0,13000.0,150000.0,False,11.308358299228955,0,0,0,0,0,0,0,1,0,
147,零售管培生,上海,雅诗兰黛（上海）商贸有限公司,商贸服务,批发/零售,未标明,5000-10000人,1.5-2万,10750.0,1500.0,20000.0,False,9.28266103355581,0,0,1,0,1,1,0,1,0,零售
148,储备干部（数字化方向）,上海,上海益丰大药房连锁有限公司,商贸服务,批发/零售,未标明,10000人以上,1.2-2.4万·13薪,12600.0,1200.0,24000.0,False,9.441452092939569,1,1,5,4,11,4,0,1,23,专业培训|储备干部|分析报告|学生干部|导师带教|经营管理|药学|营销|运营|门店运营|零售
149,社招 管培生,上海,上海长基供应链集团有限公司,商贸服务,货运/物流/仓储,民营,150-500人,1-1.5万,8000.0,1000.0,15000.0,False,8.987196820661973,0,1,3,1,5,3,0,1,10,储备干部|物流|自动化|营销|项目管理
150,集团管培生｜跨部门轮岗,上海,南通富通家居用品有限公司,商贸服务,贸易/进出口,民营,150-500人,1-2万·15薪,10500.0,1000.0,20000.0,False,9.259130536145614,0,0,1,3,4,2,0,1,21,晋升|晋升通道|管理培训|运营
151,市场管培生,上海,上海核子企业管理咨询有限公司,其他,文化艺术/娱乐,合资,150-500人,8千-1.1万,9500.0,8000.0,11000.0,False,9.159047077588632,0,0,0,0,0,0,0,1,11,
152,储备干部（营商方向）,上海,上海益丰大药房连锁有限公司,商贸服务,批发/零售,未标明,10000人以上,1.2-2.4万·13薪,12600.0,1200.0,24000.0,False,9.441452092939569,0,1,6,2,9,3,0,1,17,储备干部|化学|导师带教|经营管理|药学|营销|运营|门店运营|零售
153,时尚精英管培生-上海校招(J10734),上海,衣臻时装有限公司,其他,服装,未标明,500-1000人,1-1.6万,8500.0,1000.0,16000.0,False,9.047821442478408,0,1,3,5,9,3,0,2,25,内部培训|员工培训|客户关系|晋升|校招|职业发展|运营|销售|门店运营
154,管培生（项目总培养方向）(J11291),上海,合商科技有限公司上海分公司,商贸服务,物业服务丨工程施工丨装修装饰,未标明,5000-10000人,8千-1.3万,10500.0,8000.0,13000.0,False,9.259130536145614,1,0,2,0,3,2,0,2,21,市场推广|数据分析|运营
155,本科优先 管培生 可线上面试发offer,上海,上海太平洋房屋服务有限公司,其他,地产经纪/中介,未标明,5000-10000人,9千-1.4万·13薪,11500.0,9000.0,14000.0,False,9.350102314351341,0,0,0,2,2,1,4,1,18,带薪培训|晋升
156,管培生MT,上海,上海胜狮集成设备有限公司,装备制造,机械/设备/重工,未标明,150-500人,1-1.5万·13薪,8000.0,1000.0,15000.0,False,8.987196820661973,2,1,1,3,7,4,0,1,14,ERP|erp|专业培训|市场调研|晋升|晋升通道|机械
157,综合管培生（27届校招专项计划）,上海,上海奥索斯自动化科技有限公司,装备制造,机械/设备/重工,民营,500-1000人,9千-1.4万·14薪,11500.0,9000.0,14000.0,False,9.350102314351341,1,0,3,4,8,3,0,3,22,专业培训|数据统计|晋升|晋升通道|机械|校招|自动化|运营
158,国企管培生（世界500强）,上海,上海安吉名流汽车服务有限公司,装备制造,汽车,国企,150-500人,7.5-9千,8250.0,7500.0,9000.0,False,9.017968479328726,0,0,0,0,0,0,0,1,3,
159,经营管理管培生（27校招专项计划）,上海,上海奥索斯自动化科技有限公司,装备制造,机械/设备/重工,民营,500-1000人,9千-1.4万·14薪,11500.0,9000.0,14000.0,False,9.350102314351341,1,2,4,2,9,4,0,2,20,专业培训|市场营销|数据分析|机械|校招|经营管理|自动化|营销|财务管理
160,管培生,上海,广东航桥国际物流股份有限公司,商贸服务,货运/物流/仓储,未标明,50-150人,7千-1万·13薪,8500.0,7000.0,10000.0,False,9.047821442478408,0,1,1,1,3,3,0,1,11,专业培训|物流|英语
161,管培生,上海,天津环球科技服务有限公司,商贸服务,人力资源服务,民营,50-150人,8千-1.1万,9500.0,8000.0,11000.0,False,9.159047077588632,0,3,2,1,6,3,0,1,23,专业培训|人力资源|市场调研|英语|营销|项目管理
162,HR管培生,上海,佛吉亚（上海）汽车零部件有限公司,装备制造,汽车零部件,未标明,150-500人,9千-1万·13薪,9500.0,9000.0,10000.0,False,9.159047077588632,0,0,0,0,0,0,0,1,1,
163,菁英计划 上海青岛啤酒销售有限公司,上海,上海市宝山区人才工作局,其他,政府/公共事业,事业单位,少于50人,7.5千-1万,8750.0,7500.0,10000.0,False,9.07680897935166,0,0,1,0,1,1,0,0,2,销售
164,ZARA 门店顾客体验管培生 上海,上海,ZARA,商贸服务,批发/零售,未标明,5000-10000人,9千-1万·13薪,9500.0,9000.0,10000.0,False,9.159047077588632,0,1,5,4,10,3,0,1,23,专业培训|内部培训|化工|市场营销|晋升|管理培训|营销|运营|门店运营|零售
165,管培生,上海,上海光正新视界眼科医院投资有限公司,医疗健康,在线医疗丨医疗/护理/卫生,民营,1000-5000人,7-9千,8000.0,7000.0,9000.0,False,8.987196820661973,1,0,0,0,1,1,0,1,11,分析报告
166,管理培训生,上海,山东燚晨医药科技有限公司,装备制造,医疗设备/器械,民营,未标明,7千-1.2万,9500.0,7000.0,12000.0,False,9.159047077588632,0,0,1,1,2,2,0,1,6,化学|管理培训
167,项目管培生,上海,力兴（上海）创业孵化器管理有限公司,建筑地产,制药/生物工程丨地产经纪/中介丨咨询,民营,50-150人,7千-1万,8500.0,7000.0,10000.0,False,9.047821442478408,0,0,0,1,1,1,0,1,8,专业培训
168,人力资源岗（2026届校园招聘）,上海,东海证券股份有限公司,金融,证券/期货,国企,1000-5000人,8千-1万,9000.0,8000.0,10000.0,False,9.104979856318357,0,0,4,1,5,2,0,1,18,专业培训|人力资源|招聘|简历筛选|金融
169,外贸管培生（零经验培养，接受应届生）,上海,南通富通家居用品有限公司,商贸服务,贸易/进出口,民营,150-500人,1-2万·15薪,10500.0,1000.0,20000.0,False,9.259130536145614,0,0,0,2,2,1,0,3,14,晋升|晋升通道
170,管培生,上海,宝煊通联（上海）供应链管理有限公司,商贸服务,交通/运输/客运丨货运/物流/仓储丨贸易/进出口,民营,50-150人,8千-1.2万·13薪,10000.0,8000.0,12000.0,False,9.210340371976184,0,1,1,1,3,3,0,1,19,专业培训|物流|英语
171,ZARA 门店顾客体验管培生 南京,上海,ZARA,商贸服务,批发/零售,未标明,5000-10000人,9千-1万·13薪,9500.0,9000.0,10000.0,False,9.159047077588632,0,0,1,4,5,2,0,1,13,专业培训|内部培训|晋升|管理培训|零售
172,陆家嘴豪宅运营管理员3w本科优先,上海,上海太平洋房屋服务有限公司,其他,地产经纪/中介,未标明,5000-10000人,2-3.5万·14薪,18500.0,2000.0,35000.0,False,9.825526011066415,0,0,1,0,1,1,4,0,15,运营
173,储备生,上海,上海服装（集团）有限公司,商贸服务,服装丨纺织/皮革丨物业服务,国企,500-1000人,7.5-9千·13薪,8250.0,7500.0,9000.0,False,9.017968479328726,0,0,0,1,1,1,0,0,4,专业培训
174,管培生（采购、业务、产品）,上海,上海外服门诊部有限公司,医疗健康,医疗/护理/卫生,国企,50-150人,12-14万/年,76000.0,12000.0,140000.0,False,11.238488619268468,0,0,0,0,0,0,0,1,8,
175,管培生2027届,上海,上海招商局物业管理有限公司,商贸服务,物业服务,国企,500-1000人,7.5-9.5千·14薪,8500.0,7500.0,9500.0,False,9.047821442478408,1,0,1,0,2,2,0,2,7,自动化|运维
176,销售培训生（上海） (MJ011820),上海,烟台欣和企业食品有限公司,教育科研,食品/饮料/粮油,未标明,1000-5000人,8-9千·13薪,8500.0,8000.0,9000.0,False,9.047821442478408,0,1,2,0,3,2,0,1,3,市场营销|营销|销售
177,门店管培生/无责8k/解决单间,上海,上海太平洋房屋服务有限公司,其他,地产经纪/中介,未标明,5000-10000人,8千-1.2万·13薪,10000.0,8000.0,12000.0,False,9.210340371976184,0,0,2,1,3,2,0,2,15,储备干部|运营|销售
178,线上面试呢发offer本科优先,上海,上海太平洋房屋服务有限公司,其他,地产经纪/中介,未标明,5000-10000人,8千-1.4万,11000.0,8000.0,14000.0,False,9.305650551780507,0,0,0,0,0,0,4,0,9,
179,零售管培生（九木杂物社）全国,上海,九木杂物社企业管理有限公司,商贸服务,新零售,民营,1000-5000人,7-8千,7500.0,7000.0,8000.0,False,8.922658299524402,0,0,1,2,3,2,0,1,7,晋升|晋升通道|零售
180,青云计划定向管培生招聘,上海,上海天岳半导体材料有限公司,信息技术,电子/半导体/集成电路,民营,500-1000人,9千-1.5万,12000.0,9000.0,15000.0,False,9.392661928770137,0,0,9,0,9,1,0,1,11,人力资源|化学|招聘|机械|材料|行政|行政管理|财务管理|金融
181,储备干部,上海,挪亚检验认证集团有限公司,石油化工,检测/认证丨制药/生物工程丨新能源,民营,500-1000人,7-9千·13薪,8000.0,7000.0,9000.0,False,8.987196820661973,0,1,2,2,5,3,0,1,17,专业培训|储备干部|新能源|策划|运营
182,销售管培生/储备店长/季度晋升,上海,上海太平洋房屋服务有限公司,其他,地产经纪/中介,未标明,5000-10000人,1-1.5万,8000.0,1000.0,15000.0,False,8.987196820661973,1,0,1,1,3,3,0,1,13,数据分析|晋升|销售
183,营销管培生（上海）,上海,中粮国际（北京）有限公司上海分公司,其他,食品/饮料/粮油,未标明,150-500人,9-10万/年,54500.0,9000.0,100000.0,False,10.905955980651335,0,1,2,1,4,3,0,1,16,专业培训|市场营销|营销|销售
184,管培生（营运方向）,上海,上海金山万达广场商业管理有限公司,商贸服务,物业服务,民营,50-150人,7千-1万,8500.0,7000.0,10000.0,False,9.047821442478408,0,0,0,0,0,0,0,1,7,
185,线上面试 大厂管培生  应届生优先,上海,上海太平洋房屋服务有限公司,其他,地产经纪/中介,未标明,5000-10000人,9千-1.5万,12000.0,9000.0,15000.0,False,9.392661928770137,0,0,0,1,1,1,0,2,9,带薪培训
186,本科优先/提供住宿/带薪培训,上海,上海太平洋房屋服务有限公司,教育科研,地产经纪/中介,未标明,5000-10000人,8千-1.6万·13薪,12000.0,8000.0,16000.0,False,9.392661928770137,0,0,0,3,3,1,4,0,15,专业培训|带薪培训|晋升
187,管培生,上海,上海希腾电子信息技术有限责任公司,装备制造,仪器仪表/工业自动化,民营,50-150人,1-2万,10500.0,1000.0,20000.0,False,9.259130536145614,0,0,2,0,2,1,0,1,14,机械|自动化
188,管培生（主播方向）,上海,上海度士实业发展有限公司,信息技术,电子商务,民营,少于50人,8千-1万,9000.0,8000.0,10000.0,False,9.104979856318357,0,0,0,1,1,1,0,1,7,专业培训
189,益丰集团储备干部（质管方向）,上海,上海益丰大药房连锁有限公司,商贸服务,批发/零售,未标明,10000人以上,1.2-2.4万·13薪,12600.0,1200.0,24000.0,False,9.441452092939569,0,0,1,2,3,2,0,1,6,储备干部|晋升|零售
190,青年公寓管家 大学生优先,上海,上海太平洋房屋服务有限公司,其他,地产经纪/中介,未标明,5000-10000人,8千-1.6万,12000.0,8000.0,16000.0,False,9.392661928770137,2,1,1,1,5,4,0,0,10,办公软件|大学生|数据统计|维修|软件
191,管培生（生产运营）,上海,曼盛包装（上海）有限公司,其他,印刷/包装/造纸,未标明,150-500人,7千-1万·14薪,8500.0,7000.0,10000.0,False,9.047821442478408,0,0,3,2,5,2,0,1,19,专业培训|材料|管理培训|维修|运营
192,管理培训生（销售方向）,上海,江苏洞庭山泉矿泉水集团有限公司,教育科研,食品/饮料/粮油,民营,500-1000人,7千-1万,8500.0,7000.0,10000.0,False,9.047821442478408,0,0,1,2,3,2,0,1,8,专业培训|管理培训|销售
193,销售管培生,上海,和骋新材料科技（上海）有限公司,装备制造,汽车零部件,民营,150-500人,1.2-1.5万·13薪,8100.0,1200.0,15000.0,False,8.99961934066053,0,0,2,2,4,2,0,1,15,专业培训|材料|理工科|销售
194,马厂老火锅管培生,上海,上海市奉贤区马百桥餐饮店（个体工商户）,商贸服务,餐饮业,民营,少于50人,3-6万,31500.0,3000.0,60000.0,False,10.357742824813725,0,0,0,1,1,1,0,1,2,专业培训
195,管理培训生/储备干部,上海,上海蓝木化工有限公司,教育科研,制药/生物工程,合资,150-500人,8千-1.5万·13薪,11500.0,8000.0,15000.0,False,9.350102314351341,0,3,4,4,11,3,0,1,23,专业培训|储备干部|化工|市场营销|晋升|管理培训|英语|营销|行政|行政管理|项目管理
196,26/27届销售管培生,上海,上海新川崎食品有限公司,其他,食品/饮料/粮油,民营,150-500人,7千-1万,8500.0,7000.0,10000.0,False,9.047821442478408,0,0,1,3,4,2,0,1,21,学生会|晋升|社团|销售
197,储备干部本科优先接受小白,上海,上海太平洋房屋服务有限公司,其他,地产经纪/中介,未标明,5000-10000人,7千-1.3万,10000.0,7000.0,13000.0,False,9.210340371976184,0,0,1,1,2,2,4,1,10,储备干部|运营
198,管理培训生/储备干部,上海,上海赛徕克生物科技有限公司,教育科研,制药/生物工程,合资,150-500人,8千-1.5万·13薪,11500.0,8000.0,15000.0,False,9.350102314351341,1,1,1,4,7,4,0,1,21,专业培训|储备干部|市场推广|数据分析|晋升|管理培训|英语
199,企业管培生,上海,云纳智能科技（苏州）有限公司,商贸服务,批发/零售,民营,少于50人,6-8千,7000.0,6000.0,8000.0,False,8.85366542803745,0,0,1,0,1,1,0,1,14,零售
200,总助/管培生,上海,上海澹谧科技有限公司,商贸服务,餐饮丨宠物服务丨其他服务业,民营,50-150人,8千-1.5万,11500.0,8000.0,15000.0,False,9.350102314351341,2,7,3,0,12,3,0,1,18,Excel|Word|excel|word|写作|办公软件|市场营销|营销|计算机|软件|运营|销售
201,人力资源实习生 (MJ000117),上海,上海海融食品科技股份有限公司,其他,食品/饮料/粮油,未标明,500-1000人,3千及以下,3000.0,3000.0,3000.0,False,8.006367567650246,3,5,3,1,12,4,0,1,11,ERP|Excel|Word|erp|excel|word|人力资源|办公软件|实习|招聘|筛选简历|软件
202,人事行政实习生,上海,上海豫彬智能科技有限公司,装备制造,仪器仪表/工业自动化,民营,50-150人,3.5-4.5千,4000.0,3500.0,4500.0,False,8.294049640102028,2,0,7,1,10,3,0,1,19,人力资源|实习|招聘|数据分析|数据统计|新能源|简历筛选|自动化|行政|行政管理
203,人力资源实习生,上海,上海艾力斯医药科技股份有限公司,建筑地产,制药/生物工程,合资,1000-5000人,150元/天,3262.5,150.0,150.0,True,8.090249051630948,2,7,1,2,12,4,0,1,25,Excel|PPT|Word|excel|ppt|word|人力资源|办公软件|大学生|实习|数据统计|软件
204,人事行政助理（实习生也可）,上海,上海锦泰园林工程有限公司,建筑地产,工程施工,民营,50-150人,4-7千,5500.0,4000.0,7000.0,False,8.612503371220562,0,0,1,1,2,2,0,1,4,实习|行政
205,人事（实习）,上海,上海祥福颐养院,其他,非营利组织,未标明,未标明,260元/天,5655.0,260.0,260.0,True,8.640295388550221,0,0,5,2,7,2,0,1,13,人力资源|人力资源管理|员工培训|实习|招聘|简历筛选|行政
206,行政人事实习生,上海,华乘电气科技股份有限公司,装备制造,仪器仪表/工业自动化,民营,150-500人,2-4千,3000.0,2000.0,4000.0,False,8.006367567650246,0,0,3,1,4,2,0,1,10,实习|维修|自动化|行政
207,行政实习生,上海,都创（上海）医药开发有限公司,建筑地产,制药/生物工程,民营,500-1000人,3-3.5千,3250.0,3000.0,3500.0,False,8.086410275323782,1,7,1,2,11,4,0,1,20,Excel|PPT|Word|excel|ppt|word|专业培训|办公软件|实习|行政|软件
208,行政人事实习生,上海,上海浦东软件园汇智科技有限公司,信息技术,计算机软件,国企,少于50人,150元/天,3262.5,150.0,150.0,True,8.090249051630948,2,0,1,1,4,3,0,1,1,实习|行政|计算机|软件
209,HR 实习生,上海,马瑞利（中国）有限公司,装备制造,汽车零部件,未标明,5000-10000人,3千及以下,3000.0,3000.0,3000.0,False,8.006367567650246,0,0,0,1,1,1,0,1,1,实习
210,招聘实习生-研发中台,上海,字节跳动,信息技术,在线生活服务(O2O)丨新零售丨电子商务,民营,10000人以上,3千及以下,3000.0,3000.0,3000.0,False,8.006367567650246,0,0,2,1,3,2,0,1,4,实习|招聘|零售
211,助理（实习）,上海,上海东松医疗科技股份有限公司,商贸服务,货运/物流/仓储,国企,50-150人,160元/天,3480.0,160.0,160.0,True,8.15478757276852,0,0,1,1,2,2,0,1,0,实习|物流
212,行政实习生,上海,上海予御计算机科技有限公司,装备制造,医疗设备/器械,民营,50-150人,3千及以下,3000.0,3000.0,3000.0,False,8.006367567650246,2,6,2,1,11,4,0,1,10,Excel|PPT|Word|excel|ppt|word|实习|数据统计|行政|行政管理|计算机
213,HR Intern 人事见习生,上海,永恒力叉车制造（上海）有限公司,装备制造,机械/设备/重工,未标明,150-500人,3千及以下,3000.0,3000.0,3000.0,False,8.006367567650246,0,0,1,1,2,2,0,1,0,机械|见习
214,市场部实习岗,上海,上海浦公检测技术股份有限公司,其他,检测/认证丨食品/饮料/粮油,民营,150-500人,4-4千,4000.0,4000.0,4000.0,False,8.294049640102028,0,4,0,1,5,2,0,1,6,Excel|Word|excel|word|实习
215,综合实习生,上海,四川海博国际贸易有限责任公司,商贸服务,贸易/进出口,国企,少于50人,100元/天,2175.0,100.0,100.0,True,7.684783943522785,0,0,1,1,2,2,0,1,9,实习|行政
216,人力资源实习生,上海,中国科学院上海光学精密机械研究所,其他,政府/公共事业,事业单位,1000-5000人,3千及以下,3000.0,3000.0,3000.0,False,8.006367567650246,0,0,2,1,3,2,0,1,2,人力资源|实习|机械
217,行政助理实习生,上海,上海誉向电子科技有限公司,信息技术,电子/半导体/集成电路,民营,少于50人,3千及以下,3000.0,3000.0,3000.0,False,8.006367567650246,0,0,1,1,2,2,0,1,11,实习|行政
218,人事实习生,上海,美联钢结构建筑系统（上海）股份有限公司,建筑地产,建筑设计丨工程施工丨环保,合资,150-500人,3-4千,3500.0,3000.0,4000.0,False,8.160518247477505,0,0,5,1,6,2,0,1,12,人力资源|实习|招聘|筛选简历|行政|行政管理
219,综管实习生（上海）,上海,罗集帝物流（上海）有限公司,商贸服务,货运/物流/仓储,未标明,500-1000人,3千及以下,3000.0,3000.0,3000.0,False,8.006367567650246,0,0,1,1,2,2,0,1,12,实习|物流
220,实习生,上海,明园集团有限公司,商贸服务,其他专业服务丨玩具/礼品,民营,1000-5000人,3-5千,4000.0,3000.0,5000.0,False,8.294049640102028,0,0,0,1,1,1,0,1,1,实习
221,人事实习生（上海咪咕）,上海,中城工联信息产业有限公司,商贸服务,人力资源服务,国企,150-500人,3-4千,3500.0,3000.0,4000.0,False,8.160518247477505,0,0,1,2,3,2,0,1,14,专业培训|人力资源|实习
222,人事行政实习生,上海,上海顶粲食品科技有限公司,其他,食品/饮料/粮油,民营,50-150人,4-5千,4500.0,4000.0,5000.0,False,8.411832675758411,0,0,1,2,3,2,0,1,10,专业培训|实习|行政
223,实习生,上海,上海旭建企业管理有限公司,其他,公关/市场推广/会展,民营,少于50人,200元/天,4350.0,200.0,200.0,True,8.37793112408273,0,0,1,1,2,2,0,1,0,实习|市场推广
224,实习生,上海,新城控股集团股份有限公司,商贸服务,物业服务丨房地产开发,未标明,10000人以上,120元/天,2610.0,120.0,120.0,True,7.867105500316739,0,0,0,1,1,1,0,1,0,实习
225,人事行政实习生,上海,上海奥萝拉医药科技有限公司,建筑地产,制药/生物工程,民营,少于50人,120元/天,2610.0,120.0,120.0,True,7.867105500316739,0,0,1,1,2,2,0,1,8,实习|行政
226,行政前台实习生,上海,上海卓赢丰科技有限公司,商贸服务,人力资源服务,民营,少于50人,3千及以下,3000.0,3000.0,3000.0,False,8.006367567650246,0,0,2,1,3,2,0,1,1,人力资源|实习|行政
227,人事实习生,上海,上海毓舫医疗科技（集团）有限公司,商贸服务,其他专业服务,民营,500-1000人,150元/天,3262.5,150.0,150.0,True,8.090249051630948,0,0,0,1,1,1,0,1,2,实习
228,行政实习生,上海,上海熊猫机械（集团）有限公司,装备制造,机械/设备/重工,民营,1000-5000人,3千及以下,3000.0,3000.0,3000.0,False,8.006367567650246,0,0,3,1,4,2,0,1,8,实习|机械|行政|行政管理
229,实习生,上海,上海唯仁宠物用品有限公司,其他,食品/饮料/粮油,民营,150-500人,4-4.5千,4250.0,4000.0,4500.0,False,8.354674261918463,0,0,0,2,2,1,0,1,6,专业培训|实习
230,实习生（人事行政）,上海,极三科技有限公司,信息技术,通信/网络设备,民营,50-150人,3-3.5千,3250.0,3000.0,3500.0,False,8.086410275323782,0,0,1,1,2,2,0,1,10,实习|行政
231,实习生,上海,上海静安太保家园养老服务有限公司,商贸服务,其他服务业,民营,150-500人,3千及以下,3000.0,3000.0,3000.0,False,8.006367567650246,0,0,0,1,1,1,0,1,1,实习
232,零售部实习生,上海,御木本珠宝商贸（上海）有限公司,商贸服务,珠宝/首饰,未标明,50-150人,150元/天,3262.5,150.0,150.0,True,8.090249051630948,0,2,2,1,5,3,0,1,9,Excel|excel|实习|行政|零售
233,项目主管（实习生）（东方国际）,上海,上海市宣传文化人才服务中心,其他,新闻/出版,事业单位,50-150人,150元/天,3262.5,150.0,150.0,True,8.090249051630948,2,1,1,1,5,4,0,1,12,办公软件|实习|数据统计|材料|软件
234,实习生招聘——新媒体运营 & 内容创作方向,上海,上海时尚之都专修学院有限公司,教育科研,培训机构,民营,少于50人,100元/天,2175.0,100.0,100.0,True,7.684783943522785,0,1,2,1,4,3,0,1,10,实习|招聘|策划|运营
235,实习生,上海,上海诚利供应链管理（集团）有限公司,商贸服务,货运/物流/仓储,民营,50-150人,3.3-6.6千,4950.0,3300.0,6600.0,False,8.507142855562735,0,0,1,1,2,2,0,1,1,实习|物流
236,人力资源部实习生,上海,上海沛塬电子有限公司,信息技术,电子/半导体/集成电路,民营,50-150人,3千及以下,3000.0,3000.0,3000.0,False,8.006367567650246,0,2,1,1,4,3,0,1,11,Excel|excel|人力资源|实习
237,27届校招-郑州大学校园大使,上海,上海回天新材料有限公司,石油化工,化工,未标明,1000-5000人,3千及以下,3000.0,3000.0,3000.0,False,8.006367567650246,0,0,2,1,3,2,0,1,1,化工|材料|校招
238,外贸实习生,上海,玛琳斯船舶服务（上海）有限公司,其他,交通/运输/客运,民营,少于50人,3-4千,3500.0,3000.0,4000.0,False,8.160518247477505,0,2,2,1,5,3,0,1,17,六级|实习|维护|英语|销售
239,人事行政实习生,上海,思澈科技（南京）有限公司,信息技术,电子/半导体/集成电路,民营,少于50人,3千及以下,3000.0,3000.0,3000.0,False,8.006367567650246,1,1,4,1,7,4,0,1,9,人力资源|办公软件|实习|维护|行政|行政管理|软件
240,综合管理部实习生,上海,徽商期货有限责任公司,金融,证券/期货,国企,150-500人,80元/天,1740.0,80.0,80.0,True,7.461640392208575,0,0,1,1,2,2,0,1,2,实习|行政
241,人力资源助理,上海,利勃海尔（中国）有限公司,装备制造,机械/设备/重工,未标明,150-500人,9-13万/年,69500.0,9000.0,130000.0,False,11.149082031552883,0,0,2,1,3,2,0,0,5,专业培训|人力资源|机械
242,人事专员（接受应届生）,上海,上海吉程信达城市运营管理有限公司,商贸服务,其他专业服务,民营,500-1000人,7千-1万,8500.0,7000.0,10000.0,False,9.047821442478408,0,0,1,0,1,1,0,1,2,运营
243,6K-8K  五险一金  HRBP-招聘专员,上海,温州静音轴承有限公司,装备制造,机械/设备/重工丨汽车零部件丨船舶/航空/航天,民营,10000人以上,6-8千·13薪,7000.0,6000.0,8000.0,False,8.85366542803745,0,0,2,1,3,2,0,0,15,专业培训|招聘|机械
244,招聘助理（外包）(J10163),上海,芯曜鑫技术（上海）有限公司,信息技术,电子/半导体/集成电路,合资,500-1000人,7-8千·13薪,7500.0,7000.0,8000.0,False,8.922658299524402,0,0,1,1,2,2,0,0,14,专业培训|招聘
245,人事行政助理（全职或见习）,上海,上海锦珂塑胶科技有限公司,装备制造,机械/设备/重工,未标明,150-500人,7千-1万,8500.0,7000.0,10000.0,False,9.047821442478408,0,0,2,1,3,2,0,1,1,机械|行政|见习
246,外运物流-华东区域-管理培训生（2027届秋招）(J32742),上海,中外运物流有限公司,商贸服务,货运/物流/仓储,国企,10000人以上,6-8千·13薪,7000.0,6000.0,8000.0,False,8.85366542803745,1,2,3,2,8,4,0,2,22,专业培训|市场营销|物流|管理培训|营销|计算机|运营|项目管理
247,物流&人力外包管培生,上海,上海龙渤实业发展有限公司,商贸服务,食品/饮料/粮油,民营,1000-5000人,6千-1万,8000.0,6000.0,10000.0,False,8.987196820661973,0,0,1,2,3,2,0,1,15,专业培训|晋升|物流
248,管理培训生,上海,东风物流集团股份有限公司广州分公司,商贸服务,货运/物流/仓储,国企,未标明,6-8千,7000.0,6000.0,8000.0,False,8.85366542803745,2,2,1,2,7,4,0,1,22,专业培训|办公软件|数据分析|物流|管理培训|英语|软件
249,储备干部（平台好-面试后定岗）,上海,挪亚检验认证集团有限公司,石油化工,检测/认证丨制药/生物工程丨新能源,民营,500-1000人,8千-1万,9000.0,8000.0,10000.0,False,9.104979856318357,0,0,1,2,3,2,0,1,12,专业培训|储备干部|新能源
250,销售工程师（中文/哲学/历史/心理学等人文类专业）,上海,上海瑞气气体科技有限公司,装备制造,机械/设备/重工,民营,50-150人,12-24万/年,126000.0,12000.0,240000.0,False,11.744037185933616,0,0,2,0,2,1,0,0,22,机械|销售
251,物流管培生（应届生）,上海,上海速舟物流有限公司,商贸服务,货运/物流/仓储,民营,50-150人,6.5-8.5千,7500.0,6500.0,8500.0,False,8.922658299524402,0,1,2,1,4,3,0,2,9,专业培训|市场营销|物流|营销
252,本科优先录取 线上发offer 解决住宿,上海,上海太平洋房屋服务有限公司,其他,地产经纪/中介,未标明,5000-10000人,8千-1.6万·13薪,12000.0,8000.0,16000.0,False,9.392661928770137,0,0,0,1,1,1,4,0,15,晋升
253,储备主管,上海,上海龙渤实业发展有限公司,其他,食品/饮料/粮油,民营,1000-5000人,8千-1万,9000.0,8000.0,10000.0,False,9.104979856318357,0,0,0,1,1,1,0,0,10,晋升
254,财务/审计（管培生）,上海,日播时尚实业（上海）有限公司,其他,服装,民营,1000-5000人,7千-1.2万,9500.0,7000.0,12000.0,False,9.159047077588632,1,2,3,1,7,4,0,1,20,Excel|excel|专业培训|会计|审计|数据分析|财务管理
255,人事行政助理,上海,海德世爱科特（上海）企业管理有限公司,装备制造,汽车零部件,未标明,50-150人,250元/天,5437.5,250.0,250.0,True,8.601074675396939,0,0,3,1,4,2,0,0,4,人力资源|人力资源管理|实习|行政
256,本科优先+单间住宿+可线上面试正式Offer,上海,上海太平洋房屋服务有限公司,其他,地产经纪/中介,未标明,5000-10000人,8千-1.3万·13薪,10500.0,8000.0,13000.0,False,9.259130536145614,0,1,1,1,3,3,4,0,18,专业培训|客户服务|运营
257,航线助理（校招应届）,上海,上海天行健国际物流有限公司,商贸服务,交通/运输/物流,民营,50-150人,5-6.5千,5750.0,5000.0,6500.0,False,8.656955133791396,0,0,1,2,3,2,0,1,17,专业培训|校招|物流
258,物流企划专员（人才储备）,上海,丰田陆捷物流（上海）有限公司,商贸服务,货运/物流/仓储,合资,未标明,6-8千·14薪,7000.0,6000.0,8000.0,False,8.85366542803745,0,2,3,0,5,2,0,0,19,Excel|excel|市场推广|物流|运营
259,科优先+单间住宿+可线上面试+正式Offer,上海,上海太平洋房屋服务有限公司,其他,地产经纪/中介,未标明,5000-10000人,8千-1.6万·14薪,12000.0,8000.0,16000.0,False,9.392661928770137,0,0,0,0,0,0,0,0,15,
260,应届毕业生,上海,上海斯应德物流有限公司,商贸服务,货运/物流/仓储,民营,50-150人,5-6千,5500.0,5000.0,6000.0,False,8.612503371220562,0,0,1,1,2,2,0,1,9,专业培训|物流
261,客户服务助理/在线客服（接受应届毕业生）,上海,昴氏（上海）电子贸易有限公司,信息技术,电子/半导体/集成电路,未标明,50-150人,6-7.5千,6750.0,6000.0,7500.0,False,8.817297783866575,0,1,0,1,2,2,0,1,10,专业培训|客户服务
262,招浙江，安徽应届业务员,上海,中山真味食品工业有限公司,商贸服务,生活服务,民营,50-150人,4.5-8千,6250.0,4500.0,8000.0,False,8.740336742730447,0,0,0,0,0,0,0,1,5,
263,部门助理/管理培训生（应届毕业生优先）工作地奉贤区,上海,上海凯众汽车零部件有限公司,石油化工,化工,民营,50-150人,5千-1万,7500.0,5000.0,10000.0,False,8.922658299524402,0,0,1,4,5,2,0,2,11,专业培训|化工|晋升|晋升通道|管理培训
264,客服专员/助理（应届生）,上海,捷敏电子（上海）有限公司,信息技术,电子/半导体/集成电路,未标明,1000-5000人,8-10万/年,54000.0,8000.0,100000.0,False,10.896739325546411,0,0,1,0,1,1,0,1,8,维护
265,本科优先线上面试,上海,上海太平洋房屋服务有限公司,其他,地产经纪/中介,未标明,5000-10000人,8千-1.3万,10500.0,8000.0,13000.0,False,9.259130536145614,0,0,0,2,2,1,4,0,12,晋升|晋升通道
266,销售专员-周末双休（应届生/实习生）,上海,上海高信化玻仪器有限公司,其他,其他行业,民营,150-500人,6千-1.2万,9000.0,6000.0,12000.0,False,9.104979856318357,0,2,2,2,6,3,0,2,20,专业培训|实习|客户关系|沟通|维护|销售
267,生产储备生（校招）,上海,益海嘉里金龙鱼食品集团股份有限公司,其他,食品/饮料/粮油,未标明,10000人以上,7千-1万,8500.0,7000.0,10000.0,False,9.047821442478408,1,1,3,2,7,4,0,1,17,专业培训|化工|数据分析|机械|校招|自动化|英语
268,销售工程师（应届毕业生）,上海,阿蓓亚塑料实业（上海）有限公司,建筑地产,其他行业,未标明,10000人以上,7-8.5千,7750.0,7000.0,8500.0,False,8.955448122347393,0,1,3,0,4,2,0,1,9,机械|沟通|自动化|销售
269,销售工程师（应届毕业生）,上海,上海滤威过滤系统有限公司,装备制造,机械/设备/重工,民营,50-150人,7千-1.4万,10500.0,7000.0,14000.0,False,9.259130536145614,0,1,5,2,8,3,0,1,25,化工|发展空间|客户关系|机械|材料|维护|职业发展|销售
270,系统操作员（劳务外包岗）,上海,安道麦（中国）投资有限公司,其他,农/林/牧/渔,未标明,1000-5000人,4.5-5千,4750.0,4500.0,5000.0,False,8.465899897028686,0,0,0,0,0,0,0,0,4,
271,国际物流助理,上海,上海意为金属制品有限公司,商贸服务,原材料和加工,民营,50-150人,5.5-6.5千,6000.0,5500.0,6500.0,False,8.699514748210191,1,1,2,1,5,4,0,0,16,专业培训|办公软件|材料|物流|软件
272,业务助理,上海,北京市集佳律师事务所上海分所,其他,专利/商标/知识产权,民营,50-150人,5.5-6千,5750.0,5500.0,6000.0,False,8.656955133791396,1,1,0,0,2,2,0,0,17,软件|项目管理
273,2027校招_工业管培生，上海,上海,上海米其林轮胎有限公司,装备制造,汽车零部件,未标明,1000-5000人,1.2-1.5万·15薪,8100.0,1200.0,15000.0,False,8.99961934066053,0,0,0,3,3,1,0,2,11,专业培训|校招|职业发展
274,Campus：培训生Trainee,上海,上海欧摩威汽车制动系统有限公司,装备制造,汽车零部件,未标明,150-500人,8千-1.3万,10500.0,8000.0,13000.0,False,9.259130536145614,0,0,0,0,0,0,0,1,1,
275,储备技术工程师,上海,上海朗利特精密零件有限公司,装备制造,机械/设备/重工丨汽车零部件,民营,少于50人,8千-1.2万,10000.0,8000.0,12000.0,False,9.210340371976184,0,0,1,0,1,1,0,0,6,机械
276,生产助理（机械专业）,上海,上海兴长活性炭有限公司,装备制造,化工,民营,50-150人,8千-1.2万,10000.0,8000.0,12000.0,False,9.210340371976184,0,0,2,0,2,1,0,0,0,化工|机械
277,科研助理（西安高校招聘）,上海,上海集成电路材料研究院有限公司,商贸服务,其他专业服务,国企,50-150人,7千-1.4万,10500.0,7000.0,14000.0,False,9.259130536145614,0,0,3,2,5,2,0,1,13,招聘|材料|校招|理工科|自动化
278,研究生教育管理岗位招聘启事,上海,中国科学院上海有机化学研究所,教育科研,学术/科研,事业单位,500-1000人,8千-1.2万,10000.0,8000.0,12000.0,False,9.210340371976184,1,2,2,2,7,4,5,0,21,办公软件|化学|发展空间|招聘|职业发展|英语|软件
279,2027届大学生,上海,上海美维科技有限公司,信息技术,电子/半导体/集成电路,国企,1000-5000人,8千-1.2万·13薪,10000.0,8000.0,12000.0,False,9.210340371976184,1,0,1,4,6,3,0,1,25,专业培训|化工|大学生|导师带教|晋升|计算机
280,研究院助理,上海,上海中晟领航实业发展集团有限公司,石油化工,投资/融资丨新能源丨人工智能,民营,50-150人,1-2万,10500.0,1000.0,20000.0,False,9.259130536145614,1,0,1,1,3,3,0,0,14,专业培训|人工智能|新能源
281,制造工程师（优先应届）,上海,上海微釜半导体设备有限公司,信息技术,电子/半导体/集成电路,民营,150-500人,8千-1万,9000.0,8000.0,10000.0,False,9.104979856318357,0,0,0,0,0,0,0,1,9,
282,储备干部（研发、运营、销售、行政）,上海,浙江沃德尔科技集团股份有限公司,装备制造,汽车零部件丨汽车研发/制造,民营,500-1000人,6千-1.1万,8500.0,6000.0,11000.0,False,9.047821442478408,1,0,3,2,6,3,0,1,25,专业培训|储备干部|行政|软件|运营|销售
283,管培生（生产管理方向）,上海,上海肇民新材料科技股份有限公司,装备制造,汽车零部件,民营,150-500人,7千-1万·13薪,8500.0,7000.0,10000.0,False,9.047821442478408,0,0,1,0,1,1,0,1,6,材料
284,招聘专员-六险一金 外企,上海,北京外企人力资源服务有限公司,商贸服务,人力资源服务,国企,10000人以上,9千-1.1万,10000.0,9000.0,11000.0,False,9.210340371976184,2,6,2,1,11,4,0,0,18,Excel|PPT|Word|excel|ppt|word|专业培训|人力资源|分析报告|招聘|数据分析
285,本科优先 单人宿舍 弹性自由,上海,上海太平洋房屋服务有限公司,其他,地产经纪/中介,未标明,5000-10000人,8千-1.2万·13薪,10000.0,8000.0,12000.0,False,9.210340371976184,0,0,0,0,0,0,4,0,2,
286,项目助理（专家招募）往届应届皆可,上海,岂珀企业管理咨询（上海）有限公司,其他,咨询,未标明,1000-5000人,1-1.1万,6000.0,1000.0,11000.0,False,8.699514748210191,0,1,0,1,2,2,0,1,15,专业培训|沟通
287,Talent Sourcing Specialist (应届生职位),上海,伊顿电气有限公司,装备制造,机械/设备/重工丨仪器仪表/工业自动化,未标明,150-500人,8千-1万,9000.0,8000.0,10000.0,False,9.104979856318357,0,0,2,2,4,2,0,1,3,发展空间|技能培训|机械|自动化
288,储备干部-总裁助理,上海,上海友升铝业股份有限公司,装备制造,汽车零部件,民营,1000-5000人,1.2-1.5万·13薪,8100.0,1200.0,15000.0,False,8.99961934066053,0,2,3,1,6,3,0,1,12,储备干部|六级|机械|材料|英语|运营
289,教务处助理,上海,上海市民办上实剑桥外国语中学,其他,院校,未标明,150-500人,7-9千,8000.0,7000.0,9000.0,False,8.987196820661973,0,2,1,0,3,2,0,0,17,四级|英语|行政
290,校长助理,上海,上海千实培训中心有限公司,教育科研,培训机构,民营,少于50人,8千-1万,9000.0,8000.0,10000.0,False,9.104979856318357,0,0,1,0,1,1,0,0,10,会计
291,"TA Specialist, China  (MJ000934)",上海,丹纳赫（上海）企业管理有限公司,建筑地产,制药/生物工程,未标明,5000-10000人,7-8千·13薪,7500.0,7000.0,8000.0,False,8.922658299524402,0,1,0,0,1,1,0,0,2,沟通
292,储备干部（项目）,上海,上海鸿汉英利汽车部件有限公司,装备制造,汽车零部件,未标明,50-150人,6-9.5千·13薪,7750.0,6000.0,9500.0,False,8.955448122347393,0,0,0,2,2,1,0,1,4,专业培训|储备干部
293,储备干部,上海,宁波同泽国际物流有限公司,商贸服务,货运/物流/仓储丨贸易/进出口,民营,150-500人,8千-1.3万,10500.0,8000.0,13000.0,False,9.259130536145614,1,2,3,2,8,4,0,1,24,专业培训|储备干部|六级|数据分析|物流|维护|英语|销售
294,生产技术员（储备干部）,上海,上海超导科技股份有限公司,其他,原材料和加工,民营,50-150人,8千-1.2万·13薪,10000.0,8000.0,12000.0,False,9.210340371976184,0,0,1,3,4,2,0,1,11,储备干部|技能培训|晋升|材料
295,储备干部,上海,上海晟敏投资集团有限公司,其他,交通/运输/客运,民营,500-1000人,6-8千,7000.0,6000.0,8000.0,False,8.85366542803745,1,2,0,4,7,3,0,1,17,专业培训|储备干部|办公软件|学生会|现场管理|社团|软件
296,招聘顾问 Consultant,上海,上海迷瑞企业管理咨询有限公司,其他,公关/市场推广/会展,创业公司,少于50人,7-8千,7500.0,7000.0,8000.0,False,8.922658299524402,0,0,5,0,5,1,0,0,14,人力资源|市场推广|招聘|简历筛选|维护
297,Staffing招聘顾问,上海,前程无忧,商贸服务,人力资源服务,未标明,5000-10000人,8千-1.2万,10000.0,8000.0,12000.0,False,9.210340371976184,1,0,3,1,5,3,0,0,13,人力资源|内部培训|招聘|数据分析|简历筛选
298,留学咨询员（济南）,上海,上海育璀教育投资有限公司,教育科研,学术/科研丨学前教育/早教丨培训机构,民营,少于50人,5-6千,5500.0,5000.0,6000.0,False,8.612503371220562,0,2,0,0,2,1,0,0,16,六级|英语
299,管培生（销售方向）,上海,上海北特科技集团股份有限公司,装备制造,汽车零部件丨原材料和加工丨机械/设备/重工,未标明,500-1000人,6-8千·13薪,7000.0,6000.0,8000.0,False,8.85366542803745,0,0,3,1,4,2,0,1,2,晋升|机械|材料|销售
300,生产技术员(J24636),上海,上海合全药业股份有限公司,石油化工,化工丨制药/生物工程,未标明,1000-5000人,8千-1万·14薪,9000.0,8000.0,10000.0,False,9.104979856318357,0,0,1,0,1,1,0,0,7,化工
301,工艺技术员(J10044),上海,安集微电子科技（上海）股份有限公司,石油化工,化工,未标明,500-1000人,6-7千,6500.0,6000.0,7000.0,False,8.779557455883728,0,0,1,0,1,1,0,0,10,化工
302,药械实验室技术员,上海,江苏畅医达医疗科技有限公司,装备制造,医疗设备/器械,民营,50-150人,4.8-9.6千,7200.0,4800.0,9600.0,False,8.881836305004146,0,0,0,0,0,0,0,0,8,
303,实验技术员,上海,上海众钜通硕材料有限公司,商贸服务,批发/零售,民营,少于50人,5-8千,6500.0,5000.0,8000.0,False,8.779557455883728,1,0,3,0,4,2,0,0,9,化工|材料|测试|零售
304,现场技术服务工程师（应届生）,上海,上海金力泰化工股份有限公司,石油化工,化工,未标明,500-1000人,6-8千,7000.0,6000.0,8000.0,False,8.85366542803745,0,0,3,0,3,1,0,1,13,化学|化工|材料
305,化工技术员,上海,上海罗素科技有限公司,装备制造,仪器仪表/工业自动化,民营,少于50人,5.5-6.5千,6000.0,5500.0,6500.0,False,8.699514748210191,0,0,3,0,3,1,0,0,8,化学|化工|自动化
306,应用实验员(J10003),上海,上海新阳半导体材料股份有限公司,信息技术,化工丨电子/半导体/集成电路,民营,500-1000人,7-9千·16薪,8000.0,7000.0,9000.0,False,8.987196820661973,0,0,3,0,3,1,0,0,3,化学|化工|材料
307,化工实习生（化工+大专）,上海,东胜化学（上海）有限公司,石油化工,化工,民营,150-500人,6-8千·13薪,7000.0,6000.0,8000.0,False,8.85366542803745,0,0,2,3,5,2,3,1,9,专业培训|化学|化工|发展空间|实习
308,粉体合成操作员,上海,上海贝奥路生物材料有限公司,装备制造,医疗设备/器械,未标明,少于50人,5-6千,5500.0,5000.0,6000.0,False,8.612503371220562,0,0,1,0,1,1,0,0,6,材料
309,研发技术岗,上海,上海海隆赛能新材料股份有限公司,石油化工,化工,民营,1000-5000人,5.5-7.5千·14薪,6500.0,5500.0,7500.0,False,8.779557455883728,0,0,2,1,3,2,0,0,10,专业培训|化工|材料
310,生产操作工/生产技术员,上海,上海赛徕克生物科技有限公司,建筑地产,制药/生物工程,合资,150-500人,6-8千,7000.0,6000.0,8000.0,False,8.85366542803745,1,1,1,1,4,4,0,0,17,专业培训|办公软件|盘点|软件
311,化工操作员（化工专业）,上海,东胜化学（上海）有限公司,石油化工,化工,民营,150-500人,6-8千·14薪,7000.0,6000.0,8000.0,False,8.85366542803745,0,0,2,1,3,2,0,0,1,化学|化工|发展空间
312,技术部助理,上海,上海嘉怡涂料有限公司,石油化工,石油/化工/矿产/地质,民营,少于50人,5.5-7千,6250.0,5500.0,7000.0,False,8.740336742730447,0,0,1,1,2,2,0,0,4,专业培训|化工
313,实验室助理工程师,上海,上海久析检测技术有限公司,信息技术,电子/半导体/集成电路,民营,少于50人,7-8千,7500.0,7000.0,8000.0,False,8.922658299524402,0,0,0,0,0,0,0,0,4,
314,中试线操作人员（非集团本部）,上海,上海汉司实业有限公司,石油化工,化工,民营,150-500人,8.5-9.5千,9000.0,8500.0,9500.0,False,9.104979856318357,0,0,1,0,1,1,0,0,2,化工
315,生产技术助理,上海,上海华畅环保设备发展有限公司,其他,环保,民营,少于50人,8-15万/年,79000.0,8000.0,150000.0,False,11.27720313144916,0,0,0,0,0,0,0,0,5,
316,工艺操作工,上海,上海普利美诺氨基酸有限公司,建筑地产,制药/生物工程,未标明,150-500人,6-9千,7500.0,6000.0,9000.0,False,8.922658299524402,0,0,7,0,7,1,0,0,23,保养|化学|机械|机械自动化|维护|自动化|药学
317,化工技术操作,上海,上海奥威日化有限公司,石油化工,化工丨新能源,民营,50-150人,7千-1.1万,9000.0,7000.0,11000.0,False,9.104979856318357,0,0,5,1,6,2,0,0,20,专业培训|保养|化学|化工|新能源|维护
318,研发技术员(J10240),上海,安集微电子科技（上海）股份有限公司,石油化工,化工,未标明,500-1000人,7-9千,8000.0,7000.0,9000.0,False,8.987196820661973,0,0,1,0,1,1,0,0,15,化工
319,生产操作员,上海,上海玟昕科技有限公司,石油化工,化工,创业公司,50-150人,5-8千·13薪,6500.0,5000.0,8000.0,False,8.779557455883728,0,0,1,0,1,1,0,0,15,化工
320,化工操作工,上海,上海法默生物科技有限公司,石油化工,制药/生物工程,民营,少于50人,6-8千,7000.0,6000.0,8000.0,False,8.85366542803745,0,0,1,0,1,1,0,0,0,化工
321,生产技术员（离心方向）,上海,均瑶润盈生物科技（上海）有限公司,其他,食品/饮料/粮油,民营,150-500人,8-15万/年,79000.0,8000.0,150000.0,False,11.27720313144916,0,0,0,0,0,0,0,0,0,
322,产线技术员,上海,晋康半导体科技（上海）有限公司,信息技术,电子/半导体/集成电路丨原材料和加工丨机械/设备/重工,民营,50-150人,4-8千,6000.0,4000.0,8000.0,False,8.699514748210191,0,0,2,0,2,1,0,0,7,机械|材料
323,化学操作工,上海,上海氟聚化学产品股份有限公司,石油化工,化工,未标明,50-150人,6.5-7.5千,7000.0,6500.0,7500.0,False,8.85366542803745,0,0,3,0,3,1,0,0,8,化学|化工|维护
324,硫酸回收/甲基丙烯酸甲酯装置跨岗位外操,上海,上海赛科石油化工有限责任公司,石油化工,化工丨石油/石化,合资,1000-5000人,6-8千,7000.0,6000.0,8000.0,False,8.85366542803745,0,0,1,0,1,1,0,0,8,化工
325,技术员,上海,上海迪诺克新材料科技有限公司,装备制造,医疗设备/器械,民营,少于50人,6-8千,7000.0,6000.0,8000.0,False,8.85366542803745,0,0,1,0,1,1,0,0,5,材料
326,CMP车间操作员,上海,康达新材料（集团）股份有限公司,石油化工,化工,未标明,500-1000人,4-5千,4500.0,4000.0,5000.0,False,8.411832675758411,0,1,4,0,5,2,0,0,17,化学|化工|应用化学|材料|现场管理
327,沃特世见习计划-售后技术服务工程师方向,上海,沃特世科技（上海）有限公司,商贸服务,其他行业,未标明,500-1000人,7-8千,7500.0,7000.0,8000.0,False,8.922658299524402,0,0,2,1,3,2,0,1,7,售后|维护|见习
328,改性操作工,上海,上海明士华新材料有限公司,信息技术,电子/半导体/集成电路,民营,50-150人,6-8千,7000.0,6000.0,8000.0,False,8.85366542803745,1,0,2,0,3,2,0,0,12,PLC|化工|材料
329,生产技术员,上海,江苏奥斯佳材料科技股份有限公司,石油化工,化工,民营,50-150人,7-9千,8000.0,7000.0,9000.0,False,8.987196820661973,0,0,2,1,3,2,0,0,16,专业培训|化工|材料
330,技术工艺工程师,上海,上海康耐特光学有限公司,装备制造,医疗设备/器械,合资,500-1000人,7.5-8千,7750.0,7500.0,8000.0,False,8.955448122347393,1,0,0,0,1,1,0,0,4,计算机
331,生产操作工,上海,陶氏有机硅（上海）有限公司,石油化工,化工,未标明,150-500人,7千-1万·13薪,8500.0,7000.0,10000.0,False,9.047821442478408,0,0,1,0,1,1,0,0,4,化工
332,生产操作工 （化工制造业）,上海,德谦（上海）化学有限公司,装备制造,化工丨石油/石化丨原材料和加工,未标明,150-500人,5-6.5千·15薪,5750.0,5000.0,6500.0,False,8.656955133791396,0,0,3,1,4,2,0,0,10,专业培训|化学|化工|材料
333,生产助理工程师（上海南化）(J12628),上海,盈德气体（上海）有限公司,建筑地产,矿产/地质,民营,1000-5000人,7-9千,8000.0,7000.0,9000.0,False,8.987196820661973,1,0,2,1,4,3,0,0,13,专业培训|化工|数据分析|自动化
334,光刻工艺技术员/操作员,上海,上海达巧康新材料科技有限公司,石油化工,化工,民营,50-150人,6.5-7.5千·13薪,7000.0,6500.0,7500.0,False,8.85366542803745,1,0,2,1,4,3,0,0,17,专业培训|化工|材料|测试
335,化工操作员,上海,上海泛品科技有限公司,石油化工,化工,民营,少于50人,4-8千,6000.0,4000.0,8000.0,False,8.699514748210191,0,0,1,0,1,1,0,0,9,化工
336,DCS操作员,上海,力森诺科高分子材料（上海）有限公司,石油化工,化工,未标明,150-500人,5.1-8千,6550.0,5100.0,8000.0,False,8.787220328629298,0,0,2,0,2,1,0,0,11,化工|材料
337,生产技工,上海,上海辉文生物技术股份有限公司,建筑地产,制药/生物工程,未标明,150-500人,5-8千,6500.0,5000.0,8000.0,False,8.779557455883728,0,0,0,0,0,0,0,0,6,
338,工艺员,上海,上海一核阀门股份有限公司,装备制造,机械/设备/重工,民营,150-500人,6-8千,7000.0,6000.0,8000.0,False,8.85366542803745,0,0,1,0,1,1,0,0,14,机械
339,生产技术员,上海,上海芝然乳品科技有限公司,其他,食品/饮料/粮油,未标明,1000-5000人,8千-1万·14薪,9000.0,8000.0,10000.0,False,9.104979856318357,0,0,0,0,0,0,0,0,0,
340,实验室检测助理（应届毕业生）,上海,上海谦和泰技术有限公司,其他,检测/认证,民营,50-150人,5-6千,5500.0,5000.0,6000.0,False,8.612503371220562,0,0,2,0,2,1,0,1,10,新能源|机械
341,生产助理（设备工程师方向）,上海,上海兴长活性炭有限公司,装备制造,化工,民营,50-150人,8千-1.2万,10000.0,8000.0,12000.0,False,9.210340371976184,0,0,1,0,1,1,0,0,0,化工
342,生产操作工,上海,中远关西涂料化工（上海）有限公司,石油化工,化工,合资,500-1000人,4.5-9千·13薪,6750.0,4500.0,9000.0,False,8.817297783866575,0,1,5,0,6,2,0,0,12,化学|化工|机械|机械自动化|现场管理|自动化
343,蒸镀工艺实验员,上海,上海盛剑科技股份有限公司,信息技术,电子/半导体/集成电路,民营,1000-5000人,5-6千·13薪,5500.0,5000.0,6000.0,False,8.612503371220562,1,0,2,1,4,3,0,0,15,专业培训|机械|材料|计算机
344,工艺技术员,上海,上海森松化工成套装备有限公司,信息技术,电子/半导体/集成电路,民营,50-150人,8千-1万·13薪,9000.0,8000.0,10000.0,False,9.104979856318357,1,0,2,1,4,3,0,0,18,专业培训|化工|测试|调试
345,生产操作工,上海,上海励楷科技有限公司,装备制造,医疗设备/器械,合资,150-500人,5.5千-1万·13薪,7750.0,5500.0,10000.0,False,8.955448122347393,0,0,0,0,0,0,0,0,4,
346,检验员,上海,上海贝思特管业有限公司,其他,原材料和加工丨其他行业,民营,50-150人,6.5-7千,6750.0,6500.0,7000.0,False,8.817297783866575,0,0,1,1,2,2,0,0,7,专业培训|材料
347,刻蚀助理工程师(J10051),上海,上海新微技术研发中心有限公司,信息技术,电子/半导体/集成电路,国企,150-500人,7千-1万·16薪,8500.0,7000.0,10000.0,False,9.047821442478408,0,0,0,0,0,0,0,0,9,
348,生产副操,上海,孚远新材料（上海）有限公司,石油化工,化工丨原材料和加工,民营,少于50人,6.5千-1万·14薪,8250.0,6500.0,10000.0,False,9.017968479328726,0,0,2,1,3,2,0,0,8,专业培训|化工|材料
349,薄膜助理工程师(J10053),上海,上海新微技术研发中心有限公司,信息技术,电子/半导体/集成电路,国企,150-500人,7千-1万·16薪,8500.0,7000.0,10000.0,False,9.047821442478408,0,0,0,0,0,0,0,0,10,
350,生产技术员,上海,上海臻臣化妆品有限公司,其他,日化/化妆品,民营,1000-5000人,1-1.4万·13薪,7500.0,1000.0,14000.0,False,8.922658299524402,0,0,0,0,0,0,0,0,10,
351,生产技术员,上海,不凡帝范梅勒糖果（中国）有限公司,其他,食品/饮料/粮油,未标明,1000-5000人,9千-1万·13薪,9500.0,9000.0,10000.0,False,9.159047077588632,0,0,2,0,2,1,0,0,17,保养|维修
352,实验室助理（需要轮夜班）,上海,南京泛铨电子科技有限公司上海市分公司,信息技术,电子/半导体/集成电路,民营,50-150人,6-7千,6500.0,6000.0,7000.0,False,8.779557455883728,0,0,0,0,0,0,0,0,10,
353,工艺工程师 / 工艺工程师助理,上海,上海佩尼医疗科技发展有限公司,装备制造,医疗设备/器械,合资,50-150人,4-6千,5000.0,4000.0,6000.0,False,8.517193191416238,0,0,3,0,3,1,0,0,17,化学|机械|材料
354,cmp onsite-助理技服工程师(J10044),上海,上海新阳半导体材料股份有限公司,信息技术,化工丨电子/半导体/集成电路,民营,500-1000人,6-8千·14薪,7000.0,6000.0,8000.0,False,8.85366542803745,0,0,2,1,3,2,0,0,17,专业培训|化工|材料
355,化工装置操作工 （外包岗位）,上海,蒂森克虏伯新纪元氯工程技术（上海）有限公司,石油化工,石油/石化丨化工丨新能源,未标明,50-150人,8-8.5千,8250.0,8000.0,8500.0,False,9.017968479328726,0,0,2,0,2,1,0,0,0,化工|新能源
356,DCS操作员-上海金山(V2124),上海,上海抚佳精细化工有限公司,石油化工,石油/化工/矿产/地质,民营,150-500人,8-9千,8500.0,8000.0,9000.0,False,9.047821442478408,0,2,1,1,4,3,0,0,19,化工|四级|技能培训|英语
357,中试线操作工,上海,冉聚（上海）高新材料有限公司,石油化工,化工,民营,50-150人,8.5-9千,8750.0,8500.0,9000.0,False,9.07680897935166,0,0,3,0,3,1,0,0,2,化工|新能源|材料
358,非标系统实习生,上海,上海航天动力科技工程有限公司,装备制造,船舶/航空/航天,国企,500-1000人,200元/天,4350.0,200.0,200.0,True,8.37793112408273,2,2,1,1,6,4,0,1,10,C#|Word|word|实习|机械|软件
359,技术支持工程师（上海）,上海,上海牧非科技有限公司,装备制造,仪器仪表/工业自动化,民营,少于50人,6-8千·13薪,7000.0,6000.0,8000.0,False,8.85366542803745,1,0,3,0,4,2,0,0,14,PLC|维护|自动化|调试
360,机器人运维工程师,上海,上海哲谦应用科技有限公司,信息技术,人工智能丨通信/网络设备丨计算机软件,创业公司,少于50人,8千-1.2万,10000.0,8000.0,12000.0,False,9.210340371976184,5,0,2,0,7,2,0,0,10,人工智能|测试|维护|计算机|调试|软件|运维
361,运维岗/应用工程师,上海,上海哲谦应用科技有限公司,信息技术,人工智能丨通信/网络设备丨计算机软件,创业公司,少于50人,8千-1.2万,10000.0,8000.0,12000.0,False,9.210340371976184,5,0,3,0,8,2,0,0,10,人工智能|机械|测试|维护|计算机|调试|软件|运维
362,自动化应届生,上海,苏州奥特兰恩自动化设备有限公司成都分公司,信息技术,电子/半导体/集成电路,民营,50-150人,5-7千,6000.0,5000.0,7000.0,False,8.699514748210191,2,0,2,0,4,2,0,1,10,PLC|测试|自动化|调试
363,技术支持工程师,上海,铠博（上海）贸易有限公司,信息技术,计算机服务(系统、数据服务、维修),未标明,少于50人,6千-1.2万·13薪,9000.0,6000.0,12000.0,False,9.104979856318357,1,0,3,0,4,2,0,0,14,售后|维修|计算机|销售
364,实习生（应届毕业生）,上海,上海坤链连接器有限公司,信息技术,电子/半导体/集成电路,民营,50-150人,3-6千,4500.0,3000.0,6000.0,False,8.411832675758411,0,0,0,2,2,1,0,2,15,专业培训|实习
365,项目应用支持工程师（可应届生）,上海,上海美创力罗特维尔电子机械科技有限公司,装备制造,机械/设备/重工,合资,150-500人,6千-1.2万,9000.0,6000.0,12000.0,False,9.104979856318357,7,1,2,0,10,3,0,1,10,C#|C++|Java|MySQL|Oracle|SQL|数据库|机械|自动化|英语
366,（大飞机）软件工程师（应届）,上海,上海柏飞电子科技有限公司,信息技术,电子/半导体/集成电路,未标明,150-500人,8千-1万·15薪,9000.0,8000.0,10000.0,False,9.104979856318357,2,0,1,1,4,3,0,1,22,专业培训|调试|软件|运维
367,（民机）系统工程师（应届）,上海,上海柏飞电子科技有限公司,信息技术,电子/半导体/集成电路,未标明,150-500人,8千-1万·15薪,9000.0,8000.0,10000.0,False,9.104979856318357,2,0,1,1,4,3,0,1,18,专业培训|调试|软件|运维
368,fae技术支持工程师,上海,上海盛耐科技有限公司,信息技术,电子/半导体/集成电路,民营,50-150人,7-9千,8000.0,7000.0,9000.0,False,8.987196820661973,0,0,1,0,1,1,0,0,7,售后
369,技术工程师（成都）,上海,成都交大光芒科技股份有限公司,信息技术,计算机软件,国企,150-500人,5-9千·13薪,7000.0,5000.0,9000.0,False,8.85366542803745,8,0,1,0,9,2,0,0,17,Java|MyBatis|Redis|Spring|SpringBoot|数据库|计算机|调试|软件
370,技术支持工程师,上海,上海圣界电子科技有限公司,装备制造,仪器仪表/工业自动化,民营,50-150人,6-8千,7000.0,6000.0,8000.0,False,8.85366542803745,1,0,1,0,2,2,0,0,7,自动化|计算机
371,Helpdesk技术支持客服（实习岗）,上海,英达特信息技术（上海）有限公司,信息技术,计算机服务(系统、数据服务、维修),未标明,50-150人,3.7-4.5千,4100.0,3700.0,4500.0,False,8.318742252692399,1,1,1,1,4,4,0,1,8,实习|维修|英语|计算机
372,2025应届生,上海,达研（上海）光电有限公司,信息技术,电子/半导体/集成电路,未标明,500-1000人,6-8千,7000.0,6000.0,8000.0,False,8.85366542803745,0,0,1,1,2,2,0,1,10,专业培训|自动化
373,管培生（信息化）,上海,上海南华兰陵电气有限公司,其他,电气/电力/水利,合资,150-500人,6千-1.2万,9000.0,6000.0,12000.0,False,9.104979856318357,6,0,2,0,8,2,0,1,10,ERP|Java|MySQL|SQL|erp|机械|测试|自动化
374,自动化软件类管培生-运动控制方向（工作地点 珠海）,珠海,欧拓飞科技（珠海）有限公司,信息技术,仪器仪表/工业自动化,民营,150-500人,8-12万/年,64000.0,8000.0,120000.0,False,11.06663836234181,2,0,1,0,3,2,0,1,3,自动化|计算机|软件
375,软件调试工程师,上海,上海大界机器人科技有限公司,信息技术,仪器仪表/工业自动化丨机械/设备/重工,合资,150-500人,8千-1.3万·14薪,10500.0,8000.0,13000.0,False,9.259130536145614,1,0,3,0,4,2,0,0,12,机械|自动化|调试|软件
376,软件测试实习生,上海,格至控智能动力科技（上海）有限公司,信息技术,汽车零部件,合资,1000-5000人,3-5千,4000.0,3000.0,5000.0,False,8.294049640102028,3,0,1,2,6,3,0,1,15,专业培训|实习|测试|自动化|计算机|软件
377,现场实施工程师,上海,上海奥索斯自动化科技有限公司,装备制造,机械/设备/重工,民营,500-1000人,8千-1万·13薪,9000.0,8000.0,10000.0,False,9.104979856318357,0,0,3,1,4,2,0,0,12,专业培训|机械|物流|自动化
378,项目工程师（售后技术支持）,上海,上海起迪计算机科技发展有限公司,信息技术,计算机软件丨计算机服务丨网络/信息安全,民营,50-150人,4-8千,6000.0,4000.0,8000.0,False,8.699514748210191,5,2,1,0,8,3,0,0,25,Linux|SQL|信息安全|售后|客户服务|计算机|软件|项目管理
379,IT技术支持工程师（招应届生）,上海,上海建梯企业咨询服务有限公司,信息技术,计算机服务丨企业服务,民营,少于50人,6-8千,7000.0,6000.0,8000.0,False,8.85366542803745,2,0,0,0,2,1,0,1,9,计算机|运维
380,日系系统运维工程师,上海,艾迪系统开发（武汉）有限公司,信息技术,网络/信息安全丨计算机服务,未标明,50-150人,7.5-9千·13薪,8250.0,7500.0,9000.0,False,9.017968479328726,4,0,0,1,5,2,0,0,9,专业培训|信息安全|服务器|计算机|运维
381,助理机器视觉工程师,上海,上海贝特威自动化科技有限公司,装备制造,人工智能丨仪器仪表/工业自动化,民营,150-500人,5-7千,6000.0,5000.0,7000.0,False,8.699514748210191,3,0,1,1,5,3,0,0,17,C#|C++|专业培训|人工智能|自动化
382,IT Helpdesk技术支持工程师（面向企业客户）,上海,上海万利斯电子技术有限公司,信息技术,批发/零售,民营,50-150人,5-6千·13薪,5500.0,5000.0,6000.0,False,8.612503371220562,2,2,1,1,6,4,0,0,17,办公软件|客户服务|职业发展|计算机|软件|零售
383,维护工程师,上海,上海共志通信信息技术发展有限公司,信息技术,通信/网络设备,国企,1000-5000人,6-8千,7000.0,6000.0,8000.0,False,8.85366542803745,2,1,1,0,4,3,0,0,19,办公软件|维护|计算机|软件
384,系统维护工程师,上海,苏州鸿安机械股份有限公司,装备制造,机械/设备/重工,民营,500-1000人,6千-1万,8000.0,6000.0,10000.0,False,8.987196820661973,0,0,2,1,3,2,0,0,6,专业培训|机械|维护
385,CIM工程师（2026届）,上海,上海积塔半导体有限公司,信息技术,电子/半导体/集成电路,国企,1000-5000人,9千-1.8万·13薪,13500.0,9000.0,18000.0,False,9.51044496442652,2,0,0,1,3,2,0,1,18,Java|专业培训|计算机
386,测试实习生,上海,上海森松制药设备工程有限公司,装备制造,机械/设备/重工,未标明,500-1000人,3千及以下,3000.0,3000.0,3000.0,False,8.006367567650246,4,0,1,1,6,3,0,1,8,SQL|实习|机械|测试|计算机|软件
387,视觉开发工程师（管培生）,上海,上海富驰高科技股份有限公司,信息技术,消费电子产品,合资,1000-5000人,8千-1.2万,10000.0,8000.0,12000.0,False,9.210340371976184,5,0,0,0,5,1,0,1,16,C#|前端|数据分析|算法|计算机
388,信息软件工程师（自动化设备）,上海,上海圆通蛟龙投资发展（集团）有限公司,信息技术,货运/物流/仓储丨贸易/进出口丨计算机软件,民营,500-1000人,7千-1.2万·13薪,9500.0,7000.0,12000.0,False,9.159047077588632,2,0,2,1,5,3,0,0,12,专业培训|物流|自动化|计算机|软件
389,IT运维工程师,上海,上海维宏电子科技股份有限公司,信息技术,计算机软件丨计算机硬件丨电子/半导体/集成电路,未标明,500-1000人,9千-1.4万·13薪,11500.0,9000.0,14000.0,False,9.350102314351341,4,0,1,0,5,2,0,0,16,Linux|自动化|计算机|软件|运维
390,运维工程师,上海,北京三维天地科技股份有限公司济南分公司,信息技术,计算机软件,未标明,500-1000人,7千-1万,8500.0,7000.0,10000.0,False,9.047821442478408,3,0,1,0,4,2,0,0,8,维护|计算机|软件|运维
391,初级网络工程师,上海,北京京铭宏硕科技有限公司,信息技术,计算机软件,民营,150-500人,6-9千·13薪,7500.0,6000.0,9000.0,False,8.922658299524402,3,0,0,1,4,2,0,0,15,专业培训|网络安全|计算机|软件
392,智能体搭建助手,上海,上海库克打印机有限公司,信息技术,企业服务丨计算机硬件丨计算机服务,民营,少于50人,8千-1.5万·13薪,11500.0,8000.0,15000.0,False,9.350102314351341,5,0,0,1,6,2,0,0,11,专业培训|人工智能|机器学习|算法|自然语言处理|计算机
393,运维工程师储备,上海,上海青乾科技有限公司,信息技术,计算机软件丨计算机服务,民营,50-150人,6-8千,7000.0,6000.0,8000.0,False,8.85366542803745,6,0,0,1,7,2,0,0,3,MySQL|SQL|大学生|数据库|计算机|软件|运维
394,实施顾问（金融保险方向）(J10031),上海,普联软件股份有限公司,信息技术,计算机软件丨企业服务丨计算机服务,未标明,1000-5000人,1-1.6万,8500.0,1000.0,16000.0,False,9.047821442478408,6,0,1,0,7,2,0,0,16,MySQL|Oracle|SQL|数据库|计算机|软件|金融
395,软件实施工程师,上海,上海复翼软件开发有限公司,信息技术,计算机软件,民营,150-500人,6-8千,7000.0,6000.0,8000.0,False,8.85366542803745,2,0,0,1,3,2,0,0,7,专业培训|计算机|软件
396,软件工程师（应届）,上海,上海柏飞电子科技有限公司,信息技术,电子/半导体/集成电路,未标明,150-500人,8千-1万·15薪,9000.0,8000.0,10000.0,False,9.104979856318357,2,0,1,1,4,3,0,1,22,专业培训|调试|软件|运维
397,技术支持工程师(TLD04I12),上海,福建顶点软件股份有限公司,信息技术,计算机软件丨计算机服务丨证券/期货,未标明,1000-5000人,1-1.6万,8500.0,1000.0,16000.0,False,9.047821442478408,8,0,0,1,9,2,0,0,14,C++|Linux|MySQL|Oracle|SQL|专业培训|数据库|计算机|软件
398,实施工程师,上海,上海凯道电子科技有限公司,信息技术,计算机服务,民营,50-150人,8千-1.2万·13薪,10000.0,8000.0,12000.0,False,9.210340371976184,2,0,2,0,4,2,0,0,13,售后|计算机|调试|软件
399,IT实习生,上海,上海耀中外籍人员子女学校,信息技术,院校,未标明,500-1000人,150元/天,3262.5,150.0,150.0,True,8.090249051630948,1,0,0,1,2,2,0,1,9,实习|计算机
400,软件运维/实施工程师,上海,上海冠松汽车股份有限公司,信息技术,4S店/车后市场,民营,1000-5000人,14-18万/年,97000.0,14000.0,180000.0,False,11.48246625748552,4,0,0,0,4,1,0,0,11,Linux|SQL|软件|运维
401,服务器运维工程师,上海,深圳市泛科科技有限公司,商贸服务,其他行业,民营,50-150人,6.5-7.5千·13薪,7000.0,6500.0,7500.0,False,8.85366542803745,3,0,1,1,5,3,0,0,22,专业培训|售后|服务器|测试|运维
402,信息化工程师（2027届）,上海,瑶芯微（上海）电子科技股份有限公司,信息技术,电子/半导体/集成电路,民营,150-500人,8千-1万·13薪,9000.0,8000.0,10000.0,False,9.104979856318357,0,0,1,0,1,1,0,1,10,化工
403,系统运维工程师,上海,上海速强信息技术有限公司,金融,银行,民营,150-500人,6-7千,6500.0,6000.0,7000.0,False,8.779557455883728,8,1,0,0,9,2,0,0,13,Java|MySQL|Oracle|SQL|数据库|数据统计|英语|计算机|运维
404,硬件调试员,上海,上海莉侃信息科技有限公司,信息技术,计算机软件,民营,少于50人,6-7千,6500.0,6000.0,7000.0,False,8.779557455883728,2,0,1,0,3,2,0,0,4,计算机|调试|软件
405,软件系统服务工程师,上海,上海理工科技园有限公司,信息技术,医疗设备/器械,国企,少于50人,6千-1万,8000.0,6000.0,10000.0,False,8.987196820661973,8,0,0,1,9,2,0,0,11,Java|MySQL|SQL|Spring|SpringBoot|前端|数据库|理工科|软件
406,助理服务工程师,上海,上海航天智慧能源技术有限公司,装备制造,新能源丨仪器仪表/工业自动化丨其他行业,国企,50-150人,5-6千,5500.0,5000.0,6000.0,False,8.612503371220562,0,0,4,3,7,2,0,0,13,内部培训|师傅带教|技能培训|新能源|机械|维修|自动化
407,设备维护工程师（带薪培训）,上海,德耐尔节能科技（上海）股份有限公司,装备制造,机械/设备/重工,未标明,150-500人,6-8千·13薪,7000.0,6000.0,8000.0,False,8.85366542803745,0,0,2,2,4,2,0,0,15,带薪培训|晋升|机械|维护
408,现场工程师（轴承机械业FAE）,上海,温州静音轴承有限公司,装备制造,机械/设备/重工丨汽车零部件丨船舶/航空/航天,民营,10000人以上,10-13万/年,70000.0,10000.0,130000.0,False,11.156250521031495,0,0,1,2,3,2,0,0,15,专业培训|师傅带教|机械
409,机械点检,上海,上海中冶环保运营管理有限公司,装备制造,环保,国企,50-150人,6-9千,7500.0,6000.0,9000.0,False,8.922658299524402,1,0,3,1,5,3,0,0,13,CAD|SolidWorks|专业培训|机械|运营
410,轴承技术员,上海,芜湖人本汽车轴承有限公司,装备制造,汽车零部件丨汽车研发/制造,民营,500-1000人,6-7千,6500.0,6000.0,7000.0,False,8.779557455883728,0,0,0,0,0,0,0,0,9,
411,技术工程师,上海,辽熙发动机（上海）有限公司,装备制造,机械/设备/重工,民营,少于50人,4-7千,5500.0,4000.0,7000.0,False,8.612503371220562,0,0,1,0,1,1,0,0,0,机械
412,轴承技术员（上海）,上海,芜湖人本汽车轴承有限公司,装备制造,汽车零部件丨汽车研发/制造,民营,500-1000人,5-8千,6500.0,5000.0,8000.0,False,8.779557455883728,0,0,3,1,4,2,0,0,16,专业培训|保养|机械|维护
413,技术机械工程师,上海,特友粉体技术（上海）有限公司,装备制造,机械/设备/重工,未标明,少于50人,6千-1.2万·13薪,9000.0,6000.0,12000.0,False,9.104979856318357,0,0,3,0,3,1,0,0,5,机械|机械工程|机械设计
414,应届生（机电一体化专业）,上海,上海麦宝食品有限公司,其他,食品/饮料/粮油,合资,150-500人,7-9千,8000.0,7000.0,9000.0,False,8.987196820661973,0,0,0,1,1,1,0,1,4,专业培训
415,压缩机检测助理工程师,上海,上海谦和泰技术有限公司,建筑地产,检测/认证,民营,50-150人,5.5-6千,5750.0,5500.0,6000.0,False,8.656955133791396,1,0,0,0,1,1,0,0,11,测试
416,机电一体化应届生,上海,上海华友金裕微电子有限公司,信息技术,电子/半导体/集成电路,合资,50-150人,5-8千,6500.0,5000.0,8000.0,False,8.779557455883728,0,0,0,1,1,1,0,1,8,专业培训
417,现场工程师—机械类毕业三年内,上海,浙江辛子精工机械有限公司,装备制造,货运/物流/仓储,民营,1000-5000人,6-8千·13薪,7000.0,6000.0,8000.0,False,8.85366542803745,2,0,6,0,8,2,0,0,18,机械|机械工程|机械设计|测试|物流|维护|调试|软件
418,Apprentice Mechanics/学徒机械员,上海,上海普惠飞机发动机维修有限公司,装备制造,船舶/航空/航天,合资,150-500人,10-12万/年,65000.0,10000.0,120000.0,False,11.082142548877775,0,0,2,1,3,2,0,0,10,专业培训|机械|维修
419,机械工程师-输送设备,上海,上海米赛么工业自动化有限公司,装备制造,仪器仪表/工业自动化,民营,少于50人,6-8千,7000.0,6000.0,8000.0,False,8.85366542803745,0,0,3,0,3,1,0,0,1,机械|机械工程|自动化
420,设备工程师助理,上海,上海朗日工程技术有限公司,装备制造,机械/设备/重工,民营,少于50人,6-9千,7500.0,6000.0,9000.0,False,8.922658299524402,0,0,1,0,1,1,0,0,8,机械
421,机械工程师,上海,上海塔池机械有限公司,装备制造,机械/设备/重工丨汽车零部件,民营,50-150人,5千-1万·13薪,7500.0,5000.0,10000.0,False,8.922658299524402,0,0,2,0,2,1,0,0,1,机械|机械工程
422,维修钳工,上海,上海金泰工程机械有限公司,装备制造,机械/设备/重工,国企,500-1000人,6-8千,7000.0,6000.0,8000.0,False,8.85366542803745,1,0,4,0,5,2,0,0,18,保养|数据分析|数控|机械|维修
423,机床装配工程师（毕业生）,上海,帕马（上海）机床有限公司,装备制造,机械/设备/重工,未标明,50-150人,5-7千,6000.0,5000.0,7000.0,False,8.699514748210191,0,0,6,1,7,2,0,1,21,保养|技能培训|数控|机械|维护|自动化|调试
424,轴承技术员,上海,浙江辛子精工机械有限公司,商贸服务,货运/物流/仓储,民营,1000-5000人,6-8千·13薪,7000.0,6000.0,8000.0,False,8.85366542803745,0,0,2,2,4,2,0,0,17,专业培训|师傅带教|机械|物流
425,机械设备调试（纯机械）,上海,瑞光（上海）电气设备有限公司,装备制造,汽车研发/制造丨机械/设备/重工丨印刷/包装/造纸,未标明,150-500人,8千-1万,9000.0,8000.0,10000.0,False,9.104979856318357,0,0,3,0,3,1,0,0,17,机械|自动化|调试
426,维修技术人员,上海,四川海特高新技术股份有限公司,装备制造,船舶/航空/航天,未标明,1000-5000人,6-8千,7000.0,6000.0,8000.0,False,8.85366542803745,0,0,2,1,3,2,0,0,11,专业培训|维修|维护
427,机械工程师,上海,晋康半导体科技（上海）有限公司,信息技术,电子/半导体/集成电路丨原材料和加工丨机械/设备/重工,民营,50-150人,7千-1万,8500.0,7000.0,10000.0,False,9.047821442478408,0,0,3,0,3,1,0,0,9,机械|机械工程|材料
428,机械设备工程师,上海,光驰科技（上海）有限公司,装备制造,机械/设备/重工,未标明,500-1000人,12-15万/年,81000.0,12000.0,150000.0,False,11.302204433654575,0,1,3,0,4,2,0,0,10,售后|机械|英语|调试
429,技术部实习生,上海,上海宝欧工业自动化有限公司,信息技术,电子/半导体/集成电路,民营,少于50人,3千及以下,3000.0,3000.0,3000.0,False,8.006367567650246,3,0,3,1,7,3,0,1,14,实习|数据统计|维护|自动化|计算机|调试|软件
430,机械钳工、生产，安装，调试,上海,上海科甲电子有限公司,装备制造,印刷/包装/造纸,民营,50-150人,6-8千,7000.0,6000.0,8000.0,False,8.85366542803745,0,0,3,0,3,1,0,0,14,机械|维护|调试
431,工艺员（生产储备）,上海,上海清远管业科技股份有限公司,其他,建材,民营,50-150人,5.5-6千,5750.0,5500.0,6000.0,False,8.656955133791396,0,0,2,0,2,1,0,0,8,自动化|调试
432,机械工程师,上海,上海统洁环保科技有限公司,装备制造,环保,民营,50-150人,6-8千,7000.0,6000.0,8000.0,False,8.85366542803745,0,0,2,0,2,1,0,0,11,机械|机械工程
433,机械工程师,上海,上海凯森环保科技有限公司,装备制造,环保,民营,50-150人,7千-1万,8500.0,7000.0,10000.0,False,9.047821442478408,1,0,5,1,7,3,0,0,15,CAD|SolidWorks|专业培训|机械|机械工程|机械设计|自动化
434,初级机械工程师（二维/三维）,上海,安思特管道系统工程（上海）有限公司,装备制造,工程施工丨机械/设备/重工丨仪器仪表/工业自动化,未标明,50-150人,5千-1万·13薪,7500.0,5000.0,10000.0,False,8.922658299524402,1,0,3,1,5,3,0,0,14,CAD|专业培训|机械|机械工程|自动化
435,机械设计工程师,上海,积至工业设计（上海）有限公司,装备制造,机械/设备/重工,民营,未标明,6-8千,7000.0,6000.0,8000.0,False,8.85366542803745,0,0,2,0,2,1,0,0,6,机械|机械设计
436,机械工程师,上海,上海靖和实业有限公司,装备制造,机械/设备/重工,民营,500-1000人,7千-1.1万,9000.0,7000.0,11000.0,False,9.104979856318357,0,0,2,0,2,1,0,0,11,机械|机械工程
437,技术销售工程师,上海,东和恩泰实业（上海）有限公司,装备制造,机械/设备/重工丨船舶/航空/航天,未标明,少于50人,5千-1万,7500.0,5000.0,10000.0,False,8.922658299524402,0,1,2,1,4,3,0,0,14,机械|理工科|英语|销售
438,机械工程师 海隆管道工程技术服务有限公司,上海,上海市宝山区人才工作局,装备制造,政府/公共事业,事业单位,少于50人,8千-1万,9000.0,8000.0,10000.0,False,9.104979856318357,0,0,5,1,6,2,0,0,19,专业培训|新能源|机械|机械工程|维修|维护
439,技能人员储备,上海,上海南华兰陵电气有限公司,其他,电气/电力/水利,合资,150-500人,5千-1万,7500.0,5000.0,10000.0,False,8.922658299524402,0,0,2,0,2,1,0,0,11,数控|自动化
440,技术销售工程师,上海,东和恩泰实业（上海）有限公司,装备制造,机械/设备/重工丨船舶/航空/航天,未标明,少于50人,5千-1万·13薪,7500.0,5000.0,10000.0,False,8.922658299524402,0,1,2,1,4,3,0,0,14,机械|理工科|英语|销售
441,机械工程师,上海,上海精谱科技有限公司,装备制造,仪器仪表/工业自动化,民营,50-150人,8千-1万,9000.0,8000.0,10000.0,False,9.104979856318357,0,0,3,0,3,1,0,0,3,机械|机械工程|自动化
442,技术员,上海,上海恒伸祥汽车部件有限公司,装备制造,汽车零部件,民营,50-150人,5-7千·13薪,6000.0,5000.0,7000.0,False,8.699514748210191,0,0,0,0,0,0,0,0,7,
443,机械制图,上海,上海瑞荟流体技术有限公司,装备制造,机械/设备/重工,民营,少于50人,6-9千·13薪,7500.0,6000.0,9000.0,False,8.922658299524402,0,0,1,0,1,1,0,0,6,机械
444,机械结构工程师,上海,上海颐坤自动化控制设备有限公司,信息技术,电子技术/半导体/集成电路,民营,50-150人,6.5-7.5千,7000.0,6500.0,7500.0,False,8.85366542803745,0,0,2,1,3,2,0,0,5,专业培训|机械|自动化
445,营业担当--沈阳/大连/长春/哈尔滨,远程办公,三菱铅笔贸易（上海）有限公司,商贸服务,批发/零售,未标明,少于50人,6-8千,7000.0,6000.0,8000.0,False,8.85366542803745,1,2,3,0,6,3,0,0,9,办公软件|客户关系|维护|软件|销售|零售
446,设备操作工/检修工,上海,上海庭礼实业有限公司,装备制造,电气/电力/水利,民营,50-150人,5-6千,5500.0,5000.0,6000.0,False,8.612503371220562,0,0,0,0,0,0,0,0,11,
447,中国龙工,上海,上海鹏阑人力资源有限公司,商贸服务,生活服务,民营,少于50人,7-9千,8000.0,7000.0,9000.0,False,8.987196820661973,0,0,1,0,1,1,0,0,3,人力资源
448,安全工器具操作岗,上海,上海庭礼实业有限公司,其他,电气/电力/水利,民营,50-150人,5-6千,5500.0,5000.0,6000.0,False,8.612503371220562,0,0,0,0,0,0,0,0,10,
449,设备智能制造运维 接收无经验,上海,安徽佶祥企业管理有限公司,装备制造,中介服务,民营,少于50人,6千-1.2万,9000.0,6000.0,12000.0,False,9.104979856318357,1,0,0,0,1,1,0,1,6,运维
450,加氢员,上海,上海舜华新能源系统有限公司,石油化工,新能源,国企,150-500人,4-7千·13薪,5500.0,4000.0,7000.0,False,8.612503371220562,1,1,4,1,7,4,0,0,17,专业培训|保养|数据统计|新能源|现场管理|维修|维护
451,机器人维保运维工（初级）,上海,上海铁路机车车辆发展有限公司,其他,交通/运输/客运,国企,500-1000人,6-7.5千,6750.0,6000.0,7500.0,False,8.817297783866575,1,0,1,1,3,3,0,0,6,专业培训|维护|运维
452,安装维修钳工,上海,信安诺医药科技（上海）有限公司,建筑地产,制药/生物工程,民营,50-150人,6-8千,7000.0,6000.0,8000.0,False,8.85366542803745,0,0,4,1,5,2,0,0,16,专业培训|化学|化工|维修|药学
453,检验员-2027届实习生,上海,上海精稳密封技术有限公司,装备制造,船舶/航空/航天丨机械/设备/重工,民营,少于50人,3-4千,3500.0,3000.0,4000.0,False,8.160518247477505,0,0,1,1,2,2,0,2,7,实习|机械
454,仓库管理员(工具管理）,上海,东航飞机维修工程（上海）有限公司,装备制造,船舶/航空/航天,国企,500-1000人,5-6千·13薪,5500.0,5000.0,6000.0,False,8.612503371220562,0,0,2,0,2,1,0,0,13,仓库管理|维修
455,机器人焊接操作工,上海,上海永冠商业设备有限公司,装备制造,电气/电力/水利丨机械/设备/重工,民营,500-1000人,7-9千,8000.0,7000.0,9000.0,False,8.987196820661973,0,0,1,0,1,1,0,0,2,机械
456,安装技工,上海,上海艾普强粒子设备有限公司,装备制造,医疗设备/器械,国企,50-150人,6千-1万·13薪,8000.0,6000.0,10000.0,False,8.987196820661973,2,0,1,1,4,3,0,0,15,CAD|专业培训|机械|运维
457,CAD助理,上海,山东山大电力技术股份有限公司,其他,电气/电力/水利,国企,500-1000人,6-8千,7000.0,6000.0,8000.0,False,8.85366542803745,1,0,0,1,2,2,0,0,11,CAD|专业培训
458,会点电脑就行/ 接受小白,上海,吉瑞才（成都）科技有限公司,信息技术,计算机软件,民营,500-1000人,5-9千,7000.0,5000.0,9000.0,False,8.85366542803745,2,0,0,0,2,1,0,0,2,计算机|软件
459,会计助理(J12342),上海,上海菲曼特医疗器械有限公司,建筑地产,制药/生物工程,国企,50-150人,160元/天,3480.0,160.0,160.0,True,8.15478757276852,0,0,1,0,1,1,0,0,0,会计
460,财务实习生,上海,上海芯谦集成电路有限公司,信息技术,电子/半导体/集成电路,民营,50-150人,150元/天,3262.5,150.0,150.0,True,8.090249051630948,0,0,0,1,1,1,0,1,8,实习
461,众鑫优才,上海,中国人寿保险股份有限公司上海市分公司,金融,保险,国企,10000人以上,8千-1.2万,10000.0,8000.0,12000.0,False,9.210340371976184,0,0,2,1,3,2,0,0,14,招聘|晋升|销售
462,cad制图,上海,上海洄艏智能设备有限公司,信息技术,计算机软件丨电子/半导体/集成电路丨机械/设备/重工,民营,500-1000人,7千-1.4万·13薪,10500.0,7000.0,14000.0,False,9.259130536145614,3,0,1,1,5,3,0,0,24,CAD|专业培训|机械|计算机|软件
463,真空机械工程师（实习）,上海,上海广川科技有限公司,信息技术,电子/半导体/集成电路,合资,500-1000人,180元/天,3915.0,180.0,180.0,True,8.272570608424903,3,4,2,1,10,4,0,1,13,ERP|Excel|Word|erp|excel|word|实习|机械|机械工程|测试
464,27届本科实习岗-文职,上海,上海芯圣电子股份有限公司,信息技术,电子/半导体/集成电路,未标明,150-500人,100元/天,2175.0,100.0,100.0,True,7.684783943522785,2,7,2,2,13,4,4,1,22,ERP|Excel|PPT|Word|erp|excel|ppt|word|专业培训|实习|客户服务|维护|行政
465,HR系统档案管理支持实习生,上海,杜尔涂装系统工程（上海）有限公司,装备制造,机械/设备/重工,未标明,1000-5000人,150元/天,3262.5,150.0,150.0,True,8.090249051630948,0,0,1,1,2,2,0,1,1,实习|机械
466,入职盖实习三方-线上面试,上海,上海太平洋房屋服务有限公司,其他,地产经纪/中介,未标明,5000-10000人,7千-1.4万·14薪,10500.0,7000.0,14000.0,False,9.259130536145614,0,0,0,3,3,1,0,1,12,专业培训|实习|晋升
467,机械制图员,上海,灏哲科技（上海）有限公司,信息技术,电子商务,民营,少于50人,200元/天,4350.0,200.0,200.0,True,8.37793112408273,0,0,2,0,2,1,0,0,6,SolidWorks|机械
468,机械点检实习生,上海,上海中冶环保运营管理有限公司,装备制造,环保,国企,50-150人,150元/天,3262.5,150.0,150.0,True,8.090249051630948,0,0,2,1,3,2,0,1,8,实习|机械|运营
469,短期见习生包餐,上海,双木能源装备科技（上海）有限公司,装备制造,机械/设备/重工丨新能源,民营,150-500人,228元/天,4959.0,228.0,228.0,True,8.508959386489133,0,0,2,1,3,2,0,1,3,新能源|机械|见习
470,助理机械生产工程师（可留用）,上海,益美高（上海）制冷设备有限公司,装备制造,机械/设备/重工,未标明,150-500人,180元/天,3915.0,180.0,180.0,True,8.272570608424903,1,2,1,1,5,4,0,0,16,专业培训|四级|机械|英语|软件
471,财务实习生,上海,上海高左实业有限公司,商贸服务,贸易/进出口,国企,150-500人,180元/天,3915.0,180.0,180.0,True,8.272570608424903,0,0,0,1,1,1,0,1,3,实习
472,财务实习生,上海,绍兴君航企业管理有限公司,商贸服务,企业服务,民营,50-150人,120元/天,2610.0,120.0,120.0,True,7.867105500316739,1,0,1,1,3,3,0,1,3,实习|数据统计|财务管理
473,工程管理岗（实习生）,上海,上海浦中实业发展有限公司,商贸服务,物业服务,未标明,1000-5000人,150元/天,3262.5,150.0,150.0,True,8.090249051630948,0,0,0,1,1,1,0,1,5,实习
474,财务实习生,上海,卓益浦芯材料科技（上海）有限公司,信息技术,电子技术/半导体/集成电路,民营,少于50人,150元/天,3262.5,150.0,150.0,True,8.090249051630948,1,0,3,1,5,3,0,1,9,会计|实习|数据统计|材料|金融
475,财务实习生（2028年毕业优先） ID216000,上海,达信（中国）保险经纪有限公司,金融,保险,未标明,150-500人,150元/天,3262.5,150.0,150.0,True,8.090249051630948,0,0,0,1,1,1,0,1,8,实习
476,财务实习生,上海,上海百联资产控股有限公司,商贸服务,物业服务,国企,10000人以上,100元/天,2175.0,100.0,100.0,True,7.684783943522785,0,0,2,1,3,2,0,1,13,会计|实习|税务
477,货代业务员（可收应届生）（上海）,上海,湖北柏吉供应链管理有限公司,商贸服务,货运/物流/仓储,民营,50-150人,5千-1万,7500.0,5000.0,10000.0,False,8.922658299524402,0,0,3,0,3,1,0,1,18,物流|维护|销售
478,业务助理+仓库管理,上海,吉盛微（上海）半导体技术有限公司,信息技术,电子/半导体/集成电路,民营,150-500人,5-8千,6500.0,5000.0,8000.0,False,8.779557455883728,1,5,3,0,9,3,0,0,15,Excel|Word|excel|word|仓库管理|办公软件|维修|软件|销售
479,仓库管理,上海,上海江南工程塑胶有限公司,其他,原材料和加工,合资,150-500人,4-6千,5000.0,4000.0,6000.0,False,8.517193191416238,0,0,3,1,4,2,0,0,3,专业培训|仓库管理|数控|材料
480,零件收发内务（国际）,上海,上海富山精密机械科技有限公司,装备制造,机械/设备/重工丨仪器仪表/工业自动化,民营,500-1000人,5-6千,5500.0,5000.0,6000.0,False,8.612503371220562,2,2,5,0,9,3,0,0,10,仓库管理|办公软件|机械|物流|盘点|自动化|英语|计算机|软件
481,玛氏休闲食品-岗位操作员-松江工厂 (R160933),上海,玛氏中国,其他,食品/饮料/粮油,未标明,10000人以上,6-7千,6500.0,6000.0,7000.0,False,8.779557455883728,0,0,0,0,0,0,0,0,0,
482,仓库管理员（需帮忙装卸）,上海,上海凌驰速达物流有限公司,其他,交通/运输/客运,民营,50-150人,7.5-8千,7750.0,7500.0,8000.0,False,8.955448122347393,0,0,3,1,4,2,0,0,17,仓库管理|师傅带教|物流|盘点
483,仓管员,上海,上海凯尔孚应力腐蚀试验设备有限公司,装备制造,机械/设备/重工,民营,少于50人,5-6.5千,5750.0,5000.0,6500.0,False,8.656955133791396,0,1,2,0,3,2,0,0,12,机械|盘点|经营管理
484,仓库管理员（需协助装卸分拣）,上海,河南伊若人力资源服务有限公司,商贸服务,人力资源服务,民营,150-500人,7-8千,7500.0,7000.0,8000.0,False,8.922658299524402,0,0,4,1,5,2,0,0,21,专业培训|人力资源|仓库管理|盘点|账实相符
485,仓库管理员,上海,双恒阀门集团有限公司,装备制造,机械/设备/重工,民营,150-500人,4-5.5千,4750.0,4000.0,5500.0,False,8.465899897028686,1,1,4,0,6,3,0,0,12,仓库管理|办公软件|机械|盘点|账实相符|软件
486,仓库管理员,上海,上海竹伟企业管理有限公司,商贸服务,货运/物流/仓储,民营,50-150人,5-6千,5500.0,5000.0,6000.0,False,8.612503371220562,0,0,2,0,2,1,0,0,7,仓库管理|物流
487,仓储理货员,上海,上海竹伟企业管理有限公司,商贸服务,货运/物流/仓储,民营,50-150人,5-6千,5500.0,5000.0,6000.0,False,8.612503371220562,0,0,1,0,1,1,0,0,10,物流
488,仓库管理员,上海,中赤信息技术（上海）有限公司,信息技术,网络/信息安全,民营,50-150人,5-6千,5500.0,5000.0,6000.0,False,8.612503371220562,3,2,3,1,9,4,0,0,18,ERP|Excel|erp|excel|专业培训|仓库管理|信息安全|售后|盘点
489,仓库管理员,上海,日乃本五金塑料制品（上海）有限公司,其他,其他行业,未标明,150-500人,5-6.5千,5750.0,5000.0,6500.0,False,8.656955133791396,1,1,3,1,6,4,0,0,11,仓库管理|办公软件|发展空间|物流|账实相符|软件
490,仓库管理员,上海,上海乾一化学品有限公司,其他,日化/化妆品,民营,少于50人,6.5-7.5千,7000.0,6500.0,7500.0,False,8.85366542803745,1,0,3,1,5,3,0,0,20,专业培训|仓库管理|化学|数据统计|账实相符
491,仓库管理员,上海,螺优压缩机（上海）有限公司,装备制造,机械/设备/重工,民营,50-150人,4.5-6千,5250.0,4500.0,6000.0,False,8.565983355585669,0,0,4,1,5,2,0,0,20,专业培训|仓库管理|审计|机械|盘点
492,仓储物流单证,上海,中外运普菲斯冷链物流有限公司,商贸服务,货运/物流/仓储丨贸易/进出口丨交通/运输/客运,合资,150-500人,5-7千,6000.0,5000.0,7000.0,False,8.699514748210191,0,0,1,0,1,1,0,0,11,物流
493,仓库管理员,上海,上海建邦自动化设备有限公司,商贸服务,贸易/进出口,民营,少于50人,5-8千,6500.0,5000.0,8000.0,False,8.779557455883728,0,0,3,0,3,1,0,0,6,仓库管理|盘点|自动化
494,标签打印员,上海,麦加芯彩新材料科技（上海）股份有限公司,石油化工,化工,未标明,150-500人,4.5-5千,4750.0,4500.0,5000.0,False,8.465899897028686,0,0,2,0,2,1,0,0,0,化工|材料
495,仓储物流专员,上海,上海杰昂计算机科技有限公司,信息技术,计算机硬件,民营,少于50人,4-6千·13薪,5000.0,4000.0,6000.0,False,8.517193191416238,1,0,3,3,7,3,0,0,20,专业培训|仓库管理|发展空间|晋升|物流|盘点|计算机
496,仓储文员/助理（在校生）,上海,昆明三霖花卉有限公司上海分公司,其他,农/林/牧/渔,民营,少于50人,5-5.5千,5250.0,5000.0,5500.0,False,8.565983355585669,0,0,1,0,1,1,0,0,10,物流
497,仓库管理/柜台营业员,上海,上海复旦科教器材服务有限公司,商贸服务,货运/物流/仓储丨政府/公共事业,国企,50-150人,5-8.5千,6750.0,5000.0,8500.0,False,8.817297783866575,0,0,2,1,3,2,0,0,6,专业培训|仓库管理|物流
498,仓库管理员,上海,上海货优智选医疗器械有限公司,装备制造,医疗设备/器械,民营,50-150人,6-6千,6000.0,6000.0,6000.0,False,8.699514748210191,0,0,2,0,2,1,0,0,10,仓库管理|盘点
499,仓库保管员,上海,上药医疗器械（上海）有限公司,装备制造,医疗设备/器械,国企,150-500人,6-9万/年,48000.0,6000.0,90000.0,False,10.778956289890028,0,0,0,1,1,1,0,0,10,专业培训
500,仓库管理员,上海,威聚（上海）贸易有限公司,商贸服务,批发/零售,未标明,50-150人,4.5-6千,5250.0,4500.0,6000.0,False,8.565983355585669,1,0,3,0,4,2,0,0,4,仓库管理|盘点|软件|零售
501,仓储管理员,上海,上海货优智选医疗器械有限公司,装备制造,医疗设备/器械,民营,50-150人,5-7千,6000.0,5000.0,7000.0,False,8.699514748210191,0,0,2,0,2,1,0,0,13,物流|盘点
502,仓管员,上海,上海广顺物业管理有限公司,商贸服务,物业服务,民营,50-150人,5-6千·13薪,5500.0,5000.0,6000.0,False,8.612503371220562,1,2,1,0,4,3,0,0,11,Excel|excel|数据分析|账实相符
503,物料管理员,上海,上海莉侃信息科技有限公司,信息技术,计算机软件,民营,少于50人,6-7千,6500.0,6000.0,7000.0,False,8.779557455883728,2,0,0,0,2,1,0,0,3,计算机|软件
504,收货员,上海,领虹企业服务（上海）有限公司,商贸服务,外包服务丨人力资源服务丨企业服务,民营,少于50人,5-6.5千,5750.0,5000.0,6500.0,False,8.656955133791396,0,0,1,0,1,1,0,0,2,人力资源
505,周末双休   无责5000,上海,顶呱呱科技股份有限公司,其他,法律丨财务/审计/税务丨专利/商标/知识产权,民营,1000-5000人,5.5千-1.1万,8250.0,5500.0,11000.0,False,9.017968479328726,0,0,2,0,2,1,0,0,13,审计|税务
506,仓库管理员,上海,河北侬畅企业管理有限公司,商贸服务,人力资源服务,民营,少于50人,4.5-6千·13薪,5250.0,4500.0,6000.0,False,8.565983355585669,2,0,3,1,6,3,0,0,15,ERP|erp|专业培训|人力资源|仓库管理|账实相符
507,张江盛夏路仓管长白班+加班少+五险一金,上海,上海随时配物流有限公司,商贸服务,货运/物流/仓储,民营,少于50人,5-6千,5500.0,5000.0,6000.0,False,8.612503371220562,0,0,2,0,2,1,0,0,7,物流|盘点
508,java开发工程师,上海,江苏星方筑缘机电设备有限公司,装备制造,机械/设备/重工,民营,少于50人,1-1.6万,8500.0,1000.0,16000.0,False,9.047821442478408,7,0,1,1,9,3,0,0,21,Java|MyBatis|MySQL|SQL|专业培训|数据库|机械|测试|计算机
509,康桥物流聘仓管员五险一金,上海,上海随时配物流有限公司,商贸服务,货运/物流/仓储,民营,少于50人,5-6千,5500.0,5000.0,6000.0,False,8.612503371220562,0,0,2,0,2,1,0,0,9,物流|盘点
510,Java后端实习生,上海,上海数全软件有限公司,信息技术,计算机软件,民营,少于50人,5-7千,6000.0,5000.0,7000.0,False,8.699514748210191,4,0,0,1,5,2,0,1,0,Java|后端|实习|计算机|软件
511,java开发工程师,上海,南京睿灿欣电气设备有限公司,信息技术,电子商务,民营,50-150人,1.2-1.8万,9600.0,1200.0,18000.0,False,9.169518377455928,4,0,0,1,5,2,0,0,24,Java|MyBatis|Redis|专业培训|计算机
512,生产管理-应届生岗,上海,捷普科技（上海）有限公司,信息技术,电子/半导体/集成电路,未标明,1000-5000人,7.5千-1.2万·13薪,9750.0,7500.0,12000.0,False,9.185022563991893,0,0,0,0,0,0,0,1,0,
513,伊利2027届校招-销售培训生（液态奶浙沪）,上海,内蒙古伊利实业集团股份有限公司,教育科研,食品/饮料/粮油,未标明,10000人以上,7-8千,7500.0,7000.0,8000.0,False,8.922658299524402,0,3,2,2,7,3,0,2,16,专业培训|四级|市场营销|校招|英语|营销|销售
514,JAVA后端研发工程师(J14653),上海,上海汉得信息技术股份有限公司,信息技术,计算机软件,未标明,10000人以上,6千-1.2万,9000.0,6000.0,12000.0,False,9.104979856318357,4,0,0,1,5,2,0,0,5,Java|专业培训|后端|计算机|软件
515,财务实习生（可转正）,上海,上海罗森便利有限公司,商贸服务,批发/零售,未标明,1000-5000人,150元/天,3262.5,150.0,150.0,True,8.090249051630948,0,2,2,2,6,3,0,1,19,Excel|excel|专业培训|会计|实习|零售
516,JAVA后端开发工程师(J14650),上海,上海汉得信息技术股份有限公司,信息技术,计算机软件,未标明,10000人以上,6千-1.2万,9000.0,6000.0,12000.0,False,9.104979856318357,4,0,0,1,5,2,0,0,5,Java|专业培训|后端|计算机|软件
517,做四休二操作工工作轻松月7k,上海,上海万鑫人力资源（集团）有限公司,装备制造,机械/设备/重工,民营,50-150人,7-8千,7500.0,7000.0,8000.0,False,8.922658299524402,0,0,2,1,3,2,0,0,25,专业培训|人力资源|机械
518,财务实习生,上海,上海智宸实业（集团）有限公司,装备制造,医疗设备/器械,民营,少于50人,180元/天,3915.0,180.0,180.0,True,8.272570608424903,0,0,1,1,2,2,0,1,11,会计|实习
519,会计,上海,上海晨兴农业发展有限公司,其他,农/林/牧/渔,民营,少于50人,4.5-5千,4750.0,4500.0,5000.0,False,8.465899897028686,0,0,1,0,1,1,0,0,4,会计
520,上市龙头企业-操作机台岗,上海,济南匠鑫网络科技有限公司,商贸服务,人力资源服务,民营,150-500人,6.5-8.5千·13薪,7500.0,6500.0,8500.0,False,8.922658299524402,0,0,1,2,3,2,0,0,15,人力资源|储备干部|技能培训
521,LabVIEW工程师(上海),上海,北京曾益科技有限公司,装备制造,仪器仪表/工业自动化,民营,少于50人,8千-1.3万,10500.0,8000.0,13000.0,False,9.259130536145614,1,0,1,1,3,3,0,0,19,专业培训|测试|自动化
522,财务会计实习生,上海,博力通（上海）隔膜制品有限公司,石油化工,化工,未标明,50-150人,200元/天,4350.0,200.0,200.0,True,8.37793112408273,0,0,3,1,4,2,0,1,0,会计|化工|实习|财务会计
523,可线上面试  应届生优先  提供住宿,上海,上海太平洋房屋服务有限公司,其他,地产经纪/中介,未标明,5000-10000人,6千-1.2万,9000.0,6000.0,12000.0,False,9.104979856318357,0,0,1,3,4,2,0,1,25,专业培训|师傅带教|带薪培训|销售
524,财务实习生（可转正）,上海,上海炎迅化工进出口有限公司,石油化工,化工,民营,少于50人,230元/天,5002.5,230.0,230.0,True,8.517693066457888,0,0,1,2,3,2,0,1,11,专业培训|化工|实习
525,代账会计（近控江路）,上海,上海惠中税务师事务所有限责任公司,其他,财务/审计/税务,民营,少于50人,5千-1万,7500.0,5000.0,10000.0,False,8.922658299524402,0,0,3,0,3,1,0,0,4,会计|审计|税务
526,财务会计,上海,上海逸臣建筑工程有限公司,建筑地产,建筑/建材/工程,民营,少于50人,4-5千,4500.0,4000.0,5000.0,False,8.411832675758411,0,0,2,0,2,1,0,0,0,会计|财务会计
527,财务行政助理,上海,深圳欧科健生物医药科技有限公司,建筑地产,制药/生物工程,未标明,少于50人,8千-1万,9000.0,8000.0,10000.0,False,9.104979856318357,0,0,1,0,1,1,0,0,11,行政
528,财务助理（行政岗）,上海,上海鸣科医疗科技有限公司,装备制造,医疗设备/器械丨其他专业服务丨学术/科研,民营,少于50人,8千-1万,9000.0,8000.0,10000.0,False,9.104979856318357,0,0,1,0,1,1,0,0,2,行政
529,财务专员,上海,御隆国际货运代理（上海）有限公司,商贸服务,货运/物流/仓储,未标明,1000-5000人,8千-1.2万·13薪,10000.0,8000.0,12000.0,False,9.210340371976184,0,0,1,1,2,2,0,0,6,专业培训|物流
530,财务担当-[402117],上海,花王（中国）投资有限公司,其他,日化/化妆品,未标明,500-1000人,7千-1万·14薪,8500.0,7000.0,10000.0,False,9.047821442478408,0,0,0,0,0,0,0,0,0,
531,Junior Accountant,上海,纳新塑化（上海）有限公司,石油化工,石油/石化丨贸易/进出口,未标明,150-500人,7-8千·13薪,7500.0,7000.0,8000.0,False,8.922658299524402,0,0,0,1,1,1,0,0,7,专业培训
532,财务专员,上海,前锦网络信息技术（上海）有限公司,商贸服务,人力资源服务,未标明,5000-10000人,10-12万/年,65000.0,10000.0,120000.0,False,11.082142548877775,0,2,1,0,3,2,0,0,1,人力资源|四级|英语
533,财务专员（2026届毕业生）,上海,香港斯坦达服装有限公司上海代表处,其他,服装,民营,50-150人,7千-1.2万·13薪,9500.0,7000.0,12000.0,False,9.159047077588632,1,3,3,1,8,4,0,1,20,Excel|SQL|excel|专业培训|会计|英语|财务管理|金融
534,财务专员,上海,上海笙霖机电科技有限公司,商贸服务,贸易/进出口,民营,少于50人,8千-1万,9000.0,8000.0,10000.0,False,9.104979856318357,0,0,0,0,0,0,0,0,2,
535,财务会计,上海,柏山精泰真空设备（上海）有限公司,信息技术,电子/半导体/集成电路丨机械/设备/重工,未标明,少于50人,8千-1.2万,10000.0,8000.0,12000.0,False,9.210340371976184,0,0,3,0,3,1,0,0,7,会计|机械|财务会计
536,财务会计（制造业）,上海,上海奥达科股份有限公司,装备制造,汽车零部件,合资,500-1000人,9千-1.3万,11000.0,9000.0,13000.0,False,9.305650551780507,0,0,2,0,2,1,0,0,3,会计|财务会计
537,中智劳务派遣-企划部会计处-经费会计科,上海,三菱日联银行（中国）有限公司,金融,银行,未标明,1000-5000人,6-8千,7000.0,6000.0,8000.0,False,8.85366542803745,0,0,1,0,1,1,0,0,0,会计
538,财务会计,上海,上海海丰信息技术有限公司,装备制造,船舶/航空/航天,未标明,500-1000人,10-12万/年,65000.0,10000.0,120000.0,False,11.082142548877775,1,2,3,0,6,3,0,0,25,会计|办公软件|物流|英语|财务会计|软件
539,Accounts Executive,上海,杰安海事咨询（上海）有限公司,商贸服务,检测/认证丨其他专业服务,未标明,50-150人,6千-1万,8000.0,6000.0,10000.0,False,8.987196820661973,0,0,0,0,0,0,0,0,15,
540,财务管培生,上海,上海威可特汽车热交换器制造有限公司,装备制造,汽车零部件,合资,500-1000人,8千-1.2万,10000.0,8000.0,12000.0,False,9.210340371976184,0,0,0,0,0,0,0,1,0,
541,财务控制管培生,上海,利勃海尔（中国）有限公司,装备制造,机械/设备/重工,未标明,150-500人,7千-1万·13薪,8500.0,7000.0,10000.0,False,9.047821442478408,0,0,1,0,1,1,0,1,9,机械
542,财务人员,上海,上海兴兴泰港机技术发展有限公司,装备制造,机械/设备/重工,国企,1000-5000人,8千-1万,9000.0,8000.0,10000.0,False,9.104979856318357,0,0,1,1,2,2,0,0,10,专业培训|机械
543,财务助理,上海,上海新奥光明公益基金会,其他,非营利组织,未标明,少于50人,8千-1.2万,10000.0,8000.0,12000.0,False,9.210340371976184,0,0,0,1,1,1,0,0,7,专业培训
544,财务助理,上海,上海托新实业有限公司,装备制造,汽车零部件,民营,500-1000人,7千-1万·13薪,8500.0,7000.0,10000.0,False,9.047821442478408,0,0,0,0,0,0,0,0,2,
545,财务部管理培训生（FMP）,上海,上海臻臣化妆品有限公司,教育科研,日化/化妆品,民营,1000-5000人,7千-1万,8500.0,7000.0,10000.0,False,9.047821442478408,3,2,2,2,9,4,0,1,21,ERP|Excel|erp|excel|专业培训|会计|数据分析|管理培训|财务管理
546,沟通财务,上海,上海搜福企业发展（集团）有限公司,商贸服务,企业服务,民营,50-150人,1-2万,10500.0,1000.0,20000.0,False,9.259130536145614,0,1,0,0,1,1,0,0,4,沟通
547,财务专员,上海,山东黄金集团（深圳）黄金珠宝有限公司,其他,珠宝/首饰,国企,150-500人,7千-1.1万,9000.0,7000.0,11000.0,False,9.104979856318357,1,0,3,0,4,2,0,0,13,会计|财务管理|软件|金融
548,财务储备生（校招）,上海,益海嘉里金龙鱼食品集团股份有限公司,其他,食品/饮料/粮油,未标明,10000人以上,7-9千,8000.0,7000.0,9000.0,False,8.987196820661973,1,0,0,3,4,2,0,1,18,专业培训|大学生|校招|测试
549,Cashier,上海,上海波音航空改装维修工程有限公司,其他,交通/运输/客运,合资,500-1000人,5-8千,6500.0,5000.0,8000.0,False,8.779557455883728,0,0,1,0,1,1,0,0,0,维修
550,Junior Accountant,上海,富林特（上海）企业管理有限公司,石油化工,化工,未标明,150-500人,6-7千·15薪,6500.0,6000.0,7000.0,False,8.779557455883728,0,0,1,0,1,1,0,0,10,化工
551,财务控制中心会计,上海,东方海外货柜航运（中国）有限公司,商贸服务,货运/物流/仓储丨交通/运输/客运,未标明,500-1000人,7-8千·13薪,7500.0,7000.0,8000.0,False,8.922658299524402,0,0,2,1,3,2,0,0,2,专业培训|会计|物流
552,财务专员,上海,中财期货有限公司,金融,证券/期货,民营,150-500人,7-9千·13薪,8000.0,7000.0,9000.0,False,8.987196820661973,0,0,3,1,4,2,0,0,16,专业培训|会计|税务|金融
553,总账会计/助理,上海,上海琳方会计师事务所有限公司,其他,财务/审计/税务,民营,150-500人,6千-1万,8000.0,6000.0,10000.0,False,8.987196820661973,0,0,3,0,3,1,0,0,2,会计|审计|税务
554,财务管培生,上海,上海寰宇汇商业管理有限公司,建筑地产,房地产开发,未标明,150-500人,9千-1.1万·16薪,10000.0,9000.0,11000.0,False,9.210340371976184,1,1,3,0,5,3,0,1,10,会计|出纳|办公软件|财务管理|软件
555,外运物流-国际供应链-财务管理(J33883),上海,中外运物流有限公司,商贸服务,货运/物流/仓储,国企,10000人以上,8千-1万·14薪,9000.0,8000.0,10000.0,False,9.104979856318357,0,0,2,0,2,1,0,0,1,物流|财务管理
556,全职会计/财务,上海,上海铂览智能科技有限公司,信息技术,电子/半导体/集成电路,民营,少于50人,8千-1.2万·13薪,10000.0,8000.0,12000.0,False,9.210340371976184,1,2,2,0,5,3,0,0,15,Excel|excel|会计|税务|软件
557,人事财务专员,上海,昆山宇芳汽车科技有限公司,信息技术,计算机软件,民营,未标明,3-6千,4500.0,3000.0,6000.0,False,8.411832675758411,2,0,0,0,2,1,0,0,1,计算机|软件
558,沟通会计,上海,上海搜福企业发展（集团）有限公司,商贸服务,企业服务,民营,50-150人,1-2万,10500.0,1000.0,20000.0,False,9.259130536145614,0,1,1,0,2,2,0,0,4,会计|沟通
559,财务运营专员(J11213),上海,上海展志钢材加工配送有限公司,商贸服务,贸易/进出口,民营,150-500人,8千-1.2万,10000.0,8000.0,12000.0,False,9.210340371976184,0,0,1,0,1,1,0,0,4,运营
560,财务专员,上海,上海辰途人力资源有限公司,商贸服务,人力资源服务,民营,少于50人,7千-1万,8500.0,7000.0,10000.0,False,9.047821442478408,0,0,1,0,1,1,0,0,1,人力资源
561,财务专员,上海,京瓷办公信息系统（中国）有限公司,装备制造,办公用品及设备,未标明,50-150人,8.5千-1万·14薪,9250.0,8500.0,10000.0,False,9.132378830506472,0,0,1,0,1,1,0,0,3,会计
562,储备干部(财务会计部）,上海,上海飞奥燃气设备有限公司,装备制造,机械/设备/重工,合资,150-500人,8千-1.5万·14薪,11500.0,8000.0,15000.0,False,9.350102314351341,0,0,3,1,4,2,0,1,7,会计|储备干部|机械|财务会计
563,上海会计,上海,江西驰恒实业有限公司,装备制造,汽车零部件,民营,50-150人,5千-1万,7500.0,5000.0,10000.0,False,8.922658299524402,0,0,1,0,1,1,0,0,3,会计
564,财务助理（part time）,上海,上海达克泰机械设备技术有限责任公司,装备制造,机械/设备/重工,未标明,少于50人,6-7千,6500.0,6000.0,7000.0,False,8.779557455883728,1,0,4,0,5,2,0,0,13,会计|审计|机械|财务管理|软件
565,Accountant-Finance,上海,DEKRA德凯,其他,检测/认证,未标明,1000-5000人,5.5-9千·13薪,7250.0,5500.0,9000.0,False,8.88875674784872,0,0,1,0,1,1,0,0,4,会计
566,会计,上海,鑫百勤专用车辆有限公司,其他,其他行业,未标明,150-500人,8千-1万,9000.0,8000.0,10000.0,False,9.104979856318357,1,1,2,0,4,3,0,0,12,会计|办公软件|账实相符|软件
567,财务专员,上海,上海巴克斯酒业营销有限公司,其他,食品/饮料/粮油,民营,1000-5000人,6千-1万·14薪,8000.0,6000.0,10000.0,False,8.987196820661973,0,0,1,0,1,1,0,0,22,营销
568,财务助理,上海,上海江怀环保设备有限公司,装备制造,机械/设备/重工,民营,少于50人,6千-1万,8000.0,6000.0,10000.0,False,8.987196820661973,2,0,4,1,7,3,0,0,17,ERP|erp|专业培训|会计|出纳|机械|财务管理
569,财务会计-上市药企,上海,四川百利天恒药业股份有限公司,建筑地产,制药/生物工程,民营,1000-5000人,8千-1.1万,9500.0,8000.0,11000.0,False,9.159047077588632,0,0,2,0,2,1,0,0,1,会计|财务会计
570,财务会计,上海,贝克欧（上海）净化系统科技有限公司,装备制造,机械/设备/重工,未标明,50-150人,7-9千,8000.0,7000.0,9000.0,False,8.987196820661973,0,0,3,0,3,1,0,0,10,会计|机械|财务会计
571,会计助理（乙方）,上海,恒可富企业咨询服务（上海）有限公司,其他,财务/审计/税务,未标明,50-150人,9.7-11万/年,59850.0,9700.0,110000.0,False,10.999596710986118,0,0,3,2,5,2,0,0,17,会计|审计|晋升|税务|职业发展
572,26915U-财务经理（培养）,上海,平安国际融资租赁有限公司,金融,投资/融资,合资,1000-5000人,8千-1万,9000.0,8000.0,10000.0,False,9.104979856318357,0,0,0,0,0,0,0,1,2,
573,初级会计/会计助理,上海,上海浩富浩信企业咨询有限公司,商贸服务,其他专业服务,未标明,5000-10000人,7.5-9千,8250.0,7500.0,9000.0,False,9.017968479328726,0,0,1,1,2,2,0,0,13,专业培训|会计
574,会计专员,上海,华润智检（上海）医疗器械有限公司,装备制造,医疗设备/器械,国企,50-150人,8千-1万,9000.0,8000.0,10000.0,False,9.104979856318357,0,0,1,0,1,1,0,0,8,会计
575,财务助理/财务bp,上海,亿茂国际贸易集团有限公司,商贸服务,贸易/进出口,民营,500-1000人,6-8千·13薪,7000.0,6000.0,8000.0,False,8.85366542803745,0,0,2,1,3,2,0,0,25,专业培训|物流|维护
576,财务助理,上海,上海雅创电子集团股份有限公司,信息技术,电子/半导体/集成电路,民营,1000-5000人,9千-1.2万·13薪,10500.0,9000.0,12000.0,False,9.259130536145614,0,0,2,1,3,2,0,0,17,专业培训|会计|审计
577,财务BP,上海,上海菲利华石创科技有限公司,其他,原材料和加工,未标明,150-500人,8千-1万,9000.0,8000.0,10000.0,False,9.104979856318357,0,0,1,1,2,2,0,0,6,专业培训|材料
578,Associate会计服务专员 - 税务方向,上海,卓佳咨询（北京）有限公司,商贸服务,咨询,未标明,500-1000人,7-8千,7500.0,7000.0,8000.0,False,8.922658299524402,0,3,2,1,6,3,0,0,24,Excel|excel|专业培训|会计|税务|英语
579,财务专员,上海,华道（上海）生物医药股份有限公司,建筑地产,制药/生物工程,民营,150-500人,7-8千,7500.0,7000.0,8000.0,False,8.922658299524402,0,0,0,0,0,0,0,0,7,
580,财务顾问,上海,上海星森企业管理咨询有限公司,商贸服务,贸易/进出口,民营,50-150人,5千-1万,7500.0,5000.0,10000.0,False,8.922658299524402,0,0,0,0,0,0,0,0,1,
581,财务专员,上海,上海申达股份有限公司,装备制造,其他行业丨检测/认证丨汽车研发/制造,国企,10000人以上,5千-1万·13薪,7500.0,5000.0,10000.0,False,8.922658299524402,0,0,1,0,1,1,0,0,12,会计
582,财务助理,上海,中财期货有限公司,金融,证券/期货,民营,150-500人,7-8千·13薪,7500.0,7000.0,8000.0,False,8.922658299524402,1,5,1,1,8,4,0,0,14,Excel|Word|excel|word|专业培训|会计|办公软件|软件
583,代理记账会计,上海,上海六行里信息科技有限公司,信息技术,计算机软件,民营,未标明,8千-1万·13薪,9000.0,8000.0,10000.0,False,9.104979856318357,2,1,2,0,5,3,0,0,12,会计|办公软件|税务|计算机|软件
584,销售工程师,上海,上海迈拓汽车技术有限公司,建筑地产,咨询,民营,50-150人,7千-1.2万,9500.0,7000.0,12000.0,False,9.159047077588632,0,5,2,0,7,2,0,0,15,Excel|Word|excel|word|市场营销|营销|销售
585,销售工程师,上海,上海芬创机电技术有限公司,装备制造,机械/设备/重工,合资,50-150人,6千-1万·13薪,8000.0,6000.0,10000.0,False,8.987196820661973,0,0,2,1,3,2,0,0,8,专业培训|机械|销售
586,机械销售工程师,上海,上海易勒机电设备有限公司,装备制造,机械/设备/重工,民营,少于50人,6千-1.1万,8500.0,6000.0,11000.0,False,9.047821442478408,0,0,2,0,2,1,0,0,0,机械|销售
587,机械销售工程师（招应届生）,上海,上海福思特流体机械有限公司,装备制造,机械/设备/重工丨仪器仪表/工业自动化,民营,150-500人,6千-1.2万,9000.0,6000.0,12000.0,False,9.104979856318357,0,1,4,1,6,3,0,1,20,专业培训|客户关系|市场推广|机械|自动化|销售
588,销售工程师,上海,上海恩斯凯投资（集团）有限公司,商贸服务,批发/零售,民营,150-500人,6千-1万·13薪,8000.0,6000.0,10000.0,False,8.987196820661973,0,0,3,0,3,1,0,0,7,机械|销售|零售
589,空压机销售工程师,上海,德耐尔节能科技（上海）股份有限公司,装备制造,机械/设备/重工,未标明,150-500人,7.5千-1万·13薪,8750.0,7500.0,10000.0,False,9.07680897935166,0,0,2,1,3,2,0,0,15,专业培训|机械|销售
590,销售工程师,上海,上海真空泵厂有限公司,装备制造,机械/设备/重工,民营,50-150人,6千-1.2万,9000.0,6000.0,12000.0,False,9.104979856318357,0,1,3,0,4,2,0,0,10,市场调研|机械|维护|销售
591,销售工程师,上海,上海神众智能科技有限公司,建筑地产,电气/电力/水利,民营,50-150人,6千-1.2万,9000.0,6000.0,12000.0,False,9.104979856318357,0,0,1,0,1,1,0,0,0,销售
592,销售工程师（液压相关）,上海,上海翊众流体技术有限公司,石油化工,石油/化工/矿产/地质,民营,少于50人,9千-1.3万·13薪,11000.0,9000.0,13000.0,False,9.305650551780507,1,0,3,2,6,3,0,0,19,CAD|内部培训|化工|晋升|机械|销售
593,销售工程师,上海,上海华明电力设备制造有限公司,装备制造,机械/设备/重工,民营,500-1000人,13-15万/年,81500.0,13000.0,150000.0,False,11.308358299228955,0,0,2,1,3,2,0,0,15,专业培训|机械|销售
594,技术销售工程师,上海,上海牧晨电子技术有限公司,装备制造,仪器仪表/工业自动化丨环保,民营,少于50人,5千-1万,7500.0,5000.0,10000.0,False,8.922658299524402,0,1,3,0,4,2,0,0,10,机械|沟通|自动化|销售
595,销售工程师（同步带）,上海,上海永利带业股份有限公司,装备制造,原材料和加工丨机械/设备/重工丨仪器仪表/工业自动化,未标明,500-1000人,8千-1.5万,11500.0,8000.0,15000.0,False,9.350102314351341,0,0,4,1,5,2,0,0,10,专业培训|机械|材料|自动化|销售
596,销售工程师,上海,上海台轩机电有限公司,装备制造,机械/设备/重工丨贸易/进出口,民营,50-150人,8千-1万,9000.0,8000.0,10000.0,False,9.104979856318357,0,0,2,0,2,1,0,0,7,机械|销售
597,机械销售工程师,上海,罗色（上海）电子科技有限公司,装备制造,机械/设备/重工,创业公司,少于50人,10-20万/年,105000.0,10000.0,200000.0,False,11.56171562913966,0,1,3,0,4,2,0,0,10,机械|沟通|维护|销售
598,销售专员（可晋升管理）,上海,浙江东海减速机有限公司,装备制造,机械/设备/重工,民营,150-500人,6千-1.2万,9000.0,6000.0,12000.0,False,9.104979856318357,0,0,2,3,5,2,0,0,25,专业培训|晋升|晋升通道|机械|销售
599,销售工程师,上海,上海恩斯凯投资（集团）有限公司,商贸服务,批发/零售,民营,150-500人,6-8千·13薪,7000.0,6000.0,8000.0,False,8.85366542803745,0,1,4,0,5,2,0,0,20,售后|沟通|营销|销售|零售
600,销售工程师/区域销售工程师,上海,上海埃意自动控制系统有限公司,装备制造,机械/设备/重工,民营,50-150人,6千-1.2万,9000.0,6000.0,12000.0,False,9.104979856318357,0,0,2,0,2,1,0,0,4,机械|销售
601,机械销售工程师,上海,上海上电电机股份有限公司,装备制造,机械/设备/重工,未标明,150-500人,1-2万,10500.0,1000.0,20000.0,False,9.259130536145614,0,0,2,1,3,2,0,0,18,机械|理工科|销售
602,销售工程师,上海,上海剑平动平衡机制造有限公司,装备制造,仪器仪表/工业自动化,民营,150-500人,7千-1万,8500.0,7000.0,10000.0,False,9.047821442478408,0,2,4,0,6,2,0,0,23,客户关系|市场营销|机械|自动化|营销|销售
603,销售工程师,上海,上海民诺机械有限公司,装备制造,机械/设备/重工,民营,150-500人,8千-1.3万,10500.0,8000.0,13000.0,False,9.259130536145614,0,0,3,1,4,2,0,0,23,专业培训|化工|机械|销售
604,设备销售工程师,上海,旭增（上海）商贸有限公司,装备制造,机械/设备/重工,未标明,少于50人,20-30万/年,160000.0,20000.0,300000.0,False,11.982929094215963,0,1,3,1,5,3,0,0,25,专业培训|客户关系|机械|维修|销售
605,销售代表—工业用户,上海,上海默尔森机械有限公司,装备制造,批发/零售,民营,少于50人,6-8千,7000.0,6000.0,8000.0,False,8.85366542803745,0,0,3,1,4,2,0,0,9,晋升|机械|销售|零售
606,汽车销售顾问（应届生/实习生）,上海,上海祺宝汽车销售服务有限公司,装备制造,批发/零售丨4S店/车后市场丨新媒体,未标明,50-150人,6千-1.2万,9000.0,6000.0,12000.0,False,9.104979856318357,0,0,3,3,6,2,0,2,18,专业培训|实习|技能培训|运营|销售|零售
607,销售工程师（应届生）,上海,上海源冠自控设备有限公司,装备制造,机械/设备/重工,民营,50-150人,6-9千·13薪,7500.0,6000.0,9000.0,False,8.922658299524402,0,0,2,2,4,2,0,1,15,专业培训|发展空间|机械|销售
608,造船厂销售工程师,上海,易格斯（上海）拖链系统有限公司,装备制造,机械/设备/重工丨仪器仪表/工业自动化,未标明,500-1000人,8千-1.4万·13薪,11000.0,8000.0,14000.0,False,9.305650551780507,1,1,4,1,7,4,0,0,20,CAD|专业培训|客户关系|机械|维护|自动化|销售
609,销售工程师,上海,上海盛普流体设备股份有限公司,装备制造,机械/设备/重工,民营,150-500人,6千-1万,8000.0,6000.0,10000.0,False,8.987196820661973,0,0,2,1,3,2,0,0,9,专业培训|机械|销售
610,机械销售工程师,上海,上海轻良实业有限公司,装备制造,机械/设备/重工,民营,150-500人,8-9千·15薪,8500.0,8000.0,9000.0,False,9.047821442478408,1,1,4,2,8,4,0,0,11,晋升|晋升通道|机械|机械设计|维护|英语|软件|销售
611,轴承销售/销售代表/大客户销售,上海,上海恩斯凯投资（集团）有限公司,商贸服务,批发/零售,民营,150-500人,6.5千-1万,8250.0,6500.0,10000.0,False,9.017968479328726,0,0,3,0,3,1,0,0,7,机械|销售|零售
612,空压机大客户销售,上海,德耐尔节能科技（上海）股份有限公司,装备制造,机械/设备/重工,未标明,150-500人,8千-1.2万·13薪,10000.0,8000.0,12000.0,False,9.210340371976184,0,0,2,1,3,2,0,0,15,专业培训|机械|销售
613,机械销售工程师,上海,奥影检测科技（上海）有限公司,装备制造,仪器仪表/工业自动化,民营,少于50人,6.5千-1.3万,9750.0,6500.0,13000.0,False,9.185022563991893,2,0,3,2,7,3,0,0,15,专业培训|数据分析|机械|测试|理工科|自动化|销售
614,销售工程师（国内市场）,上海,上海环势机械科技有限公司,装备制造,机械/设备/重工,民营,50-150人,7千-1.4万·13薪,10500.0,7000.0,14000.0,False,9.259130536145614,0,0,3,1,4,2,0,0,14,专业培训|机械|维护|销售
615,销售工程师,上海,茨格砝特电气科技（上海）有限公司,装备制造,仪器仪表/工业自动化,民营,50-150人,7千-1.2万,9500.0,7000.0,12000.0,False,9.159047077588632,0,3,4,0,7,2,0,0,13,协作|团队协作|客户关系|市场推广|维护|自动化|销售
616,销售工程师,上海,上海科先企业发展（集团）有限公司,装备制造,机械/设备/重工,民营,50-150人,12-24万/年,126000.0,12000.0,240000.0,False,11.744037185933616,0,0,2,0,2,1,0,0,3,机械|销售
617,销售工程师,上海,上海爱舍意科技有限公司,装备制造,机械/设备/重工,民营,50-150人,6千-1万,8000.0,6000.0,10000.0,False,8.987196820661973,1,2,2,1,6,4,0,0,15,专业培训|客户关系|机械|策划|软件|销售
618,销售工程师,上海,上海楚能工业过滤系统有限公司,装备制造,机械/设备/重工,民营,50-150人,1-1.5万,8000.0,1000.0,15000.0,False,8.987196820661973,0,1,3,2,6,3,0,0,25,客户关系|晋升|晋升通道|机械|维护|销售
619,区域销售工程师,上海,上海昱盟自动化设备科技有限公司,装备制造,机械/设备/重工,民营,50-150人,8千-1.5万·13薪,11500.0,8000.0,15000.0,False,9.350102314351341,0,0,3,0,3,1,0,0,12,机械|自动化|销售
620,销售工程师,上海,纳维加特（上海）筛分技术有限公司,装备制造,机械/设备/重工,民营,50-150人,6千-1.1万,8500.0,6000.0,11000.0,False,9.047821442478408,0,0,2,0,2,1,0,0,0,机械|销售
621,销售工程师（初级）,上海,上海必添吉系统设备有限公司,装备制造,机械/设备/重工丨贸易/进出口,民营,少于50人,9.6-14万/年,74800.0,9600.0,140000.0,False,11.222573163962569,0,1,5,1,7,3,0,0,17,专业培训|市场推广|市场营销|机械|自动化|营销|销售
622,销售（应届生）,上海,模士登（上海）智能科技有限公司,信息技术,计算机软件,民营,50-150人,5千-1万,7500.0,5000.0,10000.0,False,8.922658299524402,2,2,2,1,7,4,0,1,14,专业培训|市场营销|沟通|营销|计算机|软件|销售
623,销售工程师,上海,上海涟屹轴承科技有限公司,装备制造,机械/设备/重工,民营,50-150人,7-9千,8000.0,7000.0,9000.0,False,8.987196820661973,0,1,6,2,9,3,0,0,24,专业培训|售后|市场推广|市场营销|机械|理工科|自动化|营销|销售
624,销售工程师,上海,上海宝业机电科技有限公司,装备制造,机械/设备/重工丨仪器仪表/工业自动化丨船舶/航空/航天,民营,50-150人,8千-1万,9000.0,8000.0,10000.0,False,9.104979856318357,0,0,3,0,3,1,0,0,8,机械|自动化|销售
625,销售工程师,上海,上海本希机电科技有限公司,装备制造,机械/设备/重工,民营,少于50人,10-20万/年,105000.0,10000.0,200000.0,False,11.56171562913966,0,2,5,1,8,3,0,0,16,专业培训|客户关系|市场营销|机械|维护|自动化|营销|销售
626,销售工程师,上海,上海史必诺物流设备有限公司,装备制造,机械/设备/重工,民营,150-500人,8千-1.2万,10000.0,8000.0,12000.0,False,9.210340371976184,0,0,3,1,4,2,0,0,12,专业培训|机械|物流|销售
627,销售工程师,上海,上海扬诺锅炉制造有限公司,装备制造,机械/设备/重工,民营,50-150人,8千-1.5万,11500.0,8000.0,15000.0,False,9.350102314351341,0,0,3,1,4,2,0,0,14,专业培训|机械|维护|销售
628,客户专员（技术向）-有外勤和出差,上海,立全国际贸易（上海）有限公司,装备制造,贸易/进出口丨仪器仪表/工业自动化,未标明,少于50人,6-8千,7000.0,6000.0,8000.0,False,8.85366542803745,0,1,2,0,3,2,0,0,13,客户关系|维护|自动化
629,销售工程师,上海,上海霍桐实验仪器有限公司,装备制造,仪器仪表/工业自动化,民营,50-150人,8千-1.2万,10000.0,8000.0,12000.0,False,9.210340371976184,0,0,2,1,3,2,0,0,4,专业培训|自动化|销售
630,技术销售工程师,上海,上海翊众流体技术有限公司,石油化工,石油/化工/矿产/地质,民营,少于50人,9千-1.3万·13薪,11000.0,9000.0,13000.0,False,9.305650551780507,0,1,5,2,8,3,0,0,25,内部培训|化工|客户关系|晋升|机械|机械设计|维护|销售
631,销售专员（机械类）,上海,奎特（上海）机电科技有限公司,装备制造,机械/设备/重工丨仪器仪表/工业自动化,民营,少于50人,7.5千-1.2万,9750.0,7500.0,12000.0,False,9.185022563991893,0,0,3,0,3,1,0,0,10,机械|自动化|销售
632,销售工程师  工业管接件,上海,上海翊众流体技术有限公司,装备制造,石油/化工/矿产/地质,民营,少于50人,9千-1.3万·13薪,11000.0,9000.0,13000.0,False,9.305650551780507,0,0,2,1,3,2,0,0,10,专业培训|化工|销售
633,销售工程师,上海,优华金属材料（上海）有限公司,装备制造,机械/设备/重工,未标明,少于50人,6千-1.2万,9000.0,6000.0,12000.0,False,9.104979856318357,0,1,3,0,4,2,0,0,11,客户关系|机械|材料|销售
634,销售工程师,上海,上海尚毅测控技术有限公司,装备制造,仪器仪表/工业自动化,民营,少于50人,10-15万/年,80000.0,10000.0,150000.0,False,11.289781913656018,0,0,4,1,5,2,0,0,23,专业培训|数控|机械|自动化|销售
635,销售工程师,上海,上海北测在兴技术有限公司,建筑地产,检测/认证,民营,50-150人,5千-1万,7500.0,5000.0,10000.0,False,8.922658299524402,0,0,1,1,2,2,0,0,5,专业培训|销售
636,化工操作工,上海,上海汉司实业有限公司,石油化工,化工,民营,150-500人,4.2-8千·13薪,6100.0,4200.0,8000.0,False,8.716044050161402,0,0,1,1,2,2,0,0,12,专业培训|化工
637,聚烯烃操作工,上海,朴烯晶新能源材料（上海）有限公司,石油化工,石油/石化丨化工,民营,150-500人,8千-1万·14薪,9000.0,8000.0,10000.0,False,9.104979856318357,0,0,3,0,3,1,0,0,16,化工|新能源|材料
638,化工操作工,上海,上海华谊新材料有限公司,石油化工,化工,国企,150-500人,6-8千·13薪,7000.0,6000.0,8000.0,False,8.85366542803745,0,0,2,0,2,1,0,0,14,化工|材料
639,化工操作工,上海,顺路（上海）新材料有限公司,石油化工,化工,合资,50-150人,6-7千·13薪,6500.0,6000.0,7000.0,False,8.779557455883728,0,0,2,0,2,1,0,0,6,化工|材料
640,化工操作工,上海,科凯精细化工（上海）有限公司,石油化工,化工,未标明,50-150人,6-8千·13薪,7000.0,6000.0,8000.0,False,8.85366542803745,0,0,1,0,1,1,0,0,14,化工
641,化工操作工,上海,上海帝润油脂化工有限公司,石油化工,化工,民营,少于50人,6-8千·13薪,7000.0,6000.0,8000.0,False,8.85366542803745,0,0,1,0,1,1,0,0,10,化工
642,化工操作,上海,东邦化学（上海）有限公司,石油化工,化工,未标明,50-150人,5-6.5千,5750.0,5000.0,6500.0,False,8.656955133791396,0,0,2,0,2,1,0,0,10,化学|化工
643,化工操作工,上海,上海沪正实业有限公司,石油化工,原材料和加工丨化工,民营,50-150人,6-8千,7000.0,6000.0,8000.0,False,8.85366542803745,0,0,3,2,5,2,0,0,14,专业培训|化学|化工|晋升|材料
644,生产操作工,上海,上海赛科石油化工有限责任公司,石油化工,化工丨石油/石化,合资,1000-5000人,6-8千,7000.0,6000.0,8000.0,False,8.85366542803745,0,0,1,0,1,1,0,0,8,化工
645,生产操作工,上海,彤程化学（中国）有限公司,石油化工,石油/石化丨化工,未标明,150-500人,6.5-8千·14薪,7250.0,6500.0,8000.0,False,8.88875674784872,0,0,2,0,2,1,0,0,14,化学|化工
646,操作工（大宗气）,上海,上海启元气体发展有限公司,装备制造,机械/设备/重工,合资,50-150人,6千-1万,8000.0,6000.0,10000.0,False,8.987196820661973,0,0,2,1,3,2,0,0,20,专业培训|化工|机械
647,化工生产操作工,上海,上海邦高化学有限公司,石油化工,化工,民营,50-150人,4-6千,5000.0,4000.0,6000.0,False,8.517193191416238,0,0,2,0,2,1,0,0,1,化学|化工
648,化工操作工,上海,上海乘鹰新材料有限公司,石油化工,石油/化工/矿产/地质,民营,150-500人,7-8千,7500.0,7000.0,8000.0,False,8.922658299524402,0,0,2,0,2,1,0,0,7,化工|材料
649,化工操作工,上海,中轻日化科技有限公司,石油化工,原材料和加工,国企,50-150人,8千-1万,9000.0,8000.0,10000.0,False,9.104979856318357,0,0,2,1,3,2,0,0,8,专业培训|化工|材料
650,化工操作工,上海,上海炼升化工股份有限公司,石油化工,化工,民营,50-150人,6-8千,7000.0,6000.0,8000.0,False,8.85366542803745,0,0,1,1,2,2,0,0,7,专业培训|化工
651,化工操作工-外操,上海,上海洁达尼龙材料有限公司,石油化工,化工丨石油/石化,民营,50-150人,9千-1.4万,11500.0,9000.0,14000.0,False,9.350102314351341,0,0,3,1,4,2,0,0,15,专业培训|化工|材料|维护
652,操作工,上海,上海保立佳化工股份有限公司,石油化工,化工,未标明,500-1000人,7-9千,8000.0,7000.0,9000.0,False,8.987196820661973,0,0,3,0,3,1,0,0,12,化工|数控|机械
653,化学操作工,上海,上海沪正实业有限公司,石油化工,原材料和加工丨化工,民营,50-150人,7-9千,8000.0,7000.0,9000.0,False,8.987196820661973,0,0,3,0,3,1,0,0,9,化学|化工|材料
654,DCS操作工,上海,上海东睿新材料股份有限公司,石油化工,化工丨制药/生物工程,民营,50-150人,6千-1万,8000.0,6000.0,10000.0,False,8.987196820661973,0,0,2,1,3,2,0,0,7,专业培训|化工|材料
655,化工工艺操作员,上海,上海国钥匠造科技有限公司,石油化工,制药/生物工程,民营,50-150人,8千-1.2万,10000.0,8000.0,12000.0,False,9.210340371976184,0,0,1,1,2,2,0,0,16,专业培训|化工
656,操作工（精细化工）,上海,安集微电子科技（上海）股份有限公司,石油化工,化工,未标明,500-1000人,6-9千,7500.0,6000.0,9000.0,False,8.922658299524402,0,0,1,1,2,2,0,0,15,专业培训|化工
657,化工操作工,上海,上海天璐化工有限公司,石油化工,批发/零售,民营,少于50人,7-8千,7500.0,7000.0,8000.0,False,8.922658299524402,0,0,2,0,2,1,0,0,0,化工|零售
658,化工操作工,上海,上海奥威日化有限公司,石油化工,化工丨新能源,民营,50-150人,7-9千,8000.0,7000.0,9000.0,False,8.987196820661973,0,0,2,0,2,1,0,0,1,化工|新能源
659,普工操作工,上海,上海新阳半导体材料股份有限公司,信息技术,化工丨电子/半导体/集成电路,民营,500-1000人,7-9千·14薪,8000.0,7000.0,9000.0,False,8.987196820661973,0,0,3,0,3,1,0,0,11,化工|材料|自动化
660,DCS操作员,上海,上海帝润油脂化工有限公司,石油化工,化工,民营,少于50人,8千-1万·13薪,9000.0,8000.0,10000.0,False,9.104979856318357,0,0,1,0,1,1,0,0,7,化工
661,聚合工厂操作工-金山漕泾,上海,赢创特种化学（上海）有限公司,石油化工,化工,未标明,10000人以上,,,,,False,,0,0,2,0,2,1,0,0,6,化学|化工
662,化工操作工,上海,华界化学（上海）有限公司,石油化工,化工,民营,未标明,6.2-7.2千,6700.0,6200.0,7200.0,False,8.809862805379057,0,0,2,1,3,2,0,0,14,专业培训|化学|化工
663,操作工,上海,液化空气（中国）投资有限公司,石油化工,化工丨石油/石化丨新能源,未标明,1000-5000人,7-9千·14薪,8000.0,7000.0,9000.0,False,8.987196820661973,0,0,2,1,3,2,0,0,12,专业培训|化工|新能源
664,化工操作工,上海,立邦涂料（中国）有限公司,石油化工,化工,未标明,500-1000人,7-9千,8000.0,7000.0,9000.0,False,8.987196820661973,0,0,1,1,2,2,0,0,14,专业培训|化工
665,化工操作工,上海,四川达威科技股份有限公司,石油化工,化工,未标明,500-1000人,6-8千·13薪,7000.0,6000.0,8000.0,False,8.85366542803745,1,1,1,0,3,3,0,0,7,化工|数据统计|现场管理
666,储运操作岗,上海,中化东方上海石化储运有限公司,商贸服务,货运/物流/仓储,国企,50-150人,8.5-9.5千,9000.0,8500.0,9500.0,False,9.104979856318357,0,0,1,1,2,2,0,0,8,专业培训|物流
667,生产培训生-2026年应届,上海,彤程化学（中国）有限公司,石油化工,石油/石化丨化工,未标明,150-500人,6-8千·14薪,7000.0,6000.0,8000.0,False,8.85366542803745,0,0,2,1,3,2,0,2,4,专业培训|化学|化工
668,化工操作工-内操,上海,上海洁达尼龙材料有限公司,石油化工,化工丨石油/石化,民营,50-150人,1-1.5万,8000.0,1000.0,15000.0,False,8.987196820661973,1,0,2,1,4,3,0,0,21,专业培训|化工|数据分析|材料
669,操作工 Operator,上海,罗姆化学（上海）有限公司,石油化工,化工,未标明,150-500人,,,,,False,,0,0,2,0,2,1,0,0,0,化学|化工
670,后备干部,上海,上海申星化工有限公司,石油化工,石油/化工/矿产/地质,合资,150-500人,1-1.5万·13薪,8000.0,1000.0,15000.0,False,8.987196820661973,0,0,1,1,2,2,0,0,4,专业培训|化工
671,操作工(奉贤),上海,上海汉司实业有限公司,石油化工,化工,民营,150-500人,5.3-8千·13薪,6650.0,5300.0,8000.0,False,8.8023721336499,0,0,1,1,2,2,0,0,12,专业培训|化工
672,反应岗及废水单元操作人员,上海,上海浦景化工技术股份有限公司,石油化工,化工,民营,50-150人,6千-1万·13薪,8000.0,6000.0,10000.0,False,8.987196820661973,0,0,1,0,1,1,0,0,2,化工
673,精馏操作工,上海,上海壮铭生物医药有限公司,石油化工,石油/化工/矿产/地质,民营,50-150人,5-6.5千,5750.0,5000.0,6500.0,False,8.656955133791396,0,0,1,0,1,1,0,0,7,化工
674,车间操作工,上海,上海新孚珑材料科技有限公司,石油化工,化工,民营,少于50人,7-9千,8000.0,7000.0,9000.0,False,8.987196820661973,0,0,2,1,3,2,0,0,7,专业培训|化工|材料
675,化工工艺员/技术员,上海,上海那可新材料有限公司,石油化工,化工,民营,50-150人,6-9千,7500.0,6000.0,9000.0,False,8.922658299524402,0,0,2,1,3,2,0,0,10,专业培训|化工|材料
676,DCS操作工,上海,上海康鹏科技股份有限公司,石油化工,化工,未标明,150-500人,6-9千,7500.0,6000.0,9000.0,False,8.922658299524402,0,0,1,1,2,2,0,0,9,专业培训|化工
677,整箱操作,上海,万达杰诚国际物流（北京）有限公司上海分公司,商贸服务,货运/物流/仓储,合资,150-500人,8-9千,8500.0,8000.0,9000.0,False,9.047821442478408,0,0,1,0,1,1,0,0,17,物流
678,Technical Sales Manager (Propulsion),上海,瓦锡兰维修服务（上海）有限公司,装备制造,船舶/航空/航天,未标明,500-1000人,2.5-3.5万·13薪,18750.0,2500.0,35000.0,False,9.838949031398556,0,0,1,0,1,1,0,0,10,维修
679,船舶技术工程师,上海,上海易乓乒智能科技股份有限公司,装备制造,机械/设备/重工,民营,50-150人,1-2万,10500.0,1000.0,20000.0,False,9.259130536145614,1,0,1,0,2,2,0,0,10,CAD|机械
680,船用服务工程师,远程办公,瀚濮（上海）实业有限公司,装备制造,船舶/航空/航天丨机械/设备/重工,未标明,少于50人,8千-1万,9000.0,8000.0,10000.0,False,9.104979856318357,0,0,2,0,2,1,0,0,10,机械|调试
681,船舶设计工程师,上海,上海诺友机械有限公司,装备制造,贸易/进出口丨船舶/航空/航天丨机械/设备/重工,民营,150-500人,7-8千,7500.0,7000.0,8000.0,False,8.922658299524402,0,0,3,1,4,2,0,0,23,SolidWorks|专业培训|机械|机械工程
682,船舶售后服务工程师,上海,英赫特（上海）电气有限公司,装备制造,船舶/航空/航天,未标明,1000-5000人,9千-1.5万·14薪,12000.0,9000.0,15000.0,False,9.392661928770137,0,0,1,0,1,1,0,0,13,售后
683,售后服务工程师/船舶工程师,上海,上海中船三井造船柴油机有限公司,装备制造,船舶/航空/航天,合资,500-1000人,1-2万,10500.0,1000.0,20000.0,False,9.259130536145614,0,0,1,0,1,1,0,0,7,售后
684,Commissioning Engineer船舶设备调试工程师,上海,阿法拉伐（上海）技术有限公司,装备制造,机械/设备/重工,未标明,500-1000人,1-1.2万·15薪,6500.0,1000.0,12000.0,False,8.779557455883728,0,0,2,0,2,1,0,0,3,机械|调试
685,船舶无损检测工程师,上海,上海圳达船舶工程有限公司,装备制造,机械/设备/重工,民营,少于50人,1-1.3万,7000.0,1000.0,13000.0,False,8.85366542803745,0,2,1,1,4,3,0,0,6,专业培训|口语|机械|英语
686,船舶配载,上海,华擎航运（宁波）有限公司,装备制造,货运/物流/仓储,民营,少于50人,8千-1.5万·13薪,11500.0,8000.0,15000.0,False,9.350102314351341,1,2,1,1,5,4,0,0,19,CAD|专业培训|六级|物流|英语
687,环保装备事业部-调试工程师,上海,上海船用柴油机研究所（中国船舶重工集团公司第七一一研究所）,装备制造,船舶/航空/航天,事业单位,1000-5000人,7.5千-1.2万,9750.0,7500.0,12000.0,False,9.185022563991893,0,0,1,1,2,2,0,0,16,专业培训|调试
688,船用设备技术工程师,上海,上海迪胜船舶技术服务有限公司,装备制造,机械/设备/重工,民营,少于50人,8千-1万·13薪,9000.0,8000.0,10000.0,False,9.104979856318357,0,0,1,0,1,1,0,0,2,机械
689,船舶通讯导航设备工程师,上海,奥尔斯通讯导航设备维修（上海）有限公司,装备制造,交通/运输/客运,未标明,50-150人,8千-1.5万·13薪,11500.0,8000.0,15000.0,False,9.350102314351341,0,0,1,0,1,1,0,0,7,维修
690,船舶通讯设备服务工程师（上海）,上海,裕义德科技（上海）有限公司,装备制造,贸易/进出口,未标明,50-150人,8千-1.5万,11500.0,8000.0,15000.0,False,9.350102314351341,0,0,1,1,2,2,0,0,13,专业培训|售后
691,船舶双燃料FGSS调试工程师,上海,青岛利盛泰船舶技术有限公司,装备制造,船舶/航空/航天,民营,少于50人,1.2-1.4万,7600.0,1200.0,14000.0,False,8.935903526274423,0,1,2,0,3,2,0,0,16,自动化|英语|调试
692,船舶检验工程师,上海,上海海丰信息技术有限公司,装备制造,船舶/航空/航天,未标明,500-1000人,1.3-1.5万,8150.0,1300.0,15000.0,False,9.005773206234908,0,2,1,1,4,3,0,0,17,四级|晋升|机械|英语
693,审图实习生,上海,劳氏船级社（中国）有限公司,装备制造,船舶/航空/航天,未标明,500-1000人,200元/天,4350.0,200.0,200.0,True,8.37793112408273,0,1,0,2,3,2,0,1,12,专业培训|实习|英语
694,船舶压载水处理系统调试工程师,上海,青岛利盛泰船舶技术有限公司,装备制造,船舶/航空/航天,民营,少于50人,9千-1.4万,11500.0,9000.0,14000.0,False,9.350102314351341,1,1,3,0,5,3,0,0,17,PLC|售后|自动化|英语|调试
695,船舶电气项目工程师,上海,庞特能国际贸易（上海）有限公司,装备制造,船舶/航空/航天,未标明,50-150人,9千-1.3万·13薪,11000.0,9000.0,13000.0,False,9.305650551780507,2,1,2,0,5,3,0,0,16,ERP|erp|自动化|英语|调试
696,AOG支援工程师,上海,上海吉祥航空股份有限公司,建筑地产,交通/运输/客运,民营,5000-10000人,1.3-2万,10650.0,1300.0,20000.0,False,9.273315171137572,0,2,1,1,4,3,0,0,11,专业培训|四级|维修|英语
697,技术服务工程师,远程办公,舟华（上海）环保设备有限公司,装备制造,机械/设备/重工,未标明,50-150人,10-20万/年,105000.0,10000.0,200000.0,False,11.56171562913966,0,0,2,0,2,1,0,0,11,机械|调试
698,航空电气维修工程师,上海,广州航新航空科技股份有限公司,信息技术,电子/半导体/集成电路丨船舶/航空/航天丨通信/网络设备,未标明,1000-5000人,7-9千·13薪,8000.0,7000.0,9000.0,False,8.987196820661973,0,0,1,1,2,2,0,0,9,专业培训|维修
699,海事技术专员,上海,耀旗海事咨询（上海）有限公司,商贸服务,其他专业服务,未标明,少于50人,8千-1.2万,10000.0,8000.0,12000.0,False,9.210340371976184,0,1,0,1,2,2,0,0,23,专业培训|英语
700,服务工程师-上海,上海,丹华海洋工程装备（上海）有限公司,装备制造,船舶/航空/航天,合资,50-150人,6-7千,6500.0,6000.0,7000.0,False,8.779557455883728,0,0,0,0,0,0,0,0,3,
701,船用通风项目助理（设计工作和项目管理工作）,上海,丹华海洋工程装备（上海）有限公司,装备制造,船舶/航空/航天,合资,50-150人,7千-1.2万,9500.0,7000.0,12000.0,False,9.159047077588632,0,1,0,0,1,1,0,0,4,项目管理
702,机械工程师（26届校招）,上海,柯马（上海）工程有限公司,装备制造,仪器仪表/工业自动化,未标明,1000-5000人,1-1.2万·14薪,6500.0,1000.0,12000.0,False,8.779557455883728,0,2,4,1,7,3,0,1,14,口语|机械|机械工程|机械自动化|校招|自动化|英语
703,机械机电材料工程师,远程办公,上海企盟企业管理咨询有限公司南京分公司,装备制造,企业服务,民营,少于50人,1千/天,1000.0,1000.0,1000.0,False,6.907755278982137,0,0,2,0,2,1,0,0,4,机械|材料
704,船舶审图工程师（船体结构）,上海,韩国船级社（中国）有限公司,装备制造,检测/认证,未标明,50-150人,1.5-3万,15750.0,1500.0,30000.0,False,9.66459564425378,0,1,0,1,2,2,0,0,20,专业培训|英语
705,安全服务工程师(J10022),上海,润通航运服务有限公司,装备制造,船舶/航空/航天,民营,1000-5000人,8千-1万,9000.0,8000.0,10000.0,False,9.104979856318357,0,1,0,1,2,2,0,0,13,专业培训|沟通
706,监理工程师（船舶）,上海,天海融合防务装备技术股份有限公司,装备制造,船舶/航空/航天,未标明,1000-5000人,1-1.5万,8000.0,1000.0,15000.0,False,8.987196820661973,0,0,0,1,1,1,0,0,9,专业培训
707,船舶检验师,上海,北京英华信诺海事技术咨询有限公司,装备制造,检测，认证,合资,少于50人,1-2万,10500.0,1000.0,20000.0,False,9.259130536145614,0,0,0,0,0,0,0,0,14,
708,Technical Expert 船舶技术专家,上海,威尔森船舶产品贸易（上海）有限公司,装备制造,批发/零售丨贸易/进出口,未标明,50-150人,1.5-2万·13薪,10750.0,1500.0,20000.0,False,9.28266103355581,0,0,1,1,2,2,0,0,11,专业培训|零售
709,飞机维修工程师（上海浦东）,上海,上海吉祥航空股份有限公司,建筑地产,交通/运输/客运,民营,5000-10000人,1-2万,10500.0,1000.0,20000.0,False,9.259130536145614,1,1,1,2,5,4,0,0,17,专业培训|校招|测试|维修|英语
710,Port Services Engineer 技术服务工程师（大连）,上海,威尔森船舶产品贸易（上海）有限公司,商贸服务,批发/零售丨贸易/进出口,未标明,50-150人,1-1.5万·13薪,8000.0,1000.0,15000.0,False,8.987196820661973,0,1,1,1,3,3,0,0,12,专业培训|英语|零售
711,船舶工程师,上海,上海船友航运服务有限公司,装备制造,船舶/航空/航天丨贸易/进出口,民营,150-500人,2-3万,16000.0,2000.0,30000.0,False,9.680344001221918,0,0,2,1,3,2,0,0,20,专业培训|维修|维护
712,船舶审图工程师（总体/稳性）,上海,韩国船级社（中国）有限公司,装备制造,检测/认证,未标明,50-150人,1.5-3万,15750.0,1500.0,30000.0,False,9.66459564425378,0,1,0,1,2,2,0,0,19,专业培训|英语
713,机场运维岗,上海,上海东浦人力资源有限公司,商贸服务,人力资源服务,民营,150-500人,1-1.1万,6000.0,1000.0,11000.0,False,8.699514748210191,1,1,2,0,4,3,0,0,6,人力资源|六级|机械|运维
